peptide_id,community,split,fold_id,has_noncanonical
10,3,train,2,False
11,10,train,1,False
12,1,train,0,False
13,196,train,0,True
14,5,train,4,False
15,197,train,2,False
16,16,train,1,False
36,1,train,0,False
37,5,train,4,False
38,11,train,0,True
51,11,train,0,True
52,5,train,4,False
55,5,train,4,False
57,21,train,0,False
73,11,train,0,True
77,0,test,,True
79,0,test,,False
80,0,test,,False
82,0,test,,True
83,0,test,,False
84,0,test,,False
85,0,test,,False
87,0,test,,True
88,0,test,,False
89,0,test,,False
92,0,test,,True
93,0,test,,False
94,0,test,,False
98,0,test,,False
99,0,test,,False
102,5,train,4,False
103,0,test,,False
104,3,train,2,False
105,4,train,3,True
106,4,train,3,True
107,0,test,,False
108,0,test,,False
109,0,test,,False
111,5,train,4,False
112,0,test,,False
113,0,test,,False
115,0,test,,False
116,0,test,,False
117,0,test,,False
121,1,train,0,False
123,1,train,0,False
125,1,train,0,False
126,1,train,0,False
129,3,train,2,False
130,3,train,2,False
131,3,train,2,False
132,4,train,3,True
133,198,train,1,True
134,4,train,3,True
135,4,train,3,True
136,0,test,,True
137,0,test,,True
138,0,test,,True
139,0,test,,True
142,3,train,2,False
144,3,train,2,False
146,3,train,2,False
160,6,train,4,False
165,12,train,3,False
166,12,train,3,False
167,12,train,3,False
168,12,train,3,False
169,12,train,3,False
170,12,train,3,False
171,12,train,3,False
172,12,train,3,False
173,12,train,3,False
174,12,train,3,False
175,12,train,3,False
176,12,train,3,False
177,12,train,3,False
178,12,train,3,False
179,12,train,3,False
180,12,train,3,False
181,12,train,3,False
182,10,train,1,False
183,10,train,1,False
184,12,train,3,False
185,12,train,3,False
186,12,train,3,False
187,12,train,3,False
188,6,train,4,False
189,2,train,1,False
190,2,train,1,False
191,2,train,1,False
192,3,train,2,False
193,3,train,2,False
194,3,train,2,False
195,32,train,0,False
197,0,test,,False
203,0,test,,True
208,0,test,,True
216,0,test,,True
230,12,train,3,False
231,12,train,3,False
232,12,train,3,False
233,12,train,3,False
234,12,train,3,False
235,12,train,3,False
236,12,train,3,False
237,12,train,3,False
239,12,train,3,False
241,12,train,3,False
242,12,train,3,False
243,12,train,3,False
245,12,train,3,False
247,12,train,3,False
248,12,train,3,False
249,12,train,3,False
250,12,train,3,False
255,0,test,,True
256,0,test,,False
257,0,test,,True
260,4,train,3,False
261,4,train,3,False
263,12,train,3,False
265,12,train,3,False
266,12,train,3,False
267,12,train,3,False
268,12,train,3,False
269,12,train,3,False
270,12,train,3,False
271,12,train,3,False
272,2,train,1,False
273,2,train,1,False
274,2,train,1,False
275,2,train,1,True
278,4,train,3,False
279,4,train,3,False
280,4,train,3,False
281,1,train,0,False
282,9,train,2,False
283,9,train,2,False
284,18,test,,False
286,1,train,0,False
287,1,train,0,False
288,1,train,0,False
289,1,train,0,False
290,1,train,0,False
291,0,test,,False
292,4,train,3,False
293,12,train,3,False
294,1,train,0,False
295,12,train,3,False
296,1,train,0,False
297,0,test,,False
298,1,train,0,False
299,1,train,0,False
300,1,train,0,False
301,1,train,0,False
302,1,train,0,False
303,1,train,0,False
305,12,train,3,False
306,1,train,0,False
307,1,train,0,False
308,12,train,3,False
309,4,train,3,False
311,1,train,0,False
312,1,train,0,False
313,4,train,3,False
314,1,train,0,False
315,1,train,0,False
316,9,train,2,False
317,9,train,2,False
318,9,train,2,False
319,9,train,2,False
320,9,train,2,False
321,0,test,,False
322,0,test,,False
323,0,test,,False
324,0,test,,False
326,0,test,,False
336,48,train,0,False
337,48,train,0,False
339,48,train,0,False
340,48,train,0,False
341,48,train,0,False
342,48,train,0,False
343,199,train,0,False
345,80,test,,False
346,22,train,3,False
347,6,train,4,False
348,6,train,4,False
349,6,train,4,False
350,6,train,4,False
351,200,test,,False
352,201,train,2,False
353,6,train,4,False
354,0,test,,False
355,0,test,,False
356,0,test,,False
357,0,test,,False
358,0,test,,False
359,1,train,0,False
360,1,train,0,False
361,32,train,0,False
362,32,train,0,False
363,32,train,0,False
364,32,train,0,False
365,32,train,0,False
366,32,train,0,False
367,32,train,0,False
368,32,train,0,False
369,32,train,0,False
370,32,train,0,False
371,32,train,0,False
447,12,train,3,False
463,0,test,,False
464,0,test,,False
465,2,train,1,False
466,0,test,,False
467,0,test,,False
468,0,test,,False
469,0,test,,False
475,0,test,,False
477,0,test,,False
478,0,test,,False
479,0,test,,False
480,0,test,,False
481,4,train,3,False
482,0,test,,False
483,0,test,,True
484,4,train,3,False
485,0,test,,False
486,0,test,,False
487,0,test,,False
490,202,train,3,False
491,6,train,4,False
492,6,train,4,False
493,6,train,4,False
494,2,train,1,False
498,0,test,,False
499,5,train,4,False
502,5,train,4,False
503,5,train,4,False
506,7,test,,False
507,203,train,2,True
511,11,train,0,False
513,4,train,3,False
515,4,train,3,True
517,4,train,3,False
519,4,train,3,True
531,43,test,,True
532,43,test,,True
533,43,test,,True
535,6,train,4,False
536,1,train,0,False
538,43,test,,True
539,43,test,,True
540,151,train,2,True
541,43,test,,True
542,43,test,,True
546,151,train,2,True
547,43,test,,True
548,43,test,,True
549,43,test,,True
550,152,train,4,False
551,43,test,,True
552,43,test,,True
553,43,test,,True
554,43,test,,True
555,43,test,,True
556,43,test,,True
557,152,train,4,False
561,5,train,4,False
564,18,test,,False
565,1,train,0,False
566,18,test,,False
569,10,train,1,False
570,10,train,1,False
571,10,train,1,False
572,10,train,1,False
573,10,train,1,False
606,5,train,4,False
609,5,train,4,False
611,5,train,4,False
616,5,train,4,False
619,0,test,,False
621,6,train,4,False
622,6,train,4,False
623,6,train,4,False
624,6,train,4,False
626,16,train,1,False
627,7,test,,False
628,1,train,0,False
629,1,train,0,False
632,7,test,,False
633,7,test,,False
635,7,test,,False
636,7,test,,False
637,7,test,,False
638,7,test,,False
639,7,test,,False
640,7,test,,False
641,7,test,,False
642,7,test,,False
643,7,test,,False
644,7,test,,False
645,7,test,,False
646,7,test,,False
649,204,train,4,False
651,7,test,,False
652,95,train,3,False
653,7,test,,False
654,7,test,,False
655,7,test,,False
656,7,test,,False
657,95,train,3,False
659,10,train,1,False
660,5,train,4,False
661,5,train,4,False
662,5,train,4,False
663,7,test,,False
664,7,test,,False
665,7,test,,False
666,7,test,,False
667,7,test,,False
668,7,test,,False
669,7,test,,False
670,7,test,,False
671,7,test,,False
672,22,train,3,False
675,22,train,3,False
676,22,train,3,False
681,10,train,1,False
683,22,train,3,False
690,1,train,0,False
691,9,train,2,False
692,0,test,,False
693,9,train,2,False
694,205,train,1,False
695,9,train,2,False
698,10,train,1,False
699,5,train,4,False
700,5,train,4,False
701,5,train,4,False
703,5,train,4,False
704,5,train,4,False
705,5,train,4,False
707,3,train,2,False
708,3,train,2,False
709,15,test,,False
710,2,train,1,False
711,2,train,1,False
712,2,train,1,False
713,2,train,1,False
714,3,train,2,False
715,15,test,,False
716,38,train,4,False
717,4,train,3,False
719,21,train,0,False
720,7,test,,True
723,7,test,,False
725,7,test,,False
732,53,train,2,False
733,53,train,2,True
734,29,train,1,False
742,53,train,2,False
755,29,train,1,False
756,29,train,1,False
757,29,train,1,False
758,1,train,0,False
759,82,train,4,False
763,1,train,0,False
764,8,train,3,False
766,8,train,3,False
773,10,train,1,False
774,10,train,1,False
775,10,train,1,False
776,10,train,1,False
777,10,train,1,False
778,2,train,1,False
779,1,train,0,False
780,1,train,0,False
806,10,train,1,False
814,22,train,3,True
815,22,train,3,True
816,8,train,3,False
817,8,train,3,False
818,10,train,1,False
821,10,train,1,False
822,8,train,3,False
823,19,train,2,False
832,1,train,0,False
833,1,train,0,False
834,1,train,0,False
835,1,train,0,False
836,11,train,0,True
837,11,train,0,True
838,11,train,0,True
839,1,train,0,False
840,11,train,0,True
841,1,train,0,False
842,1,train,0,False
843,1,train,0,False
844,1,train,0,False
845,13,train,2,False
846,13,train,2,False
847,7,test,,False
850,31,train,0,False
851,31,train,0,True
852,31,train,0,False
853,31,train,0,False
854,31,train,0,False
855,31,train,0,False
857,31,train,0,False
860,11,train,0,True
862,11,train,0,True
863,11,train,0,True
865,31,train,0,False
866,31,train,0,False
867,31,train,0,False
868,31,train,0,False
869,31,train,0,False
872,8,train,3,False
873,8,train,3,False
874,8,train,3,False
875,8,train,3,False
876,8,train,3,False
877,8,train,3,False
878,8,train,3,False
879,8,train,3,False
880,8,train,3,False
881,8,train,3,False
883,8,train,3,False
884,8,train,3,False
885,8,train,3,False
886,0,test,,False
887,8,train,3,False
888,8,train,3,False
889,8,train,3,False
890,8,train,3,False
891,3,train,2,False
892,2,train,1,False
893,2,train,1,False
894,2,train,1,False
895,3,train,2,False
896,3,train,2,False
897,3,train,2,False
898,3,train,2,False
899,0,test,,False
900,0,test,,True
901,0,test,,False
902,0,test,,False
903,0,test,,False
904,12,train,3,False
910,0,test,,False
915,0,test,,False
916,13,train,2,False
917,8,train,3,False
918,16,train,1,False
919,8,train,3,False
921,10,train,1,False
922,10,train,1,False
926,7,test,,False
927,7,test,,False
928,7,test,,False
929,10,train,1,False
930,10,train,1,False
931,10,train,1,False
932,10,train,1,False
933,10,train,1,False
934,10,train,1,False
935,10,train,1,False
936,10,train,1,False
937,10,train,1,False
938,10,train,1,False
939,10,train,1,False
941,0,test,,False
942,7,test,,False
943,0,test,,False
944,0,test,,False
945,0,test,,False
946,0,test,,False
947,10,train,1,False
948,12,train,3,False
951,6,train,4,False
952,6,train,4,False
953,6,train,4,False
954,3,train,2,False
956,206,test,,False
957,3,train,2,False
958,3,train,2,False
959,3,train,2,False
961,3,train,2,False
962,3,train,2,False
963,3,train,2,False
964,10,train,1,False
966,10,train,1,False
968,1,train,0,False
969,1,train,0,False
970,1,train,0,False
971,1,train,0,False
972,1,train,0,False
973,1,train,0,False
979,207,train,4,False
988,1,train,0,False
989,13,train,2,False
990,16,train,1,False
991,5,train,4,False
995,24,test,,False
996,24,test,,False
997,24,test,,False
998,5,train,4,False
999,12,train,3,False
1000,1,train,0,False
1001,1,train,0,False
1002,1,train,0,False
1003,24,test,,False
1004,24,test,,False
1005,1,train,0,False
1006,1,train,0,False
1007,1,train,0,False
1008,1,train,0,False
1009,16,train,1,False
1010,13,train,2,False
1013,16,train,1,False
1014,7,test,,False
1016,7,test,,False
1017,7,test,,False
1019,13,train,2,False
1020,16,train,1,False
1021,208,train,4,False
1022,1,train,0,False
1023,1,train,0,False
1024,7,test,,False
1026,6,train,4,False
1027,12,train,3,False
1030,0,test,,False
1031,0,test,,False
1032,125,train,3,True
1033,153,train,0,True
1034,125,train,3,True
1035,153,train,0,True
1036,1,train,0,False
1037,1,train,0,False
1038,1,train,0,True
1039,1,train,0,True
1040,1,train,0,True
1041,1,train,0,True
1042,2,train,1,False
1045,2,train,1,False
1046,2,train,1,False
1047,2,train,1,False
1048,2,train,1,False
1050,2,train,1,False
1052,2,train,1,False
1053,2,train,1,False
1057,2,train,1,False
1058,8,train,3,False
1059,2,train,1,False
1060,2,train,1,False
1061,2,train,1,False
1062,2,train,1,False
1063,2,train,1,False
1065,2,train,1,False
1066,2,train,1,False
1067,2,train,1,False
1068,3,train,2,False
1070,3,train,2,False
1071,8,train,3,False
1072,3,train,2,False
1073,1,train,0,False
1074,9,train,2,False
1075,9,train,2,False
1076,9,train,2,False
1077,16,train,1,False
1080,209,train,2,True
1082,2,train,1,False
1083,2,train,1,False
1084,2,train,1,False
1085,2,train,1,False
1086,2,train,1,False
1087,2,train,1,False
1089,2,train,1,False
1090,2,train,1,False
1091,2,train,1,False
1092,2,train,1,False
1095,10,train,1,False
1096,10,train,1,False
1098,5,train,4,False
1099,21,train,0,False
1110,40,train,4,False
1111,25,train,2,False
1112,40,train,4,False
1114,40,train,4,False
1115,40,train,4,False
1116,40,train,4,False
1117,25,train,2,False
1118,25,train,2,False
1119,25,train,2,False
1120,25,train,2,False
1121,8,train,3,False
1122,210,train,4,False
1123,3,train,2,False
1124,11,train,0,False
1125,11,train,0,False
1126,14,train,4,True
1127,7,test,,False
1129,7,test,,False
1136,1,train,0,False
1137,1,train,0,True
1138,1,train,0,False
1139,1,train,0,False
1140,1,train,0,False
1142,9,train,2,False
1143,211,train,4,False
1156,8,train,3,False
1159,18,test,,False
1160,18,test,,False
1161,18,test,,False
1163,1,train,0,False
1164,0,test,,False
1165,0,test,,False
1166,0,test,,False
1167,0,test,,False
1168,0,test,,False
1170,9,train,2,False
1171,9,train,2,False
1172,9,train,2,False
1174,9,train,2,False
1176,9,train,2,False
1178,9,train,2,False
1179,9,train,2,False
1180,9,train,2,False
1181,9,train,2,False
1182,9,train,2,False
1183,9,train,2,False
1187,12,train,3,False
1188,12,train,3,False
1189,12,train,3,False
1190,12,train,3,False
1191,12,train,3,False
1192,12,train,3,False
1193,12,train,3,False
1194,102,train,3,False
1195,5,train,4,False
1196,102,train,3,False
1197,102,train,3,False
1198,12,train,3,False
1199,212,test,,False
1200,2,train,1,False
1201,2,train,1,False
1202,2,train,1,False
1203,2,train,1,False
1204,2,train,1,False
1216,22,train,3,False
1217,213,train,4,False
1218,214,test,,False
1219,63,train,3,False
1220,63,train,3,False
1227,24,test,,False
1228,24,test,,False
1229,24,test,,False
1230,24,test,,False
1231,3,train,2,False
1232,24,test,,False
1233,24,test,,False
1234,154,train,1,False
1235,1,train,0,False
1238,8,train,3,False
1240,5,train,4,False
1241,5,train,4,False
1244,3,train,2,False
1245,3,train,2,False
1247,3,train,2,False
1248,1,train,0,True
1251,215,train,1,False
1253,1,train,0,False
1257,1,train,0,False
1261,1,train,0,False
1263,15,test,,False
1269,4,train,3,False
1273,16,train,1,False
1275,16,train,1,False
1315,16,train,1,False
1316,16,train,1,False
1317,16,train,1,False
1318,16,train,1,False
1320,1,train,0,False
1321,1,train,0,False
1322,1,train,0,False
1323,1,train,0,False
1339,9,train,2,False
1341,0,test,,False
1342,7,test,,False
1346,7,test,,False
1352,1,train,0,False
1353,13,train,2,False
1354,13,train,2,False
1355,13,train,2,False
1356,13,train,2,False
1357,13,train,2,False
1358,13,train,2,False
1361,10,train,1,False
1362,70,train,4,False
1363,4,train,3,False
1365,4,train,3,False
1367,4,train,3,False
1368,4,train,3,False
1369,4,train,3,False
1370,4,train,3,True
1371,4,train,3,True
1372,4,train,3,False
1373,1,train,0,False
1400,2,train,1,False
1404,3,train,2,False
1409,24,test,,False
1410,1,train,0,False
1412,1,train,0,False
1413,1,train,0,False
1414,12,train,3,False
1415,12,train,3,False
1416,0,test,,False
1417,0,test,,False
1418,0,test,,False
1419,0,test,,False
1420,24,test,,False
1421,0,test,,False
1422,0,test,,False
1423,0,test,,False
1424,0,test,,False
1425,12,train,3,False
1426,0,test,,False
1427,19,train,2,False
1428,1,train,0,False
1429,1,train,0,False
1430,8,train,3,False
1431,15,test,,False
1433,8,train,3,False
1434,1,train,0,False
1435,1,train,0,False
1436,12,train,3,False
1438,10,train,1,False
1439,10,train,1,False
1440,12,train,3,False
1441,12,train,3,False
1442,12,train,3,False
1443,12,train,3,False
1444,12,train,3,True
1445,12,train,3,True
1446,12,train,3,True
1447,12,train,3,True
1448,12,train,3,True
1449,12,train,3,False
1450,12,train,3,False
1451,12,train,3,False
1452,12,train,3,False
1453,12,train,3,False
1454,12,train,3,True
1455,12,train,3,True
1456,12,train,3,True
1457,12,train,3,True
1458,12,train,3,True
1460,7,test,,False
1461,7,test,,False
1462,13,train,2,False
1463,13,train,2,False
1464,10,train,1,False
1465,3,train,2,False
1466,7,test,,False
1468,16,train,1,False
1469,16,train,1,False
1470,16,train,1,False
1471,13,train,2,False
1472,13,train,2,False
1476,155,train,1,False
1477,155,train,1,False
1478,13,train,2,False
1479,216,train,1,False
1480,16,train,1,False
1483,28,train,1,False
1484,13,train,2,False
1485,1,train,0,False
1486,1,train,0,False
1488,1,train,0,False
1489,1,train,0,False
1490,1,train,0,False
1491,13,train,2,False
1492,8,train,3,False
1493,13,train,2,False
1494,217,train,3,False
1495,13,train,2,False
1496,9,train,2,False
1498,9,train,2,False
1499,8,train,3,False
1500,9,train,2,False
1501,10,train,1,False
1503,10,train,1,False
1506,46,train,0,False
1507,218,train,3,False
1508,9,train,2,False
1509,9,train,2,False
1510,9,train,2,False
1511,9,train,2,False
1512,9,train,2,False
1513,9,train,2,False
1514,9,train,2,False
1515,9,train,2,False
1516,9,train,2,False
1519,219,train,4,False
1520,156,train,4,False
1522,220,train,3,False
1523,2,train,1,False
1524,13,train,2,False
1525,13,train,2,False
1526,13,train,2,False
1540,15,test,,False
1541,15,test,,False
1543,13,train,2,False
1545,7,test,,False
1546,5,train,4,False
1547,5,train,4,False
1549,2,train,1,False
1550,2,train,1,False
1551,2,train,1,False
1552,2,train,1,False
1553,2,train,1,False
1554,2,train,1,False
1555,2,train,1,False
1556,2,train,1,False
1557,2,train,1,False
1558,2,train,1,False
1559,2,train,1,False
1560,2,train,1,False
1561,2,train,1,False
1562,1,train,0,False
1563,5,train,4,False
1564,5,train,4,False
1565,7,test,,False
1566,7,test,,False
1567,7,test,,False
1569,16,train,1,False
1578,58,train,0,False
1579,58,train,0,False
1580,58,train,0,False
1581,58,train,0,False
1582,58,train,0,False
1583,58,train,0,False
1584,5,train,4,False
1585,5,train,4,False
1587,7,test,,False
1588,13,train,2,False
1589,13,train,2,False
1590,7,test,,False
1591,221,train,2,False
1592,16,train,1,False
1593,16,train,1,False
1594,16,train,1,False
1595,6,train,4,False
1596,1,train,0,False
1597,1,train,0,False
1598,1,train,0,False
1599,1,train,0,False
1600,1,train,0,False
1601,13,train,2,False
1602,13,train,2,False
1603,13,train,2,False
1604,13,train,2,False
1605,16,train,1,False
1606,1,train,0,False
1607,1,train,0,False
1608,1,train,0,False
1614,13,train,2,False
1615,13,train,2,False
1616,1,train,0,False
1617,1,train,0,False
1618,1,train,0,False
1619,1,train,0,False
1626,73,train,1,False
1627,73,train,1,False
1628,73,train,1,False
1629,73,train,1,False
1630,73,train,1,False
1631,9,train,2,False
1633,222,train,1,False
1635,223,train,0,False
1638,58,train,0,False
1639,2,train,1,False
1640,5,train,4,False
1641,5,train,4,False
1644,16,train,1,False
1645,16,train,1,False
1648,224,train,4,False
1651,15,test,,False
1652,7,test,,False
1661,5,train,4,False
1663,5,train,4,False
1664,5,train,4,False
1667,157,train,3,False
1668,225,train,4,False
1670,226,train,0,False
1671,6,train,4,False
1672,6,train,4,False
1673,16,train,1,False
1674,16,train,1,False
1675,16,train,1,False
1676,13,train,2,False
1677,13,train,2,False
1678,13,train,2,False
1679,7,test,,False
1680,7,test,,False
1687,101,test,,False
1688,23,train,4,True
1692,23,train,4,True
1694,23,train,4,True
1695,23,train,4,True
1696,23,train,4,True
1697,23,train,4,True
1698,23,train,4,True
1699,23,train,4,True
1700,23,train,4,True
1701,23,train,4,True
1702,23,train,4,True
1703,23,train,4,True
1704,23,train,4,True
1707,23,train,4,True
1709,23,train,4,True
1710,23,train,4,True
1712,23,train,4,True
1713,23,train,4,True
1714,23,train,4,True
1715,23,train,4,True
1718,11,train,0,False
1722,2,train,1,False
1723,2,train,1,False
1724,2,train,1,False
1725,2,train,1,False
1726,2,train,1,False
1727,2,train,1,False
1728,2,train,1,False
1729,2,train,1,False
1730,2,train,1,False
1731,2,train,1,False
1732,2,train,1,False
1733,2,train,1,False
1734,3,train,2,False
1735,3,train,2,False
1736,2,train,1,False
1737,8,train,3,False
1738,3,train,2,False
1739,2,train,1,False
1740,29,train,1,False
1741,2,train,1,False
1742,2,train,1,False
1743,2,train,1,False
1744,2,train,1,False
1745,4,train,3,False
1746,4,train,3,False
1748,6,train,4,False
1749,6,train,4,False
1750,2,train,1,False
1751,2,train,1,False
1754,2,train,1,False
1755,4,train,3,False
1758,4,train,3,False
1760,4,train,3,False
1761,4,train,3,False
1762,0,test,,False
1763,4,train,3,False
1764,2,train,1,False
1765,2,train,1,False
1766,2,train,1,False
1767,4,train,3,False
1768,4,train,3,False
1769,2,train,1,False
1770,29,train,1,False
1775,8,train,3,False
1776,8,train,3,False
1777,8,train,3,False
1778,8,train,3,False
1779,1,train,0,False
1780,10,train,1,False
1781,1,train,0,False
1782,1,train,0,True
1783,1,train,0,False
1784,1,train,0,False
1785,1,train,0,True
1786,1,train,0,True
1787,1,train,0,False
1788,1,train,0,True
1798,8,train,3,True
1799,21,train,0,False
1802,16,train,1,False
1803,13,train,2,False
1804,13,train,2,False
1805,13,train,2,False
1807,1,train,0,False
1808,7,test,,False
1809,16,train,1,False
1810,16,train,1,False
1811,16,train,1,False
1812,16,train,1,False
1813,16,train,1,False
1814,16,train,1,False
1815,13,train,2,False
1816,13,train,2,False
1817,16,train,1,False
1818,16,train,1,False
1819,16,train,1,False
1820,13,train,2,False
1822,158,test,,False
1824,1,train,0,False
1825,1,train,0,False
1826,1,train,0,True
1828,1,train,0,False
1835,1,train,0,False
1836,1,train,0,False
1837,1,train,0,False
1838,1,train,0,False
1839,1,train,0,False
1840,1,train,0,False
1841,1,train,0,False
1843,1,train,0,False
1844,1,train,0,False
1845,1,train,0,False
1853,7,test,,False
1854,227,train,2,False
1855,1,train,0,False
1857,13,train,2,False
1858,13,train,2,False
1859,7,test,,False
1860,7,test,,False
1861,7,test,,False
1862,7,test,,False
1863,7,test,,False
1864,7,test,,False
1865,7,test,,False
1866,7,test,,False
1872,13,train,2,False
1873,13,train,2,False
1874,13,train,2,False
1877,13,train,2,False
1878,13,train,2,False
1879,13,train,2,False
1880,13,train,2,False
1881,7,test,,False
1882,7,test,,False
1883,7,test,,False
1886,13,train,2,False
1887,6,train,4,False
1888,16,train,1,False
1889,16,train,1,False
1890,16,train,1,False
1891,16,train,1,False
1892,16,train,1,False
1893,13,train,2,False
1895,13,train,2,False
1897,13,train,2,False
1898,16,train,1,False
1910,10,train,1,False
1911,21,train,0,False
1912,9,train,2,False
1913,9,train,2,False
1914,9,train,2,False
1915,9,train,2,False
1916,9,train,2,False
1917,9,train,2,False
1918,9,train,2,False
1919,1,train,0,False
1923,0,test,,False
1947,7,test,,False
1948,5,train,4,False
1949,8,train,3,False
1957,228,train,4,False
1958,9,train,2,False
1959,9,train,2,False
1960,9,train,2,False
1961,2,train,1,False
1962,3,train,2,False
1963,2,train,1,False
1964,165,test,,False
1970,13,train,2,False
1971,13,train,2,False
1975,13,train,2,False
1976,13,train,2,False
1977,6,train,4,False
1978,7,test,,False
1979,16,train,1,False
1980,16,train,1,False
1981,13,train,2,False
1982,13,train,2,False
1983,8,train,3,False
1984,9,train,2,True
1985,9,train,2,True
1986,9,train,2,True
1987,229,train,2,True
1988,9,train,2,True
1989,12,train,3,True
1990,1,train,0,False
1991,1,train,0,False
1996,5,train,4,False
2001,0,test,,False
2002,1,train,0,False
2003,1,train,0,False
2004,1,train,0,False
2005,10,train,1,False
2007,6,train,4,False
2012,12,train,3,False
2013,12,train,3,False
2014,12,train,3,False
2015,19,train,2,False
2017,21,train,0,False
2018,3,train,2,False
2019,3,train,2,False
2020,3,train,2,False
2021,3,train,2,False
2022,3,train,2,False
2023,3,train,2,False
2024,3,train,2,False
2025,19,train,2,False
2026,19,train,2,False
2027,19,train,2,False
2028,8,train,3,False
2030,6,train,4,False
2031,8,train,3,False
2032,3,train,2,False
2033,8,train,3,False
2035,3,train,2,False
2036,3,train,2,False
2037,3,train,2,False
2038,3,train,2,False
2039,3,train,2,False
2040,3,train,2,False
2041,3,train,2,False
2044,5,train,4,False
2045,230,train,1,False
2046,76,train,3,False
2047,111,train,0,False
2048,231,train,0,False
2063,12,train,3,False
2090,18,test,,False
2091,18,test,,False
2092,18,test,,True
2093,18,test,,True
2095,4,train,3,True
2097,18,test,,False
2098,23,train,4,True
2099,18,test,,True
2101,18,test,,True
2102,18,test,,False
2103,18,test,,False
2104,18,test,,True
2105,18,test,,False
2111,18,test,,False
2112,18,test,,True
2113,18,test,,True
2114,18,test,,True
2117,18,test,,True
2118,18,test,,True
2119,18,test,,True
2120,18,test,,False
2122,5,train,4,False
2123,5,train,4,False
2126,7,test,,False
2127,7,test,,False
2128,7,test,,False
2129,7,test,,False
2131,18,test,,False
2132,18,test,,False
2133,18,test,,False
2134,18,test,,False
2138,8,train,3,False
2141,10,train,1,False
2142,1,train,0,True
2144,7,test,,False
2145,15,test,,False
2147,232,test,,False
2148,1,train,0,False
2150,8,train,3,False
2151,8,train,3,False
2156,10,train,1,False
2157,1,train,0,False
2158,8,train,3,False
2159,5,train,4,False
2160,5,train,4,False
2161,5,train,4,False
2162,5,train,4,False
2163,5,train,4,False
2164,5,train,4,False
2167,28,train,1,False
2168,16,train,1,False
2169,16,train,1,False
2170,13,train,2,False
2171,13,train,2,False
2172,13,train,2,False
2173,13,train,2,False
2174,13,train,2,False
2175,13,train,2,False
2176,13,train,2,False
2177,13,train,2,False
2178,13,train,2,False
2180,13,train,2,False
2181,13,train,2,False
2184,13,train,2,False
2185,13,train,2,False
2186,13,train,2,False
2189,8,train,3,False
2190,8,train,3,False
2192,15,test,,False
2193,13,train,2,False
2194,13,train,2,False
2195,16,train,1,False
2196,13,train,2,False
2197,13,train,2,False
2198,13,train,2,False
2199,13,train,2,False
2200,13,train,2,False
2201,16,train,1,False
2202,7,test,,False
2203,1,train,0,False
2204,7,test,,False
2205,7,test,,False
2206,7,test,,False
2207,1,train,0,False
2208,7,test,,False
2209,7,test,,False
2210,13,train,2,False
2211,7,test,,False
2213,13,train,2,False
2214,13,train,2,False
2215,13,train,2,False
2216,13,train,2,False
2217,16,train,1,False
2218,16,train,1,False
2219,13,train,2,False
2220,13,train,2,False
2221,16,train,1,False
2222,13,train,2,False
2223,13,train,2,False
2224,13,train,2,False
2225,1,train,0,False
2226,1,train,0,False
2227,1,train,0,False
2228,1,train,0,False
2229,19,train,2,False
2240,0,test,,False
2241,0,test,,False
2243,0,test,,False
2244,0,test,,False
2245,0,test,,False
2246,0,test,,False
2247,0,test,,False
2249,14,train,4,False
2250,1,train,0,False
2251,8,train,3,False
2252,1,train,0,False
2253,2,train,1,False
2255,3,train,2,False
2261,19,train,2,False
2265,1,train,0,False
2266,4,train,3,False
2267,0,test,,False
2268,17,train,4,False
2269,1,train,0,True
2270,8,train,3,False
2271,8,train,3,False
2272,8,train,3,False
2273,8,train,3,False
2274,1,train,0,False
2275,1,train,0,False
2276,1,train,0,False
2278,1,train,0,True
2279,1,train,0,False
2280,1,train,0,True
2281,13,train,2,False
2282,5,train,4,False
2284,1,train,0,False
2285,5,train,4,False
2291,8,train,3,False
2292,8,train,3,False
2293,1,train,0,False
2294,7,test,,False
2297,1,train,0,False
2298,1,train,0,False
2300,1,train,0,False
2302,1,train,0,False
2303,1,train,0,False
2304,1,train,0,False
2305,1,train,0,False
2306,3,train,2,False
2310,13,train,2,False
2311,13,train,2,False
2312,7,test,,False
2313,1,train,0,False
2314,1,train,0,False
2315,1,train,0,False
2316,233,train,4,False
2318,16,train,1,False
2320,16,train,1,False
2321,0,test,,False
2322,0,test,,False
2323,7,test,,False
2325,0,test,,False
2327,0,test,,True
2328,0,test,,True
2329,0,test,,True
2330,0,test,,True
2331,0,test,,True
2334,12,train,3,False
2335,1,train,0,False
2336,1,train,0,True
2337,1,train,0,True
2338,1,train,0,True
2339,1,train,0,True
2340,1,train,0,True
2341,1,train,0,True
2342,1,train,0,True
2343,1,train,0,True
2344,1,train,0,True
2345,1,train,0,True
2346,1,train,0,True
2347,1,train,0,True
2349,10,train,1,False
2350,12,train,3,False
2351,12,train,3,False
2352,12,train,3,False
2353,12,train,3,False
2354,12,train,3,False
2355,12,train,3,False
2356,12,train,3,False
2357,12,train,3,False
2358,12,train,3,False
2359,12,train,3,False
2360,12,train,3,False
2361,12,train,3,False
2362,12,train,3,False
2363,1,train,0,False
2367,5,train,4,False
2368,5,train,4,False
2369,1,train,0,False
2370,1,train,0,False
2383,1,train,0,False
2384,1,train,0,False
2386,13,train,2,False
2387,234,train,3,False
2388,13,train,2,False
2389,13,train,2,False
2390,13,train,2,False
2391,13,train,2,False
2392,13,train,2,False
2393,13,train,2,False
2394,13,train,2,False
2395,13,train,2,False
2396,13,train,2,False
2397,13,train,2,False
2398,13,train,2,False
2399,13,train,2,False
2400,13,train,2,False
2401,13,train,2,False
2402,1,train,0,False
2403,1,train,0,False
2404,1,train,0,False
2407,5,train,4,False
2424,13,train,2,False
2425,10,train,1,False
2426,10,train,1,False
2427,10,train,1,False
2428,10,train,1,False
2429,7,test,,False
2433,0,test,,False
2434,83,train,3,False
2439,235,train,2,False
2442,8,train,3,False
2443,1,train,0,False
2444,236,train,1,False
2445,8,train,3,False
2446,2,train,1,False
2447,2,train,1,False
2448,2,train,1,False
2498,8,train,3,False
2499,8,train,3,False
2500,8,train,3,False
2501,237,train,1,False
2502,8,train,3,False
2503,8,train,3,False
2504,1,train,0,False
2505,238,train,4,False
2506,1,train,0,False
2507,1,train,0,False
2508,1,train,0,False
2509,1,train,0,False
2510,1,train,0,False
2511,1,train,0,False
2512,1,train,0,False
2513,1,train,0,False
2514,1,train,0,False
2515,1,train,0,True
2516,1,train,0,True
2517,1,train,0,True
2518,1,train,0,True
2519,1,train,0,True
2520,1,train,0,True
2521,7,test,,False
2522,7,test,,False
2523,7,test,,False
2525,7,test,,False
2526,7,test,,False
2527,7,test,,False
2529,7,test,,False
2530,7,test,,False
2531,7,test,,False
2532,7,test,,False
2533,7,test,,False
2534,0,test,,False
2535,0,test,,False
2538,21,train,0,False
2545,97,train,3,False
2547,97,train,3,False
2549,97,train,3,False
2570,3,train,2,True
2572,1,train,0,False
2573,1,train,0,False
2577,12,train,3,False
2583,0,test,,False
2584,2,train,1,False
2585,2,train,1,True
2586,2,train,1,False
2587,2,train,1,True
2588,3,train,2,False
2589,3,train,2,True
2590,2,train,1,False
2591,2,train,1,True
2593,1,train,0,False
2594,239,train,4,False
2596,240,train,1,False
2609,21,train,0,False
2613,9,train,2,False
2614,9,train,2,False
2615,9,train,2,False
2616,9,train,2,False
2617,9,train,2,False
2618,9,train,2,False
2619,9,train,2,False
2620,9,train,2,False
2621,9,train,2,False
2622,9,train,2,False
2624,2,train,1,False
2625,2,train,1,False
2626,2,train,1,False
2627,2,train,1,False
2628,21,train,0,False
2629,21,train,0,False
2630,21,train,0,False
2632,21,train,0,False
2636,19,train,2,False
2637,19,train,2,False
2638,19,train,2,False
2639,19,train,2,False
2644,24,test,,False
2646,129,train,3,False
2657,8,train,3,False
2658,8,train,3,False
2659,67,train,4,False
2660,67,train,4,False
2661,67,train,4,False
2683,67,train,4,False
2684,67,train,4,False
2688,241,train,4,False
2689,11,train,0,False
2695,242,train,1,False
2697,243,train,0,False
2702,4,train,3,True
2703,4,train,3,True
2704,4,train,3,True
2705,4,train,3,True
2706,4,train,3,True
2707,4,train,3,True
2708,4,train,3,True
2709,4,train,3,True
2711,4,train,3,True
2712,0,test,,False
2713,0,test,,False
2714,7,test,,False
2715,0,test,,False
2716,0,test,,False
2717,0,test,,False
2718,0,test,,False
2720,11,train,0,False
2721,11,train,0,False
2724,11,train,0,False
2725,11,train,0,False
2726,11,train,0,False
2728,11,train,0,False
2729,7,test,,False
2730,3,train,2,False
2731,8,train,3,False
2732,16,train,1,False
2758,12,train,3,True
2768,5,train,4,False
2773,5,train,4,False
2777,5,train,4,False
2778,5,train,4,False
2779,5,train,4,False
2780,5,train,4,False
2781,5,train,4,False
2787,5,train,4,False
2797,5,train,4,False
2798,5,train,4,False
2799,5,train,4,False
2807,5,train,4,False
2809,5,train,4,False
2810,5,train,4,False
2811,5,train,4,False
2812,12,train,3,True
2813,12,train,3,True
2814,12,train,3,True
2815,12,train,3,True
2817,12,train,3,True
2818,12,train,3,True
2820,0,test,,False
2821,0,test,,True
2822,4,train,3,False
2823,4,train,3,True
2824,8,train,3,False
2825,8,train,3,False
2826,159,train,3,False
2827,159,train,3,False
2828,8,train,3,False
2829,244,train,2,True
2832,28,train,1,False
2833,28,train,1,False
2834,28,train,1,False
2835,28,train,1,False
2836,28,train,1,False
2837,28,train,1,False
2838,28,train,1,True
2839,28,train,1,True
2841,3,train,2,False
2842,3,train,2,False
2843,3,train,2,False
2844,3,train,2,False
2845,3,train,2,False
2846,3,train,2,False
2847,3,train,2,False
2848,3,train,2,False
2849,3,train,2,False
2850,6,train,4,False
2851,6,train,4,False
2854,6,train,4,False
2859,0,test,,False
2860,0,test,,False
2861,0,test,,False
2862,0,test,,False
2863,0,test,,False
2864,0,test,,False
2865,0,test,,False
2866,0,test,,False
2869,0,test,,False
2870,0,test,,False
2872,0,test,,False
2873,0,test,,False
2874,0,test,,False
2875,0,test,,False
2876,4,train,3,False
2877,4,train,3,False
2878,0,test,,True
2879,0,test,,True
2880,18,test,,True
2881,18,test,,True
2882,18,test,,True
2883,18,test,,True
2884,18,test,,True
2885,18,test,,True
2886,18,test,,True
2887,18,test,,True
2888,18,test,,True
2889,18,test,,True
2890,18,test,,True
2891,18,test,,True
2892,18,test,,True
2893,18,test,,True
2894,18,test,,True
2895,18,test,,True
2918,18,test,,True
2920,18,test,,True
2923,18,test,,True
2925,18,test,,True
2928,18,test,,True
2929,18,test,,True
2930,18,test,,False
2935,18,test,,False
2936,18,test,,True
2937,18,test,,True
2938,18,test,,True
2939,18,test,,True
2940,18,test,,False
2941,18,test,,True
2942,18,test,,True
2943,18,test,,True
2945,18,test,,True
2946,18,test,,True
2947,18,test,,True
2948,18,test,,True
2951,18,test,,True
2952,18,test,,True
2960,18,test,,True
2961,18,test,,True
2962,18,test,,True
2965,18,test,,True
2966,18,test,,False
2967,13,train,2,False
2975,1,train,0,False
2979,132,train,0,False
2991,1,train,0,False
2992,1,train,0,False
2993,1,train,0,False
2994,1,train,0,False
3000,0,test,,False
3001,8,train,3,False
3003,3,train,2,False
3004,3,train,2,False
3005,1,train,0,False
3008,16,train,1,False
3009,13,train,2,False
3012,18,test,,False
3027,18,test,,False
3028,18,test,,False
3029,15,test,,False
3050,10,train,1,False
3065,6,train,4,False
3068,6,train,4,False
3069,6,train,4,False
3070,6,train,4,False
3071,6,train,4,False
3072,6,train,4,False
3073,2,train,1,False
3074,2,train,1,False
3075,2,train,1,False
3076,2,train,1,False
3077,2,train,1,False
3078,6,train,4,False
3079,6,train,4,False
3080,6,train,4,False
3082,1,train,0,False
3083,1,train,0,False
3084,1,train,0,False
3085,1,train,0,False
3086,1,train,0,False
3087,1,train,0,False
3088,1,train,0,False
3099,0,test,,False
3102,0,test,,False
3103,7,test,,False
3104,7,test,,False
3105,7,test,,False
3107,16,train,1,False
3108,5,train,4,False
3112,1,train,0,False
3113,1,train,0,False
3114,21,train,0,False
3116,17,train,4,False
3120,17,train,4,False
3121,17,train,4,False
3123,17,train,4,False
3124,17,train,4,False
3135,17,train,4,False
3136,17,train,4,False
3137,17,train,4,False
3138,17,train,4,False
3139,17,train,4,False
3140,17,train,4,False
3141,17,train,4,False
3142,17,train,4,False
3143,17,train,4,False
3144,17,train,4,False
3145,17,train,4,False
3146,17,train,4,False
3147,17,train,4,False
3148,17,train,4,False
3149,17,train,4,False
3150,17,train,4,False
3151,17,train,4,False
3152,0,test,,False
3153,0,test,,False
3154,8,train,3,False
3155,12,train,3,False
3156,8,train,3,False
3157,1,train,0,False
3159,1,train,0,False
3164,10,train,1,False
3165,245,train,1,False
3166,246,train,3,False
3173,1,train,0,False
3177,3,train,2,False
3178,7,test,,False
3184,7,test,,False
3186,21,train,0,False
3187,21,train,0,False
3188,101,test,,False
3192,5,train,4,False
3193,5,train,4,False
3194,5,train,4,False
3195,5,train,4,False
3196,5,train,4,False
3198,247,train,2,False
3203,2,train,1,False
3204,4,train,3,False
3205,2,train,1,False
3206,4,train,3,False
3207,4,train,3,False
3209,2,train,1,False
3210,2,train,1,False
3211,2,train,1,False
3212,2,train,1,False
3213,2,train,1,False
3214,4,train,3,False
3215,2,train,1,False
3216,2,train,1,False
3217,2,train,1,False
3218,9,train,2,False
3219,2,train,1,False
3220,3,train,2,False
3221,2,train,1,False
3224,248,train,4,False
3226,249,train,0,False
3234,19,train,2,False
3235,19,train,2,False
3238,250,test,,False
3241,7,test,,False
3242,8,train,3,False
3243,13,train,2,False
3247,5,train,4,False
3249,0,test,,False
3250,0,test,,False
3251,0,test,,False
3252,0,test,,False
3253,0,test,,False
3254,0,test,,False
3255,0,test,,False
3256,0,test,,False
3257,0,test,,False
3258,0,test,,False
3259,0,test,,False
3260,0,test,,False
3261,5,train,4,False
3262,5,train,4,True
3265,5,train,4,False
3267,5,train,4,False
3268,5,train,4,False
3269,5,train,4,False
3270,5,train,4,False
3271,5,train,4,False
3272,5,train,4,False
3273,5,train,4,False
3274,5,train,4,False
3275,5,train,4,False
3276,5,train,4,False
3277,2,train,1,False
3278,5,train,4,False
3279,5,train,4,False
3280,5,train,4,False
3283,5,train,4,True
3286,5,train,4,False
3287,5,train,4,False
3288,5,train,4,True
3289,5,train,4,False
3291,5,train,4,False
3292,5,train,4,False
3293,5,train,4,False
3294,5,train,4,True
3296,5,train,4,True
3297,5,train,4,False
3298,5,train,4,False
3299,5,train,4,False
3300,5,train,4,False
3301,5,train,4,False
3303,5,train,4,False
3304,5,train,4,True
3305,5,train,4,False
3306,5,train,4,False
3307,5,train,4,False
3308,5,train,4,False
3309,5,train,4,False
3310,5,train,4,False
3311,5,train,4,False
3312,5,train,4,False
3313,5,train,4,False
3314,23,train,4,True
3315,23,train,4,True
3316,23,train,4,True
3318,23,train,4,True
3319,23,train,4,True
3320,23,train,4,True
3321,23,train,4,True
3322,23,train,4,True
3323,23,train,4,True
3324,23,train,4,True
3326,5,train,4,False
3329,5,train,4,False
3330,3,train,2,False
3331,3,train,2,False
3332,7,test,,False
3333,8,train,3,False
3334,8,train,3,False
3335,1,train,0,False
3336,6,train,4,False
3337,6,train,4,False
3338,20,train,1,True
3339,20,train,1,True
3340,20,train,1,True
3341,20,train,1,True
3342,20,train,1,True
3343,5,train,4,False
3345,16,train,1,False
3347,0,test,,False
3348,1,train,0,False
3351,8,train,3,False
3353,5,train,4,False
3355,1,train,0,False
3356,1,train,0,False
3357,1,train,0,False
3358,1,train,0,False
3359,1,train,0,False
3360,5,train,4,False
3361,5,train,4,False
3362,5,train,4,False
3363,5,train,4,False
3365,5,train,4,False
3366,5,train,4,False
3369,5,train,4,False
3372,5,train,4,False
3373,12,train,3,False
3377,5,train,4,False
3379,5,train,4,False
3380,5,train,4,True
3381,5,train,4,True
3382,5,train,4,False
3387,7,test,,False
3388,7,test,,False
3389,6,train,4,False
3391,3,train,2,False
3392,3,train,2,False
3393,3,train,2,False
3394,3,train,2,False
3396,13,train,2,False
3397,13,train,2,False
3398,13,train,2,False
3399,13,train,2,False
3400,13,train,2,False
3401,13,train,2,False
3404,5,train,4,False
3405,5,train,4,False
3406,5,train,4,False
3407,5,train,4,False
3408,5,train,4,False
3409,5,train,4,False
3410,5,train,4,False
3411,5,train,4,False
3412,5,train,4,False
3413,5,train,4,False
3414,5,train,4,False
3415,5,train,4,False
3416,5,train,4,False
3417,5,train,4,False
3419,5,train,4,False
3420,5,train,4,False
3422,5,train,4,False
3428,5,train,4,True
3442,0,test,,False
3444,0,test,,True
3445,0,test,,False
3446,0,test,,False
3447,0,test,,True
3448,0,test,,True
3449,0,test,,False
3450,0,test,,True
3451,0,test,,True
3452,0,test,,True
3453,0,test,,True
3458,5,train,4,True
3460,10,train,1,False
3461,0,test,,False
3462,0,test,,False
3463,0,test,,False
3464,0,test,,False
3465,0,test,,False
3466,0,test,,False
3467,0,test,,False
3468,0,test,,False
3469,0,test,,False
3470,0,test,,False
3472,5,train,4,False
3475,7,test,,False
3476,12,train,3,False
3479,5,train,4,False
3480,5,train,4,False
3481,5,train,4,False
3482,5,train,4,False
3483,251,train,4,False
3484,7,test,,False
3485,16,train,1,False
3486,16,train,1,False
3490,5,train,4,False
3491,5,train,4,False
3535,7,test,,False
3536,16,train,1,False
3537,16,train,1,False
3538,16,train,1,False
3539,13,train,2,False
3540,13,train,2,False
3553,5,train,4,False
3554,5,train,4,False
3555,7,test,,False
3556,7,test,,False
3557,7,test,,False
3558,13,train,2,False
3559,16,train,1,False
3560,13,train,2,False
3562,5,train,4,False
3563,16,train,1,False
3564,16,train,1,False
3565,13,train,2,False
3566,13,train,2,False
3567,13,train,2,False
3583,16,train,1,False
3584,16,train,1,False
3585,16,train,1,False
3587,7,test,,False
3598,7,test,,False
3615,5,train,4,False
3616,1,train,0,False
3644,1,train,0,False
3645,46,train,0,False
3646,8,train,3,False
3647,156,train,4,False
3652,16,train,1,False
3653,46,train,0,False
3654,46,train,0,False
3655,46,train,0,False
3656,46,train,0,False
3657,46,train,0,False
3658,46,train,0,False
3659,46,train,0,False
3660,46,train,0,False
3668,46,train,0,False
3669,16,train,1,False
3670,46,train,0,False
3671,13,train,2,False
3672,13,train,2,False
3673,13,train,2,False
3674,13,train,2,False
3675,13,train,2,False
3676,13,train,2,False
3677,13,train,2,False
3678,13,train,2,False
3679,13,train,2,False
3680,13,train,2,False
3681,13,train,2,False
3682,13,train,2,False
3683,13,train,2,False
3684,13,train,2,False
3685,13,train,2,False
3686,13,train,2,False
3687,13,train,2,False
3688,13,train,2,False
3689,13,train,2,False
3690,13,train,2,False
3691,13,train,2,False
3692,13,train,2,False
3693,13,train,2,False
3694,13,train,2,False
3695,13,train,2,False
3696,13,train,2,False
3697,1,train,0,False
3698,13,train,2,False
3699,13,train,2,False
3700,13,train,2,False
3701,13,train,2,False
3702,13,train,2,False
3703,13,train,2,False
3704,13,train,2,False
3705,13,train,2,False
3706,13,train,2,False
3707,13,train,2,False
3708,13,train,2,False
3709,13,train,2,False
3710,3,train,2,False
3711,13,train,2,False
3712,13,train,2,False
3713,13,train,2,False
3714,13,train,2,False
3715,13,train,2,False
3716,13,train,2,False
3717,13,train,2,False
3718,13,train,2,False
3719,13,train,2,False
3720,13,train,2,False
3721,13,train,2,False
3722,252,train,3,False
3723,13,train,2,False
3724,13,train,2,False
3725,13,train,2,False
3726,13,train,2,False
3727,13,train,2,False
3728,8,train,3,False
3729,8,train,3,False
3730,8,train,3,False
3731,8,train,3,False
3732,1,train,0,False
3733,8,train,3,False
3734,7,test,,False
3739,8,train,3,False
3743,253,train,2,False
3746,254,train,1,False
3747,4,train,3,False
3748,6,train,4,False
3749,1,train,0,False
3752,7,test,,False
3753,3,train,2,False
3754,7,test,,False
3755,1,train,0,False
3756,1,train,0,False
3757,1,train,0,False
3758,1,train,0,False
3763,255,train,0,False
3765,1,train,0,False
3766,5,train,4,False
3767,8,train,3,False
3768,5,train,4,False
3771,12,train,3,False
3772,1,train,0,False
3773,8,train,3,False
3774,8,train,3,False
3776,1,train,0,False
3778,5,train,4,False
3779,1,train,0,False
3780,8,train,3,False
3781,256,test,,False
3782,5,train,4,False
3783,8,train,3,False
3784,8,train,3,False
3785,7,test,,False
3786,8,train,3,False
3787,8,train,3,False
3788,8,train,3,False
3791,8,train,3,False
3792,19,train,2,False
3799,28,train,1,False
3800,28,train,1,False
3801,28,train,1,False
3802,28,train,1,False
3803,28,train,1,False
3804,28,train,1,False
3805,28,train,1,False
3806,28,train,1,False
3807,19,train,2,False
3817,1,train,0,False
3819,5,train,4,False
3820,5,train,4,False
3821,1,train,0,False
3822,1,train,0,False
3824,5,train,4,False
3825,5,train,4,False
3826,5,train,4,False
3833,7,test,,False
3834,7,test,,False
3835,16,train,1,False
3836,1,train,0,False
3837,1,train,0,False
3838,19,train,2,False
3839,19,train,2,False
3841,7,test,,False
3846,16,train,1,False
3848,16,train,1,False
3849,13,train,2,False
3850,13,train,2,False
3851,19,train,2,True
3852,19,train,2,True
3853,19,train,2,True
3854,19,train,2,True
3855,19,train,2,True
3856,19,train,2,True
3857,19,train,2,False
3884,7,test,,False
3886,7,test,,False
3887,160,test,,False
3888,160,test,,False
3889,7,test,,False
3890,82,train,4,False
3891,19,train,2,False
3892,8,train,3,False
3893,7,test,,False
3894,10,train,1,False
3895,1,train,0,False
3900,7,test,,False
3901,0,test,,False
3912,1,train,0,False
3913,1,train,0,False
3915,1,train,0,False
3916,1,train,0,False
3917,1,train,0,False
3920,5,train,4,False
3921,5,train,4,False
3929,16,train,1,False
3930,16,train,1,False
3932,1,train,0,False
3934,1,train,0,True
3935,12,train,3,False
3936,52,train,4,False
3939,52,train,4,False
3943,161,train,4,False
3944,161,train,4,False
3945,7,test,,False
3946,7,test,,False
3947,7,test,,False
3948,7,test,,False
3949,7,test,,False
3950,7,test,,False
3951,7,test,,False
3953,7,test,,False
3954,7,test,,False
3955,7,test,,False
3956,7,test,,False
3957,7,test,,False
3958,7,test,,False
3959,7,test,,False
3961,7,test,,False
3964,7,test,,False
3965,7,test,,False
3970,7,test,,False
3971,7,test,,False
3973,7,test,,False
3974,7,test,,False
3981,7,test,,False
3982,7,test,,False
3985,7,test,,False
3986,7,test,,False
3987,7,test,,False
3988,7,test,,False
3989,7,test,,False
3990,7,test,,False
3991,7,test,,False
3992,7,test,,False
3993,7,test,,False
3995,7,test,,False
3997,7,test,,False
4001,7,test,,False
4009,8,train,3,False
4012,257,train,4,False
4017,7,test,,False
4018,8,train,3,False
4037,7,test,,False
4038,7,test,,False
4039,7,test,,False
4040,7,test,,False
4051,7,test,,False
4052,7,test,,False
4053,7,test,,False
4054,258,test,,False
4059,7,test,,False
4060,7,test,,False
4062,1,train,0,False
4069,7,test,,False
4070,7,test,,False
4105,8,train,3,False
4106,259,train,3,False
4107,12,train,3,False
4111,16,train,1,False
4112,16,train,1,False
4113,5,train,4,False
4114,260,train,3,False
4116,16,train,1,False
4117,13,train,2,False
4118,13,train,2,False
4119,16,train,1,False
4122,13,train,2,False
4123,13,train,2,False
4124,52,train,4,False
4125,8,train,3,False
4126,8,train,3,False
4134,1,train,0,False
4136,13,train,2,False
4139,13,train,2,False
4141,261,train,2,False
4148,1,train,0,False
4149,1,train,0,False
4150,1,train,0,False
4151,1,train,0,False
4152,1,train,0,False
4153,1,train,0,False
4154,1,train,0,False
4155,1,train,0,False
4156,1,train,0,False
4157,1,train,0,False
4158,1,train,0,False
4159,1,train,0,False
4160,1,train,0,False
4161,1,train,0,False
4166,1,train,0,False
4172,8,train,3,False
4173,10,train,1,False
4174,78,train,4,False
4175,10,train,1,False
4176,10,train,1,False
4177,6,train,4,False
4179,1,train,0,False
4180,12,train,3,False
4181,8,train,3,False
4182,10,train,1,False
4183,1,train,0,False
4184,1,train,0,False
4185,1,train,0,False
4186,1,train,0,False
4188,1,train,0,False
4189,8,train,3,False
4191,8,train,3,False
4192,13,train,2,False
4194,13,train,2,False
4195,13,train,2,False
4199,1,train,0,False
4201,1,train,0,False
4203,10,train,1,False
4205,13,train,2,False
4206,52,train,4,False
4209,16,train,1,False
4210,16,train,1,False
4211,16,train,1,False
4212,7,test,,False
4213,16,train,1,False
4214,16,train,1,False
4215,16,train,1,False
4216,16,train,1,False
4217,16,train,1,False
4219,13,train,2,False
4220,16,train,1,False
4221,16,train,1,False
4224,1,train,0,False
4225,1,train,0,False
4226,16,train,1,False
4227,16,train,1,False
4228,16,train,1,False
4229,13,train,2,False
4230,13,train,2,False
4231,13,train,2,False
4248,1,train,0,False
4249,1,train,0,False
4250,1,train,0,False
4251,1,train,0,False
4252,1,train,0,False
4253,1,train,0,False
4254,1,train,0,False
4255,1,train,0,False
4256,1,train,0,False
4257,1,train,0,False
4258,1,train,0,False
4259,1,train,0,False
4260,1,train,0,False
4261,1,train,0,False
4262,1,train,0,False
4263,1,train,0,False
4264,1,train,0,False
4265,1,train,0,False
4276,29,train,1,False
4278,29,train,1,False
4279,29,train,1,False
4280,29,train,1,False
4286,29,train,1,False
4287,29,train,1,False
4289,29,train,1,False
4291,262,train,1,False
4294,1,train,0,False
4297,7,test,,False
4298,7,test,,False
4299,7,test,,False
4300,7,test,,False
4306,18,test,,False
4307,12,train,3,False
4308,12,train,3,False
4309,6,train,4,False
4310,6,train,4,False
4313,6,train,4,False
4314,6,train,4,False
4315,6,train,4,False
4316,6,train,4,False
4318,162,train,4,False
4319,162,train,4,False
4321,10,train,1,False
4322,10,train,1,False
4323,1,train,0,False
4327,263,train,3,False
4328,3,train,2,False
4329,3,train,2,False
4332,3,train,2,False
4333,3,train,2,False
4335,3,train,2,False
4336,3,train,2,False
4337,3,train,2,False
4338,10,train,1,False
4348,10,train,1,False
4349,2,train,1,False
4351,10,train,1,False
4353,1,train,0,False
4357,1,train,0,False
4358,1,train,0,False
4360,5,train,4,False
4361,5,train,4,False
4362,5,train,4,False
4363,5,train,4,False
4364,5,train,4,False
4365,5,train,4,False
4366,5,train,4,False
4371,5,train,4,True
4372,5,train,4,True
4373,5,train,4,True
4374,5,train,4,True
4375,5,train,4,True
4379,3,train,2,False
4380,3,train,2,False
4383,13,train,2,False
4384,13,train,2,False
4385,7,test,,False
4386,13,train,2,False
4388,1,train,0,False
4389,13,train,2,False
4390,13,train,2,False
4391,13,train,2,False
4392,13,train,2,False
4393,1,train,0,False
4394,1,train,0,False
4395,13,train,2,False
4396,7,test,,False
4397,7,test,,False
4399,8,train,3,False
4402,8,train,3,False
4403,8,train,3,False
4404,8,train,3,False
4405,8,train,3,False
4406,8,train,3,False
4407,7,test,,True
4408,1,train,0,False
4409,1,train,0,True
4410,1,train,0,False
4411,1,train,0,True
4412,1,train,0,False
4413,1,train,0,True
4414,1,train,0,False
4415,1,train,0,True
4416,1,train,0,False
4417,1,train,0,True
4418,16,train,1,False
4420,7,test,,False
4421,7,test,,False
4422,7,test,,False
4423,7,test,,False
4424,7,test,,False
4425,7,test,,False
4426,7,test,,True
4427,7,test,,True
4433,95,train,3,False
4438,28,train,1,False
4440,113,train,3,False
4442,113,train,3,False
4443,113,train,3,False
4451,8,train,3,False
4454,0,test,,False
4455,1,train,0,False
4456,1,train,0,False
4457,8,train,3,False
4459,264,train,1,True
4468,8,train,3,False
4469,10,train,1,False
4470,0,test,,False
4471,265,train,0,False
4477,10,train,1,False
4478,8,train,3,False
4479,1,train,0,False
4480,266,train,2,False
4483,8,train,3,False
4492,10,train,1,False
4493,0,test,,False
4494,0,test,,False
4495,0,test,,False
4496,0,test,,False
4497,6,train,4,False
4498,6,train,4,False
4524,7,test,,False
4525,7,test,,False
4526,7,test,,False
4535,21,train,0,False
4536,29,train,1,False
4545,19,train,2,False
4547,22,train,3,False
4548,22,train,3,False
4549,114,train,0,True
4550,22,train,3,True
4551,22,train,3,True
4552,22,train,3,True
4553,4,train,3,False
4554,4,train,3,False
4555,10,train,1,False
4563,2,train,1,False
4564,2,train,1,False
4565,4,train,3,False
4570,10,train,1,False
4571,8,train,3,False
4572,3,train,2,False
4573,2,train,1,False
4574,2,train,1,False
4575,2,train,1,False
4576,9,train,2,False
4582,2,train,1,False
4583,2,train,1,False
4584,2,train,1,False
4585,2,train,1,False
4587,9,train,2,False
4588,2,train,1,False
4589,2,train,1,False
4590,2,train,1,False
4591,5,train,4,False
4592,10,train,1,False
4593,9,train,2,False
4594,9,train,2,False
4595,9,train,2,False
4612,8,train,3,False
4613,7,test,,False
4614,7,test,,False
4616,0,test,,False
4617,6,train,4,False
4619,6,train,4,False
4620,6,train,4,False
4621,6,train,4,False
4623,6,train,4,False
4624,5,train,4,True
4625,6,train,4,False
4626,6,train,4,False
4627,6,train,4,False
4628,12,train,3,True
4629,6,train,4,True
4630,6,train,4,True
4645,9,train,2,False
4646,9,train,2,False
4647,9,train,2,False
4648,6,train,4,False
4649,6,train,4,False
4650,0,test,,False
4651,6,train,4,False
4652,1,train,0,False
4656,7,test,,False
4658,7,test,,False
4661,7,test,,False
4663,86,train,0,False
4664,7,test,,False
4667,7,test,,False
4668,7,test,,False
4671,11,train,0,False
4673,4,train,3,False
4675,22,train,3,False
4676,22,train,3,False
4677,22,train,3,False
4678,22,train,3,False
4679,115,train,4,False
4680,22,train,3,False
4681,22,train,3,False
4682,22,train,3,False
4683,22,train,3,False
4684,5,train,4,False
4686,7,test,,False
4687,115,train,4,False
4688,115,train,4,False
4689,126,train,0,False
4690,126,train,0,False
4691,267,train,2,False
4692,7,test,,False
4693,268,train,4,False
4694,269,train,2,False
4695,270,train,4,False
4696,29,train,1,False
4698,10,train,1,False
4699,4,train,3,False
4700,4,train,3,False
4701,4,train,3,False
4702,4,train,3,False
4703,12,train,3,True
4704,4,train,3,False
4705,12,train,3,True
4706,4,train,3,False
4707,12,train,3,True
4708,4,train,3,False
4709,4,train,3,False
4710,12,train,3,True
4711,12,train,3,True
4712,12,train,3,True
4713,12,train,3,True
4714,12,train,3,True
4715,12,train,3,True
4716,12,train,3,True
4717,12,train,3,True
4718,12,train,3,True
4719,12,train,3,True
4720,12,train,3,True
4721,12,train,3,True
4722,12,train,3,True
4723,12,train,3,True
4724,10,train,1,False
4725,10,train,1,False
4726,271,train,0,False
4729,12,train,3,False
4730,12,train,3,False
4732,12,train,3,True
4733,12,train,3,True
4734,12,train,3,True
4735,12,train,3,True
4736,24,test,,False
4737,1,train,0,False
4738,5,train,4,False
4739,24,test,,False
4740,24,test,,False
4741,24,test,,False
4742,24,test,,False
4743,10,train,1,False
4744,23,train,4,True
4745,23,train,4,True
4746,23,train,4,True
4747,23,train,4,True
4748,23,train,4,True
4749,5,train,4,False
4750,10,train,1,False
4751,10,train,1,True
4752,6,train,4,False
4753,6,train,4,False
4754,6,train,4,False
4755,6,train,4,False
4756,22,train,3,False
4757,22,train,3,False
4758,22,train,3,False
4759,6,train,4,False
4760,6,train,4,False
4761,6,train,4,False
4762,22,train,3,False
4763,6,train,4,False
4764,6,train,4,False
4765,6,train,4,False
4766,6,train,4,False
4767,6,train,4,False
4768,6,train,4,False
4769,6,train,4,False
4770,22,train,3,False
4771,6,train,4,False
4772,6,train,4,False
4773,6,train,4,False
4774,6,train,4,False
4775,6,train,4,False
4776,6,train,4,False
4777,6,train,4,False
4778,6,train,4,False
4779,6,train,4,False
4780,22,train,3,False
4781,0,test,,True
4782,22,train,3,False
4783,0,test,,True
4784,0,test,,True
4785,22,train,3,False
4787,22,train,3,False
4788,0,test,,True
4789,0,test,,True
4793,6,train,4,False
4794,6,train,4,False
4798,0,test,,False
4799,0,test,,True
4800,0,test,,True
4801,0,test,,True
4802,0,test,,True
4803,0,test,,True
4804,0,test,,True
4806,6,train,4,False
4807,6,train,4,False
4822,6,train,4,False
4825,6,train,4,False
4836,6,train,4,False
4841,6,train,4,True
4846,6,train,4,False
4847,6,train,4,False
4848,272,train,0,False
4853,10,train,1,False
4855,4,train,3,False
4864,4,train,3,False
4867,1,train,0,False
4868,1,train,0,False
4869,1,train,0,False
4870,8,train,3,False
4871,10,train,1,False
4872,9,train,2,False
4873,1,train,0,False
4874,1,train,0,False
4875,1,train,0,False
4880,23,train,4,True
4881,23,train,4,True
4882,1,train,0,False
4883,23,train,4,True
4884,1,train,0,False
4887,1,train,0,False
4889,273,train,4,False
4891,274,train,3,True
4892,1,train,0,True
4894,1,train,0,False
4895,23,train,4,True
4896,1,train,0,False
4899,24,test,,True
4900,1,train,0,False
4901,19,train,2,False
4902,19,train,2,False
4903,19,train,2,False
4904,19,train,2,False
4905,19,train,2,False
4906,1,train,0,False
4907,1,train,0,False
4908,1,train,0,False
4909,0,test,,False
4910,1,train,0,False
4911,1,train,0,True
4912,1,train,0,True
4913,1,train,0,True
4914,0,test,,False
4915,1,train,0,True
4916,0,test,,False
4917,0,test,,False
4918,1,train,0,False
4919,0,test,,True
4921,1,train,0,False
4922,1,train,0,False
4923,1,train,0,False
4924,1,train,0,False
4925,1,train,0,False
4926,1,train,0,False
4927,1,train,0,False
4928,1,train,0,False
4929,0,test,,False
4930,0,test,,False
4931,0,test,,False
4932,0,test,,False
4933,13,train,2,False
4934,7,test,,False
4935,7,test,,False
4936,7,test,,False
4946,2,train,1,False
4947,2,train,1,False
4948,2,train,1,False
4950,2,train,1,False
4954,5,train,4,False
4955,6,train,4,False
4956,3,train,2,False
4959,3,train,2,False
4960,2,train,1,False
4965,2,train,1,False
4966,2,train,1,False
4967,2,train,1,False
4968,2,train,1,False
4969,2,train,1,False
4970,3,train,2,False
4971,12,train,3,False
4972,12,train,3,False
4973,12,train,3,False
4975,12,train,3,False
4976,12,train,3,False
4977,12,train,3,False
4980,0,test,,False
4997,275,test,,False
4998,276,train,1,False
4999,163,train,3,False
5000,0,test,,False
5001,0,test,,False
5002,76,train,3,False
5003,0,test,,True
5004,0,test,,False
5005,0,test,,True
5006,111,train,0,True
5007,8,train,3,False
5008,76,train,3,True
5009,277,train,3,True
5010,76,train,3,False
5011,8,train,3,False
5013,8,train,3,False
5014,1,train,0,False
5015,1,train,0,False
5016,1,train,0,False
5017,1,train,0,False
5018,1,train,0,False
5019,1,train,0,False
5020,1,train,0,False
5021,1,train,0,False
5022,1,train,0,True
5023,1,train,0,False
5024,1,train,0,False
5025,1,train,0,False
5026,1,train,0,False
5027,1,train,0,True
5028,1,train,0,True
5029,1,train,0,True
5030,1,train,0,True
5031,1,train,0,True
5032,1,train,0,True
5033,1,train,0,True
5034,2,train,1,False
5035,2,train,1,False
5036,2,train,1,False
5037,2,train,1,False
5038,2,train,1,False
5039,2,train,1,False
5040,9,train,2,False
5041,0,test,,False
5042,0,test,,False
5043,0,test,,False
5044,0,test,,False
5045,12,train,3,False
5046,0,test,,False
5047,0,test,,False
5048,3,train,2,False
5049,3,train,2,False
5050,3,train,2,False
5051,3,train,2,False
5052,3,train,2,False
5053,3,train,2,False
5054,3,train,2,False
5055,3,train,2,False
5056,3,train,2,False
5057,3,train,2,False
5058,3,train,2,False
5059,3,train,2,False
5060,278,test,,True
5064,0,test,,False
5065,0,test,,False
5066,0,test,,False
5067,0,test,,False
5068,0,test,,False
5069,0,test,,False
5077,8,train,3,False
5082,8,train,3,False
5087,15,test,,False
5088,279,train,4,False
5089,0,test,,True
5091,4,train,3,True
5097,23,train,4,True
5098,23,train,4,True
5099,23,train,4,True
5100,21,train,0,False
5101,23,train,4,True
5102,21,train,0,False
5103,23,train,4,True
5104,23,train,4,True
5105,8,train,3,False
5108,8,train,3,False
5109,8,train,3,False
5110,15,test,,False
5111,15,test,,False
5112,15,test,,False
5113,280,train,3,False
5114,10,train,1,False
5115,10,train,1,False
5119,21,train,0,False
5120,23,train,4,True
5121,23,train,4,True
5122,23,train,4,True
5124,6,train,4,False
5125,281,train,0,False
5126,6,train,4,False
5127,6,train,4,False
5128,6,train,4,False
5129,6,train,4,False
5130,6,train,4,False
5134,282,train,2,False
5135,6,train,4,False
5136,6,train,4,False
5137,6,train,4,False
5138,6,train,4,False
5140,6,train,4,False
5141,6,train,4,False
5142,6,train,4,False
5143,6,train,4,False
5145,1,train,0,False
5146,1,train,0,False
5147,12,train,3,False
5148,1,train,0,False
5150,12,train,3,False
5151,12,train,3,False
5152,12,train,3,False
5153,1,train,0,False
5161,283,train,4,False
5164,24,test,,False
5165,24,test,,False
5166,24,test,,False
5167,24,test,,False
5171,284,train,1,False
5172,21,train,0,False
5173,164,train,1,False
5174,285,train,2,False
5176,286,train,1,False
5177,10,train,1,False
5178,164,train,1,False
5179,22,train,3,True
5182,22,train,3,True
5183,9,train,2,False
5187,8,train,3,False
5197,4,train,3,False
5204,12,train,3,False
5205,12,train,3,False
5206,12,train,3,False
5207,12,train,3,False
5208,0,test,,False
5209,12,train,3,False
5210,0,test,,False
5211,12,train,3,False
5212,0,test,,False
5213,12,train,3,False
5214,0,test,,False
5215,12,train,3,False
5216,12,train,3,False
5217,0,test,,False
5218,12,train,3,False
5219,0,test,,True
5220,0,test,,True
5221,0,test,,True
5222,0,test,,True
5223,0,test,,True
5224,0,test,,False
5225,12,train,3,False
5226,19,train,2,False
5227,19,train,2,False
5228,1,train,0,False
5229,1,train,0,False
5230,1,train,0,False
5231,1,train,0,False
5236,29,train,1,False
5238,29,train,1,False
5241,21,train,0,False
5242,15,test,,False
5243,15,test,,False
5244,15,test,,False
5245,15,test,,False
5246,15,test,,False
5247,15,test,,False
5248,15,test,,False
5249,15,test,,False
5250,15,test,,False
5251,15,test,,False
5252,15,test,,False
5270,12,train,3,False
5271,12,train,3,False
5272,12,train,3,False
5273,12,train,3,False
5274,12,train,3,False
5275,12,train,3,False
5276,12,train,3,False
5278,10,train,1,False
5279,12,train,3,False
5280,12,train,3,False
5281,13,train,2,False
5282,13,train,2,False
5283,13,train,2,False
5284,13,train,2,False
5285,13,train,2,False
5287,7,test,,False
5288,23,train,4,True
5289,23,train,4,True
5290,23,train,4,True
5291,23,train,4,True
5292,23,train,4,True
5293,23,train,4,True
5294,23,train,4,True
5295,23,train,4,True
5296,23,train,4,True
5313,5,train,4,False
5314,0,test,,False
5315,0,test,,True
5317,10,train,1,False
5318,10,train,1,False
5319,10,train,1,False
5324,1,train,0,True
5344,1,train,0,False
5345,0,test,,False
5346,0,test,,False
5347,24,test,,False
5348,24,test,,False
5349,10,train,1,False
5350,7,test,,False
5351,1,train,0,False
5352,13,train,2,False
5354,287,train,2,False
5356,288,train,1,False
5359,10,train,1,False
5368,1,train,0,False
5369,1,train,0,False
5370,1,train,0,False
5371,1,train,0,False
5373,13,train,2,False
5375,1,train,0,False
5383,8,train,3,False
5385,8,train,3,False
5387,8,train,3,False
5390,8,train,3,False
5396,8,train,3,False
5401,82,train,4,False
5402,7,test,,False
5404,7,test,,False
5405,22,train,3,True
5409,289,train,4,False
5411,290,train,1,False
5417,10,train,1,False
5418,10,train,1,False
5419,1,train,0,False
5420,2,train,1,False
5421,1,train,0,False
5423,8,train,3,False
5424,8,train,3,False
5425,15,test,,False
5426,15,test,,False
5427,10,train,1,False
5430,57,train,2,True
5431,57,train,2,True
5432,57,train,2,True
5433,57,train,2,True
5434,57,train,2,True
5435,57,train,2,True
5436,57,train,2,True
5437,57,train,2,True
5439,4,train,3,False
5443,0,test,,False
5446,7,test,,False
5447,1,train,0,False
5448,1,train,0,False
5467,31,train,0,False
5468,17,train,4,False
5469,17,train,4,False
5470,17,train,4,False
5471,17,train,4,False
5473,17,train,4,False
5476,17,train,4,False
5477,17,train,4,False
5480,7,test,,False
5481,0,test,,True
5482,0,test,,True
5483,0,test,,True
5484,0,test,,True
5485,0,test,,True
5486,0,test,,True
5487,0,test,,True
5488,0,test,,True
5489,0,test,,True
5499,5,train,4,False
5501,10,train,1,True
5502,10,train,1,True
5503,6,train,4,True
5504,6,train,4,True
5505,6,train,4,True
5506,6,train,4,True
5508,6,train,4,True
5509,6,train,4,True
5512,1,train,0,False
5513,1,train,0,False
5515,21,train,0,False
5516,21,train,0,False
5519,15,test,,True
5520,12,train,3,False
5521,12,train,3,False
5522,12,train,3,False
5523,12,train,3,False
5524,12,train,3,False
5525,91,train,3,False
5526,91,train,3,False
5527,91,train,3,False
5530,5,train,4,False
5531,5,train,4,False
5532,5,train,4,False
5533,5,train,4,False
5534,5,train,4,False
5535,5,train,4,False
5536,5,train,4,False
5537,5,train,4,False
5538,5,train,4,False
5541,0,test,,False
5545,291,train,4,False
5546,8,train,3,False
5547,8,train,3,False
5548,8,train,3,False
5549,8,train,3,False
5556,13,train,2,False
5557,13,train,2,False
5558,13,train,2,False
5559,13,train,2,False
5560,12,train,3,False
5561,12,train,3,False
5562,12,train,3,False
5563,12,train,3,True
5564,12,train,3,True
5565,2,train,1,False
5566,2,train,1,False
5567,2,train,1,False
5569,1,train,0,False
5570,0,test,,True
5571,0,test,,True
5572,0,test,,True
5573,0,test,,True
5574,0,test,,True
5575,0,test,,True
5576,0,test,,True
5578,0,test,,True
5582,19,train,2,False
5583,19,train,2,False
5584,4,train,3,False
5585,4,train,3,False
5586,4,train,3,False
5587,22,train,3,True
5589,114,train,0,True
5590,22,train,3,True
5591,114,train,0,True
5592,22,train,3,True
5593,4,train,3,False
5603,5,train,4,False
5604,5,train,4,False
5605,5,train,4,False
5607,5,train,4,False
5608,5,train,4,False
5609,7,test,,False
5610,7,test,,False
5611,1,train,0,False
5612,1,train,0,False
5614,1,train,0,False
5615,1,train,0,False
5616,1,train,0,False
5617,12,train,3,False
5618,1,train,0,False
5619,1,train,0,False
5620,10,train,1,False
5621,10,train,1,False
5622,1,train,0,False
5623,1,train,0,False
5624,10,train,1,False
5627,8,train,3,False
5629,7,test,,False
5633,167,train,2,True
5635,9,train,2,False
5636,292,train,3,False
5637,6,train,4,False
5638,1,train,0,False
5639,60,train,0,False
5640,5,train,4,False
5641,5,train,4,False
5643,60,train,0,True
5644,16,train,1,True
5645,16,train,1,False
5646,16,train,1,True
5651,52,train,4,False
5652,1,train,0,False
5653,6,train,4,False
5654,6,train,4,False
5655,6,train,4,False
5656,7,test,,False
5658,60,train,0,False
5660,293,train,1,True
5661,0,test,,False
5662,60,train,0,False
5663,60,train,0,False
5664,60,train,0,False
5666,60,train,0,False
5667,60,train,0,False
5668,107,train,3,False
5669,294,train,3,False
5670,295,train,4,False
5674,1,train,0,True
5675,1,train,0,True
5676,1,train,0,True
5677,1,train,0,True
5678,1,train,0,True
5679,1,train,0,True
5680,1,train,0,True
5681,7,test,,False
5682,7,test,,False
5683,13,train,2,False
5684,296,train,1,False
5685,297,test,,False
5687,7,test,,False
5688,7,test,,False
5689,7,test,,False
5690,7,test,,False
5693,13,train,2,False
5694,16,train,1,False
5695,16,train,1,False
5696,13,train,2,False
5697,13,train,2,False
5698,13,train,2,False
5699,13,train,2,False
5700,1,train,0,False
5701,1,train,0,False
5702,1,train,0,False
5709,8,train,3,False
5710,8,train,3,False
5711,7,test,,False
5712,1,train,0,False
5713,1,train,0,False
5714,12,train,3,False
5715,10,train,1,False
5716,12,train,3,False
5717,8,train,3,False
5718,13,train,2,False
5719,7,test,,False
5720,5,train,4,False
5721,5,train,4,False
5722,7,test,,False
5723,0,test,,False
5729,8,train,3,False
5730,1,train,0,False
5731,10,train,1,False
5732,7,test,,False
5733,7,test,,False
5734,7,test,,False
5735,7,test,,False
5737,7,test,,False
5738,7,test,,False
5739,7,test,,False
5740,7,test,,False
5741,7,test,,False
5743,165,test,,False
5745,12,train,3,False
5746,12,train,3,False
5747,12,train,3,False
5748,12,train,3,False
5749,12,train,3,False
5750,12,train,3,False
5751,12,train,3,False
5752,12,train,3,False
5753,12,train,3,False
5754,12,train,3,False
5755,5,train,4,False
5756,12,train,3,False
5757,5,train,4,False
5758,12,train,3,False
5759,16,train,1,False
5760,16,train,1,False
5761,16,train,1,True
5762,16,train,1,False
5763,16,train,1,False
5764,16,train,1,False
5765,16,train,1,False
5766,16,train,1,False
5768,12,train,3,False
5770,12,train,3,False
5771,7,test,,False
5772,12,train,3,True
5773,12,train,3,True
5777,139,train,3,False
5778,139,train,3,False
5786,8,train,3,False
5787,8,train,3,False
5788,8,train,3,False
5790,8,train,3,False
5791,8,train,3,False
5792,8,train,3,False
5794,21,train,0,False
5795,0,test,,False
5796,0,test,,False
5799,7,test,,False
5800,7,test,,True
5801,7,test,,False
5802,0,test,,False
5804,8,train,3,False
5805,13,train,2,False
5806,13,train,2,False
5809,107,train,3,False
5811,298,train,4,False
5817,129,train,3,False
5818,15,test,,False
5819,15,test,,False
5820,15,test,,False
5821,15,test,,False
5822,15,test,,False
5823,15,test,,False
5824,15,test,,False
5825,15,test,,False
5826,15,test,,False
5827,15,test,,False
5829,15,test,,False
5830,15,test,,False
5831,15,test,,False
5835,299,train,3,False
5836,10,train,1,False
5837,300,train,2,False
5839,8,train,3,False
5840,1,train,0,False
5841,6,train,4,False
5842,7,test,,False
5843,12,train,3,False
5844,7,test,,False
5845,12,train,3,False
5852,301,train,1,False
5853,6,train,4,False
5854,6,train,4,False
5855,302,train,3,False
5857,8,train,3,False
5858,21,train,0,False
5859,8,train,3,False
5860,3,train,2,False
5861,3,train,2,False
5862,3,train,2,False
5863,8,train,3,False
5864,8,train,3,False
5875,78,train,4,False
5876,158,test,,False
5879,303,test,,False
5882,131,test,,False
5885,1,train,0,False
5887,0,test,,False
5889,8,train,3,False
5890,37,train,3,False
5914,5,train,4,False
5926,1,train,0,False
5931,1,train,0,False
5932,1,train,0,False
5933,1,train,0,False
5934,1,train,0,False
5936,5,train,4,False
5937,2,train,1,False
5938,2,train,1,False
5939,2,train,1,False
5940,2,train,1,False
5941,2,train,1,False
5942,23,train,4,True
5943,23,train,4,True
5944,23,train,4,True
5945,23,train,4,True
5946,23,train,4,True
5947,23,train,4,True
5948,23,train,4,True
5949,10,train,1,False
5950,10,train,1,False
5968,1,train,0,False
5969,1,train,0,False
5970,1,train,0,False
5971,1,train,0,False
5972,1,train,0,False
5973,1,train,0,False
5998,1,train,0,False
6001,1,train,0,False
6002,1,train,0,False
6003,1,train,0,False
6004,1,train,0,False
6005,7,test,,False
6006,7,test,,False
6007,10,train,1,False
6008,13,train,2,False
6009,13,train,2,False
6040,10,train,1,False
6042,0,test,,False
6070,3,train,2,False
6073,0,test,,False
6078,8,train,3,False
6080,8,train,3,False
6082,8,train,3,False
6083,10,train,1,False
6088,19,train,2,False
6089,3,train,2,True
6093,23,train,4,True
6104,304,test,,False
6111,17,train,4,False
6122,18,test,,False
6125,18,test,,False
6127,18,test,,False
6129,18,test,,False
6130,18,test,,False
6131,18,test,,False
6132,18,test,,False
6134,42,train,4,False
6137,23,train,4,True
6138,23,train,4,True
6139,23,train,4,True
6140,23,train,4,True
6141,23,train,4,True
6143,23,train,4,True
6147,23,train,4,True
6148,23,train,4,True
6149,23,train,4,True
6166,13,train,2,False
6167,16,train,1,False
6168,16,train,1,False
6169,16,train,1,False
6170,16,train,1,False
6187,23,train,4,True
6188,23,train,4,True
6189,23,train,4,True
6190,23,train,4,True
6191,23,train,4,True
6192,23,train,4,True
6193,23,train,4,True
6194,23,train,4,True
6195,23,train,4,True
6196,23,train,4,True
6197,11,train,0,False
6198,11,train,0,False
6199,11,train,0,False
6200,11,train,0,False
6202,0,test,,False
6203,2,train,1,False
6204,10,train,1,True
6205,10,train,1,True
6207,10,train,1,False
6208,10,train,1,False
6209,10,train,1,False
6228,10,train,1,False
6234,4,train,3,False
6236,4,train,3,False
6238,4,train,3,True
6243,4,train,3,False
6246,4,train,3,False
6247,4,train,3,False
6249,4,train,3,False
6251,0,test,,False
6270,54,train,2,True
6273,54,train,2,True
6275,54,train,2,True
6276,54,train,2,True
6278,54,train,2,True
6279,54,train,2,True
6280,54,train,2,True
6281,1,train,0,False
6282,54,train,2,True
6284,54,train,2,True
6285,23,train,4,True
6286,23,train,4,True
6287,23,train,4,True
6288,23,train,4,True
6293,23,train,4,True
6296,23,train,4,True
6297,23,train,4,True
6299,23,train,4,True
6302,23,train,4,True
6303,23,train,4,True
6304,4,train,3,False
6320,8,train,3,False
6333,74,test,,False
6334,8,train,3,False
6335,18,test,,False
6336,18,test,,False
6342,17,train,4,False
6343,9,train,2,False
6345,17,train,4,False
6349,9,train,2,False
6353,17,train,4,False
6356,17,train,4,False
6362,18,test,,True
6363,18,test,,True
6364,18,test,,True
6365,3,train,2,False
6366,3,train,2,False
6367,3,train,2,False
6368,3,train,2,False
6369,3,train,2,False
6383,3,train,2,False
6384,5,train,4,False
6385,5,train,4,False
6391,1,train,0,False
6395,1,train,0,False
6397,1,train,0,False
6400,1,train,0,False
6406,1,train,0,False
6413,5,train,4,False
6414,305,train,3,False
6415,306,train,2,False
6416,8,train,3,False
6417,307,train,1,False
6419,24,test,,False
6420,8,train,3,False
6423,8,train,3,False
6436,1,train,0,False
6438,308,train,2,False
6439,8,train,3,False
6440,8,train,3,False
6450,1,train,0,True
6451,1,train,0,True
6452,1,train,0,True
6454,5,train,4,True
6455,5,train,4,True
6460,5,train,4,True
6462,1,train,0,False
6463,1,train,0,False
6464,309,train,1,False
6469,8,train,3,False
6482,0,test,,False
6505,10,train,1,False
6527,1,train,0,False
6530,10,train,1,False
6532,1,train,0,False
6543,10,train,1,False
6544,6,train,4,False
6546,10,train,1,False
6547,10,train,1,False
6548,130,train,3,True
6549,130,train,3,True
6551,10,train,1,False
6568,48,train,0,False
6587,10,train,1,False
6590,23,train,4,True
6591,23,train,4,True
6592,23,train,4,True
6594,10,train,1,False
6595,310,train,4,False
6614,108,test,,True
6615,10,train,1,False
6622,10,train,1,False
6623,311,train,0,False
6636,312,train,4,False
6649,0,test,,False
6650,0,test,,False
6651,0,test,,False
6653,0,test,,True
6654,0,test,,False
6655,0,test,,False
6658,0,test,,False
6665,0,test,,False
6666,0,test,,False
6667,0,test,,True
6668,0,test,,True
6669,22,train,3,False
6671,30,train,2,True
6673,30,train,2,True
6676,30,train,2,True
6686,30,train,2,True
6688,30,train,2,True
6690,30,train,2,True
6691,313,train,2,True
6694,29,train,1,False
6695,29,train,1,False
6696,29,train,1,False
6697,29,train,1,False
6698,29,train,1,False
6699,29,train,1,False
6700,29,train,1,False
6701,1,train,0,False
6702,16,train,1,False
6703,16,train,1,False
6704,13,train,2,False
6705,314,train,0,False
6706,1,train,0,False
6715,315,train,3,True
6716,30,train,2,True
6719,30,train,2,True
6725,30,train,2,True
6726,30,train,2,True
6728,30,train,2,True
6729,30,train,2,True
6730,30,train,2,True
6732,30,train,2,True
6733,166,train,0,True
6734,166,train,0,False
6736,30,train,2,True
6737,30,train,2,True
6738,30,train,2,True
6739,27,train,1,True
6740,116,test,,False
6741,11,train,0,True
6742,11,train,0,False
6743,89,train,3,False
6744,89,train,3,True
6745,27,train,1,True
6748,4,train,3,False
6749,4,train,3,False
6750,4,train,3,False
6751,4,train,3,False
6752,4,train,3,False
6753,4,train,3,False
6754,4,train,3,False
6755,4,train,3,False
6756,4,train,3,False
6757,4,train,3,False
6759,4,train,3,False
6760,10,train,1,False
6761,0,test,,False
6762,0,test,,False
6763,0,test,,False
6764,0,test,,False
6765,0,test,,False
6768,1,train,0,False
6769,0,test,,False
6770,0,test,,False
6771,4,train,3,True
6772,4,train,3,True
6773,4,train,3,True
6774,12,train,3,True
6775,12,train,3,True
6776,12,train,3,True
6777,0,test,,True
6778,0,test,,True
6779,0,test,,True
6781,316,train,2,True
6784,12,train,3,True
6785,82,train,4,False
6787,8,train,3,False
6788,8,train,3,False
6789,8,train,3,False
6790,8,train,3,False
6791,8,train,3,False
6792,2,train,1,False
6794,317,test,,False
6795,116,test,,True
6796,11,train,0,True
6797,10,train,1,False
6798,8,train,3,False
6799,8,train,3,False
6800,8,train,3,False
6801,8,train,3,False
6802,8,train,3,False
6803,8,train,3,False
6806,1,train,0,False
6810,6,train,4,False
6811,6,train,4,False
6812,6,train,4,False
6813,6,train,4,False
6814,6,train,4,False
6815,6,train,4,False
6816,6,train,4,False
6817,6,train,4,True
6818,6,train,4,False
6819,6,train,4,False
6820,6,train,4,False
6821,6,train,4,False
6822,6,train,4,False
6823,6,train,4,False
6824,6,train,4,False
6825,3,train,2,False
6826,3,train,2,False
6827,2,train,1,False
6828,2,train,1,False
6829,2,train,1,False
6830,2,train,1,False
6831,2,train,1,False
6832,2,train,1,False
6833,2,train,1,False
6836,16,train,1,False
6837,16,train,1,False
6838,16,train,1,False
6839,16,train,1,False
6840,16,train,1,False
6841,2,train,1,False
6842,3,train,2,False
6844,1,train,0,True
6846,0,test,,False
6847,0,test,,False
6851,10,train,1,False
6853,30,train,2,True
6856,0,test,,True
6857,0,test,,False
6869,30,train,2,True
6871,30,train,2,True
6873,4,train,3,False
6874,4,train,3,False
6875,4,train,3,False
6876,9,train,2,False
6877,11,train,0,False
6878,11,train,0,False
6879,318,train,1,False
6883,30,train,2,True
6884,3,train,2,False
6885,30,train,2,True
6886,3,train,2,False
6888,30,train,2,True
6890,30,train,2,True
6891,30,train,2,True
6892,30,train,2,True
6893,30,train,2,True
6894,30,train,2,True
6895,0,test,,False
6897,0,test,,False
6898,1,train,0,False
6901,9,train,2,False
6905,0,test,,False
6909,0,test,,False
6918,10,train,1,False
6919,6,train,4,False
6920,6,train,4,False
6923,1,train,0,False
6924,1,train,0,False
6925,1,train,0,False
6926,1,train,0,False
6927,1,train,0,False
6928,1,train,0,False
6929,1,train,0,False
6930,1,train,0,True
6931,1,train,0,False
6932,1,train,0,False
6933,1,train,0,False
6934,1,train,0,False
6935,1,train,0,False
6936,1,train,0,False
6937,1,train,0,False
6939,0,test,,True
6940,0,test,,True
6962,3,train,2,False
6963,3,train,2,False
6965,3,train,2,False
6966,9,train,2,False
6967,9,train,2,False
6968,3,train,2,False
6969,3,train,2,False
6971,3,train,2,False
6972,3,train,2,False
6975,9,train,2,False
6979,9,train,2,False
6980,9,train,2,False
6986,0,test,,False
6988,0,test,,False
6989,0,test,,False
6990,0,test,,False
6991,3,train,2,False
6993,3,train,2,False
6998,0,test,,False
7001,0,test,,False
7004,1,train,0,True
7006,7,test,,False
7007,7,test,,False
7008,13,train,2,False
7010,12,train,3,False
7011,8,train,3,False
7012,8,train,3,False
7013,37,train,3,False
7014,8,train,3,False
7016,37,train,3,False
7019,15,test,,False
7022,15,test,,False
7023,4,train,3,False
7028,15,test,,False
7031,22,train,3,True
7032,22,train,3,True
7033,22,train,3,True
7034,22,train,3,True
7038,1,train,0,False
7039,116,test,,True
7040,89,train,3,True
7041,0,test,,False
7042,6,train,4,False
7043,6,train,4,False
7045,4,train,3,False
7046,4,train,3,False
7047,4,train,3,False
7048,4,train,3,False
7049,4,train,3,False
7050,2,train,1,False
7051,2,train,1,False
7052,4,train,3,False
7053,4,train,3,False
7055,4,train,3,False
7057,4,train,3,False
7058,4,train,3,False
7061,4,train,3,False
7063,2,train,1,False
7064,2,train,1,False
7065,2,train,1,False
7066,4,train,3,False
7067,3,train,2,False
7068,2,train,1,False
7069,2,train,1,False
7070,2,train,1,False
7071,2,train,1,False
7072,2,train,1,False
7073,2,train,1,False
7074,2,train,1,False
7075,2,train,1,False
7076,2,train,1,False
7077,4,train,3,False
7078,2,train,1,False
7079,2,train,1,False
7080,2,train,1,False
7081,2,train,1,False
7082,2,train,1,False
7083,2,train,1,False
7084,2,train,1,False
7085,3,train,2,False
7086,2,train,1,False
7087,1,train,0,False
7088,2,train,1,False
7089,2,train,1,False
7090,2,train,1,False
7091,2,train,1,False
7095,2,train,1,False
7096,4,train,3,False
7102,5,train,4,False
7103,5,train,4,False
7104,5,train,4,False
7105,4,train,3,False
7106,6,train,4,False
7107,6,train,4,False
7108,6,train,4,False
7110,2,train,1,False
7111,2,train,1,False
7112,4,train,3,False
7113,4,train,3,False
7114,38,train,4,False
7115,38,train,4,False
7116,38,train,4,False
7117,38,train,4,False
7119,38,train,4,False
7120,10,train,1,False
7123,9,train,2,False
7125,9,train,2,False
7126,9,train,2,False
7127,0,test,,False
7129,8,train,3,False
7130,10,train,1,False
7131,11,train,0,False
7132,11,train,0,False
7133,3,train,2,False
7134,319,test,,False
7135,11,train,0,False
7136,31,train,0,False
7137,31,train,0,False
7138,31,train,0,False
7139,31,train,0,False
7140,31,train,0,False
7141,3,train,2,False
7142,320,train,3,False
7143,3,train,2,False
7144,2,train,1,False
7145,2,train,1,False
7146,2,train,1,False
7147,2,train,1,False
7148,10,train,1,False
7149,10,train,1,False
7151,6,train,4,False
7153,4,train,3,False
7154,5,train,4,False
7155,5,train,4,False
7156,5,train,4,False
7158,25,train,2,True
7160,25,train,2,True
7161,25,train,2,True
7163,2,train,1,False
7164,2,train,1,False
7165,9,train,2,True
7167,1,train,0,False
7168,1,train,0,False
7169,1,train,0,False
7170,1,train,0,False
7171,18,test,,False
7173,18,test,,False
7174,18,test,,False
7177,18,test,,False
7179,18,test,,True
7181,18,test,,True
7183,18,test,,True
7184,18,test,,True
7185,18,test,,True
7186,1,train,0,False
7187,1,train,0,False
7188,1,train,0,False
7189,1,train,0,False
7190,1,train,0,False
7191,18,test,,True
7192,18,test,,True
7193,18,test,,True
7194,18,test,,True
7195,18,test,,True
7196,18,test,,True
7197,18,test,,True
7198,18,test,,True
7199,18,test,,True
7200,18,test,,True
7201,18,test,,True
7202,18,test,,True
7203,18,test,,True
7204,18,test,,True
7205,18,test,,True
7206,18,test,,True
7208,93,train,3,False
7209,93,train,3,False
7210,93,train,3,False
7211,13,train,2,False
7212,46,train,0,False
7213,1,train,0,False
7214,1,train,0,False
7215,1,train,0,False
7216,1,train,0,False
7217,5,train,4,False
7218,0,test,,False
7219,0,test,,False
7220,75,train,2,True
7222,0,test,,True
7223,75,train,2,True
7224,321,train,1,True
7225,322,train,3,True
7226,323,train,2,True
7227,7,test,,False
7228,75,train,2,True
7229,75,train,2,True
7230,75,train,2,True
7236,6,train,4,False
7239,1,train,0,False
7240,1,train,0,True
7241,8,train,3,False
7242,0,test,,False
7243,0,test,,True
7244,5,train,4,False
7245,5,train,4,False
7246,5,train,4,False
7247,0,test,,True
7248,0,test,,True
7249,0,test,,True
7250,0,test,,False
7251,0,test,,True
7252,0,test,,True
7253,0,test,,True
7254,0,test,,True
7255,0,test,,True
7256,0,test,,True
7257,0,test,,True
7264,1,train,0,False
7265,1,train,0,False
7268,1,train,0,False
7269,1,train,0,False
7271,1,train,0,False
7273,1,train,0,False
7274,1,train,0,False
7275,1,train,0,False
7283,0,test,,True
7284,0,test,,True
7285,0,test,,True
7286,0,test,,True
7287,1,train,0,False
7288,1,train,0,False
7290,1,train,0,False
7291,1,train,0,False
7296,11,train,0,True
7297,11,train,0,True
7298,11,train,0,True
7301,11,train,0,True
7302,11,train,0,True
7303,11,train,0,True
7307,11,train,0,True
7308,11,train,0,True
7309,11,train,0,True
7310,11,train,0,True
7311,4,train,3,True
7312,4,train,3,True
7313,11,train,0,True
7316,4,train,3,True
7318,4,train,3,True
7319,11,train,0,True
7320,11,train,0,True
7321,4,train,3,True
7322,11,train,0,True
7323,4,train,3,True
7325,11,train,0,True
7326,11,train,0,True
7327,1,train,0,False
7328,1,train,0,False
7329,1,train,0,False
7330,324,train,2,False
7331,4,train,3,True
7337,4,train,3,True
7338,4,train,3,True
7340,11,train,0,True
7341,11,train,0,True
7342,11,train,0,True
7343,11,train,0,True
7344,11,train,0,True
7346,11,train,0,True
7347,11,train,0,True
7348,11,train,0,True
7349,11,train,0,True
7350,11,train,0,True
7351,11,train,0,True
7352,11,train,0,True
7353,11,train,0,True
7354,11,train,0,True
7355,11,train,0,True
7356,0,test,,False
7358,0,test,,False
7360,0,test,,False
7362,0,test,,False
7365,0,test,,False
7366,0,test,,False
7371,325,test,,False
7373,1,train,0,False
7376,7,test,,False
7381,7,test,,False
7383,1,train,0,False
7386,1,train,0,False
7397,37,train,3,False
7405,24,test,,False
7407,24,test,,False
7429,17,train,4,False
7430,17,train,4,False
7431,17,train,4,False
7432,17,train,4,False
7433,17,train,4,False
7434,17,train,4,True
7435,17,train,4,True
7436,17,train,4,True
7437,17,train,4,True
7443,17,train,4,True
7445,17,train,4,True
7446,17,train,4,True
7447,17,train,4,False
7455,17,train,4,True
7456,17,train,4,True
7457,17,train,4,True
7458,17,train,4,True
7459,17,train,4,True
7460,17,train,4,True
7461,17,train,4,True
7462,5,train,4,False
7463,0,test,,False
7464,5,train,4,False
7465,5,train,4,True
7466,5,train,4,True
7467,5,train,4,False
7468,15,test,,False
7471,15,test,,False
7477,14,train,4,False
7478,14,train,4,False
7479,14,train,4,False
7480,14,train,4,False
7481,14,train,4,False
7482,14,train,4,False
7483,14,train,4,False
7484,14,train,4,False
7485,24,test,,False
7486,24,test,,False
7487,14,train,4,True
7495,0,test,,False
7496,0,test,,False
7497,0,test,,False
7499,0,test,,False
7500,4,train,3,False
7501,4,train,3,False
7528,11,train,0,True
7529,11,train,0,True
7531,11,train,0,True
7533,11,train,0,True
7536,11,train,0,True
7542,11,train,0,True
7545,4,train,3,False
7546,4,train,3,False
7547,4,train,3,False
7549,4,train,3,False
7550,4,train,3,False
7551,3,train,2,False
7552,2,train,1,False
7553,2,train,1,False
7554,2,train,1,False
7555,3,train,2,False
7556,3,train,2,False
7560,0,test,,False
7561,0,test,,False
7562,0,test,,False
7563,0,test,,False
7564,0,test,,False
7580,11,train,0,False
7581,0,test,,False
7582,0,test,,False
7583,0,test,,False
7584,0,test,,False
7588,4,train,3,False
7595,20,train,1,True
7597,20,train,1,True
7599,20,train,1,True
7600,20,train,1,True
7601,20,train,1,True
7602,20,train,1,True
7603,20,train,1,True
7605,20,train,1,True
7606,20,train,1,True
7607,20,train,1,True
7608,20,train,1,True
7609,20,train,1,True
7610,20,train,1,True
7611,20,train,1,True
7612,20,train,1,True
7613,20,train,1,True
7617,11,train,0,False
7618,11,train,0,True
7619,11,train,0,True
7628,17,train,4,False
7629,17,train,4,False
7630,17,train,4,False
7631,0,test,,False
7632,0,test,,False
7633,0,test,,False
7634,0,test,,False
7638,7,test,,False
7639,8,train,3,False
7641,10,train,1,False
7642,8,train,3,False
7644,10,train,1,False
7646,5,train,4,False
7652,8,train,3,False
7653,8,train,3,False
7656,0,test,,False
7657,22,train,3,False
7659,1,train,0,False
7660,1,train,0,False
7661,1,train,0,False
7663,1,train,0,False
7664,1,train,0,False
7665,1,train,0,False
7666,2,train,1,False
7667,0,test,,False
7668,326,train,0,False
7669,327,test,,False
7670,5,train,4,False
7671,5,train,4,True
7673,5,train,4,True
7674,5,train,4,False
7675,2,train,1,False
7676,2,train,1,False
7677,2,train,1,False
7678,2,train,1,False
7679,2,train,1,False
7680,2,train,1,False
7681,2,train,1,False
7682,2,train,1,False
7683,2,train,1,False
7684,2,train,1,False
7692,103,train,3,True
7694,103,train,3,True
7695,103,train,3,True
7699,8,train,3,False
7700,8,train,3,True
7701,328,train,3,False
7702,7,test,,False
7719,329,train,4,False
7725,330,train,3,False
7729,1,train,0,False
7730,7,test,,False
7731,7,test,,False
7733,1,train,0,False
7734,1,train,0,False
7735,1,train,0,False
7743,331,train,1,True
7764,21,train,0,False
7765,3,train,2,False
7766,3,train,2,False
7767,3,train,2,False
7768,2,train,1,False
7769,0,test,,False
7770,7,test,,True
7771,40,train,4,False
7772,40,train,4,False
7773,40,train,4,False
7774,40,train,4,False
7780,40,train,4,False
7782,40,train,4,False
7784,40,train,4,False
7786,40,train,4,False
7788,40,train,4,False
7789,40,train,4,False
7792,40,train,4,False
7793,40,train,4,False
7795,40,train,4,False
7798,25,train,2,False
7801,25,train,2,False
7802,25,train,2,False
7803,25,train,2,False
7804,25,train,2,False
7805,25,train,2,False
7806,25,train,2,False
7807,25,train,2,False
7808,25,train,2,False
7809,25,train,2,False
7810,25,train,2,False
7811,3,train,2,False
7812,25,train,2,False
7813,25,train,2,False
7814,3,train,2,False
7815,3,train,2,False
7816,3,train,2,False
7817,2,train,1,True
7818,2,train,1,False
7819,6,train,4,False
7820,6,train,4,False
7821,6,train,4,False
7824,6,train,4,False
7826,6,train,4,True
7827,5,train,4,False
7829,6,train,4,True
7830,10,train,1,False
7831,6,train,4,True
7832,3,train,2,False
7837,3,train,2,False
7838,3,train,2,False
7839,3,train,2,False
7840,8,train,3,False
7841,8,train,3,False
7843,332,train,1,True
7844,62,train,2,True
7845,62,train,2,True
7846,333,test,,True
7847,62,train,2,True
7848,62,train,2,True
7849,62,train,2,True
7850,62,train,2,True
7851,62,train,2,True
7852,5,train,4,False
7853,3,train,2,False
7854,2,train,1,False
7856,19,train,2,False
7857,19,train,2,False
7858,19,train,2,False
7859,19,train,2,False
7860,19,train,2,False
7861,19,train,2,False
7864,19,train,2,False
7865,19,train,2,False
7866,19,train,2,False
7867,19,train,2,False
7868,19,train,2,False
7869,19,train,2,False
7871,21,train,0,False
7872,1,train,0,False
7873,21,train,0,False
7874,1,train,0,False
7875,14,train,4,False
7876,14,train,4,False
7877,19,train,2,False
7878,14,train,4,False
7879,19,train,2,False
7880,19,train,2,False
7881,19,train,2,False
7882,19,train,2,False
7883,19,train,2,False
7884,19,train,2,False
7885,19,train,2,False
7886,14,train,4,True
7890,14,train,4,True
7891,14,train,4,True
7893,14,train,4,False
7894,14,train,4,True
7895,14,train,4,True
7896,14,train,4,True
7897,19,train,2,False
7898,14,train,4,True
7899,19,train,2,False
7900,19,train,2,False
7902,19,train,2,False
7903,19,train,2,False
7905,19,train,2,False
7907,14,train,4,True
7909,14,train,4,True
7920,0,test,,False
7925,11,train,0,False
7927,11,train,0,False
7933,0,test,,False
7972,11,train,0,False
7973,11,train,0,False
7987,8,train,3,False
7994,334,train,0,True
8018,5,train,4,False
8019,5,train,4,False
8020,5,train,4,True
8021,5,train,4,True
8029,7,test,,False
8030,7,test,,False
8031,7,test,,False
8033,16,train,1,False
8034,16,train,1,False
8038,7,test,,False
8039,16,train,1,False
8040,16,train,1,False
8044,13,train,2,False
8045,13,train,2,False
8052,22,train,3,True
8056,22,train,3,True
8057,10,train,1,False
8061,4,train,3,True
8062,10,train,1,False
8063,1,train,0,False
8064,7,test,,False
8065,13,train,2,False
8066,6,train,4,False
8067,9,train,2,False
8070,9,train,2,False
8071,9,train,2,False
8074,22,train,3,False
8075,9,train,2,False
8076,22,train,3,False
8077,3,train,2,False
8078,4,train,3,False
8079,4,train,3,False
8080,22,train,3,False
8081,22,train,3,False
8083,4,train,3,True
8084,4,train,3,True
8085,21,train,0,False
8086,21,train,0,False
8087,21,train,0,False
8090,4,train,3,True
8091,4,train,3,True
8092,21,train,0,False
8094,16,train,1,False
8096,4,train,3,False
8097,4,train,3,True
8099,4,train,3,True
8101,4,train,3,True
8102,4,train,3,True
8103,4,train,3,True
8105,1,train,0,False
8109,4,train,3,False
8110,4,train,3,False
8111,4,train,3,False
8116,11,train,0,False
8117,11,train,0,False
8118,11,train,0,False
8120,4,train,3,True
8121,4,train,3,True
8126,17,train,4,False
8127,17,train,4,False
8128,3,train,2,False
8129,335,train,2,True
8130,336,train,2,False
8131,4,train,3,True
8132,4,train,3,True
8134,4,train,3,True
8135,4,train,3,False
8136,4,train,3,True
8137,0,test,,False
8138,0,test,,True
8139,1,train,0,False
8140,1,train,0,False
8141,1,train,0,False
8142,1,train,0,False
8143,0,test,,False
8144,1,train,0,False
8145,1,train,0,False
8146,1,train,0,False
8147,1,train,0,False
8148,1,train,0,False
8149,1,train,0,False
8150,21,train,0,False
8151,7,test,,False
8152,7,test,,False
8153,7,test,,False
8154,7,test,,False
8157,8,train,3,False
8158,8,train,3,False
8159,8,train,3,False
8170,21,train,0,False
8171,70,train,4,False
8172,337,train,1,False
8173,1,train,0,False
8174,1,train,0,False
8175,1,train,0,False
8176,1,train,0,False
8177,1,train,0,False
8179,21,train,0,False
8184,1,train,0,False
8185,1,train,0,False
8186,1,train,0,False
8187,1,train,0,False
8188,1,train,0,False
8189,1,train,0,False
8197,7,test,,False
8198,122,test,,False
8199,7,test,,False
8200,6,train,4,False
8203,7,test,,False
8204,16,train,1,False
8205,8,train,3,False
8206,74,test,,False
8207,52,train,4,False
8208,107,train,3,False
8211,10,train,1,False
8212,12,train,3,False
8214,2,train,1,False
8215,2,train,1,False
8216,2,train,1,False
8217,2,train,1,False
8218,6,train,4,False
8219,6,train,4,False
8221,37,train,3,False
8224,37,train,3,False
8226,37,train,3,False
8228,3,train,2,False
8229,3,train,2,False
8239,1,train,0,False
8241,1,train,0,False
8242,5,train,4,False
8248,5,train,4,False
8252,5,train,4,False
8253,5,train,4,False
8259,5,train,4,False
8272,3,train,2,False
8288,1,train,0,False
8289,1,train,0,False
8290,1,train,0,False
8291,1,train,0,False
8292,1,train,0,False
8293,1,train,0,False
8294,1,train,0,False
8295,1,train,0,False
8298,21,train,0,False
8301,21,train,0,False
8302,21,train,0,False
8306,2,train,1,False
8335,21,train,0,False
8337,7,test,,False
8339,7,test,,False
8345,11,train,0,False
8347,11,train,0,False
8349,11,train,0,False
8350,6,train,4,False
8351,338,train,0,False
8357,25,train,2,False
8362,0,test,,False
8363,0,test,,False
8365,8,train,3,False
8367,8,train,3,False
8371,8,train,3,False
8373,16,train,1,False
8374,16,train,1,False
8378,5,train,4,False
8381,8,train,3,False
8382,339,test,,False
8387,0,test,,False
8388,1,train,0,False
8389,1,train,0,False
8391,1,train,0,False
8392,1,train,0,False
8394,1,train,0,False
8395,1,train,0,False
8396,1,train,0,True
8397,1,train,0,True
8398,1,train,0,True
8399,1,train,0,True
8400,1,train,0,True
8401,1,train,0,True
8416,340,train,4,False
8422,6,train,4,False
8423,6,train,4,False
8424,6,train,4,False
8425,13,train,2,False
8426,13,train,2,False
8427,16,train,1,False
8428,341,train,1,False
8429,16,train,1,False
8430,13,train,2,False
8431,13,train,2,False
8432,16,train,1,False
8433,46,train,0,False
8434,13,train,2,False
8435,13,train,2,False
8436,16,train,1,False
8437,7,test,,False
8438,7,test,,False
8439,12,train,3,False
8440,12,train,3,False
8441,122,test,,False
8446,1,train,0,False
8447,7,test,,False
8448,7,test,,False
8449,3,train,2,True
8450,4,train,3,False
8472,3,train,2,True
8475,3,train,2,True
8477,3,train,2,True
8479,3,train,2,True
8480,6,train,4,False
8481,3,train,2,True
8482,3,train,2,True
8483,3,train,2,True
8484,3,train,2,True
8485,3,train,2,True
8486,6,train,4,False
8487,6,train,4,False
8488,6,train,4,False
8489,6,train,4,False
8490,6,train,4,False
8491,6,train,4,False
8492,6,train,4,False
8493,6,train,4,False
8494,6,train,4,False
8495,6,train,4,False
8497,6,train,4,False
8498,6,train,4,False
8499,6,train,4,False
8500,6,train,4,False
8501,6,train,4,False
8508,15,test,,False
8510,15,test,,False
8512,15,test,,False
8513,15,test,,False
8515,15,test,,False
8516,15,test,,True
8517,15,test,,False
8521,15,test,,True
8522,15,test,,True
8528,1,train,0,False
8541,14,train,4,False
8551,14,train,4,True
8553,14,train,4,True
8584,2,train,1,False
8585,12,train,3,False
8586,12,train,3,False
8587,12,train,3,False
8588,0,test,,False
8590,17,train,4,True
8591,17,train,4,True
8592,1,train,0,False
8593,1,train,0,False
8594,1,train,0,False
8595,17,train,4,False
8596,17,train,4,False
8597,92,test,,True
8603,17,train,4,True
8606,8,train,3,False
8607,10,train,1,False
8608,342,train,1,False
8609,8,train,3,False
8610,10,train,1,False
8612,8,train,3,False
8613,6,train,4,False
8614,6,train,4,False
8615,15,test,,False
8616,15,test,,False
8617,6,train,4,False
8618,6,train,4,False
8619,6,train,4,False
8620,17,train,4,False
8621,17,train,4,False
8623,92,test,,True
8624,17,train,4,False
8625,17,train,4,False
8626,17,train,4,False
8627,92,test,,True
8628,17,train,4,False
8632,17,train,4,True
8633,17,train,4,True
8634,17,train,4,True
8636,17,train,4,True
8637,17,train,4,True
8641,0,test,,False
8645,10,train,1,False
8646,3,train,2,False
8647,11,train,0,False
8650,11,train,0,False
8651,11,train,0,False
8652,11,train,0,False
8653,11,train,0,False
8654,11,train,0,False
8655,11,train,0,False
8674,11,train,0,False
8675,11,train,0,False
8677,11,train,0,False
8678,11,train,0,False
8679,11,train,0,False
8680,11,train,0,False
8681,11,train,0,False
8682,11,train,0,False
8701,8,train,3,False
8702,7,test,,False
8704,21,train,0,False
8709,6,train,4,False
8719,22,train,3,False
8720,22,train,3,False
8721,22,train,3,False
8722,4,train,3,False
8723,4,train,3,False
8724,33,train,3,True
8725,33,train,3,True
8726,33,train,3,True
8727,33,train,3,True
8728,33,train,3,True
8729,33,train,3,True
8734,50,test,,True
8736,3,train,2,True
8737,3,train,2,True
8738,33,train,3,True
8739,33,train,3,True
8741,33,train,3,True
8742,33,train,3,True
8743,33,train,3,True
8746,2,train,1,False
8747,2,train,1,False
8752,1,train,0,False
8753,50,test,,True
8754,50,test,,True
8755,50,test,,True
8756,50,test,,True
8757,50,test,,True
8758,50,test,,True
8759,50,test,,True
8760,50,test,,True
8761,343,train,2,True
8762,50,test,,True
8766,8,train,3,False
8767,63,train,3,False
8768,7,test,,False
8769,7,test,,False
8770,3,train,2,False
8771,3,train,2,False
8772,3,train,2,False
8773,3,train,2,False
8774,4,train,3,False
8775,3,train,2,False
8778,8,train,3,False
8789,21,train,0,False
8790,21,train,0,False
8791,15,test,,False
8792,15,test,,False
8793,15,test,,False
8794,15,test,,False
8795,344,train,0,False
8797,2,train,1,False
8798,2,train,1,False
8799,2,train,1,False
8800,2,train,1,False
8801,2,train,1,False
8802,2,train,1,False
8803,2,train,1,False
8804,2,train,1,False
8805,2,train,1,False
8806,2,train,1,False
8807,2,train,1,False
8808,8,train,3,False
8811,117,train,0,False
8813,15,test,,False
8814,345,train,0,False
8815,2,train,1,False
8816,2,train,1,False
8817,2,train,1,False
8820,0,test,,False
8825,0,test,,False
8829,5,train,4,False
8830,5,train,4,False
8831,5,train,4,False
8832,5,train,4,False
8833,5,train,4,False
8840,5,train,4,False
8841,5,train,4,False
8842,5,train,4,False
8843,5,train,4,False
8847,2,train,1,False
8848,2,train,1,True
8849,2,train,1,True
8850,2,train,1,True
8851,2,train,1,True
8852,2,train,1,True
8853,4,train,3,True
8854,4,train,3,True
8855,4,train,3,False
8856,0,test,,True
8857,0,test,,True
8858,0,test,,True
8859,0,test,,True
8860,0,test,,True
8861,5,train,4,False
8862,5,train,4,False
8863,346,train,2,True
8864,5,train,4,False
8865,5,train,4,False
8866,5,train,4,False
8867,5,train,4,False
8868,5,train,4,False
8869,5,train,4,False
8870,21,train,0,False
8873,24,test,,False
8875,24,test,,True
8878,24,test,,False
8880,6,train,4,True
8881,6,train,4,True
8882,6,train,4,True
8883,6,train,4,True
8884,4,train,3,False
8885,4,train,3,False
8886,4,train,3,False
8887,4,train,3,False
8888,4,train,3,False
8889,4,train,3,False
8892,347,train,3,False
8893,5,train,4,False
8894,5,train,4,False
8895,5,train,4,False
8896,5,train,4,False
8897,5,train,4,False
8898,5,train,4,False
8899,5,train,4,False
8900,5,train,4,False
8901,5,train,4,False
8902,5,train,4,True
8903,5,train,4,False
8904,5,train,4,False
8905,5,train,4,False
8906,5,train,4,True
8907,5,train,4,True
8908,5,train,4,False
8909,5,train,4,False
8910,5,train,4,True
8911,5,train,4,False
8912,5,train,4,False
8913,5,train,4,False
8914,5,train,4,True
8915,5,train,4,False
8916,5,train,4,False
8917,5,train,4,False
8918,5,train,4,False
8920,1,train,0,False
8921,1,train,0,False
8922,1,train,0,False
8923,1,train,0,False
8924,5,train,4,False
8925,1,train,0,False
8927,5,train,4,False
8928,5,train,4,False
8929,348,train,2,False
8930,349,train,1,False
8931,9,train,2,False
8937,19,train,2,True
8938,19,train,2,True
8939,19,train,2,True
8942,19,train,2,True
8943,1,train,0,False
8944,1,train,0,False
8945,1,train,0,False
8946,1,train,0,False
8947,1,train,0,False
8948,1,train,0,True
8956,10,train,1,False
8957,10,train,1,False
8958,10,train,1,False
8959,10,train,1,False
8960,10,train,1,False
8966,9,train,2,False
8967,9,train,2,False
8968,9,train,2,False
8969,9,train,2,False
8974,8,train,3,False
8975,8,train,3,False
8981,10,train,1,False
8982,10,train,1,False
8983,10,train,1,False
8984,10,train,1,False
8985,10,train,1,False
8995,4,train,3,False
8996,2,train,1,False
8997,4,train,3,False
8998,2,train,1,False
8999,10,train,1,False
9003,1,train,0,False
9004,1,train,0,False
9005,1,train,0,False
9006,1,train,0,False
9007,1,train,0,False
9008,1,train,0,False
9009,1,train,0,False
9010,1,train,0,False
9012,0,test,,False
9014,4,train,3,False
9016,12,train,3,False
9018,2,train,1,True
9019,4,train,3,True
9020,2,train,1,True
9022,350,train,2,True
9028,28,train,1,False
9035,28,train,1,False
9038,28,train,1,False
9039,28,train,1,False
9048,28,train,1,False
9052,29,train,1,False
9053,29,train,1,False
9054,29,train,1,False
9055,29,train,1,False
9057,28,train,1,False
9058,351,train,4,False
9073,12,train,3,True
9101,1,train,0,False
9104,4,train,3,False
9108,4,train,3,False
9109,7,test,,False
9110,7,test,,False
9111,7,test,,False
9112,7,test,,False
9113,7,test,,False
9115,10,train,1,False
9116,9,train,2,False
9117,9,train,2,False
9118,9,train,2,False
9119,9,train,2,False
9124,352,train,4,False
9126,1,train,0,False
9127,10,train,1,False
9129,13,train,2,False
9131,1,train,0,False
9132,353,train,4,False
9135,9,train,2,False
9143,4,train,3,False
9144,4,train,3,False
9145,4,train,3,False
9146,4,train,3,False
9147,4,train,3,False
9148,4,train,3,False
9153,4,train,3,False
9154,4,train,3,False
9155,4,train,3,False
9156,4,train,3,False
9157,12,train,3,False
9158,1,train,0,False
9159,1,train,0,False
9161,9,train,2,False
9162,9,train,2,False
9163,9,train,2,False
9164,9,train,2,False
9165,9,train,2,False
9166,9,train,2,False
9167,9,train,2,False
9168,0,test,,False
9169,0,test,,False
9170,2,train,1,False
9172,3,train,2,False
9173,0,test,,False
9174,9,train,2,False
9175,4,train,3,False
9179,5,train,4,False
9180,5,train,4,False
9183,19,train,2,True
9204,0,test,,False
9206,354,train,2,False
9208,10,train,1,False
9226,7,test,,False
9227,1,train,0,False
9228,1,train,0,False
9230,16,train,1,False
9234,4,train,3,False
9235,355,train,1,False
9236,4,train,3,False
9239,4,train,3,False
9240,4,train,3,False
9241,4,train,3,False
9242,4,train,3,False
9243,4,train,3,False
9245,15,test,,False
9253,27,train,1,False
9254,27,train,1,False
9255,27,train,1,True
9256,27,train,1,True
9257,27,train,1,True
9258,27,train,1,True
9259,27,train,1,False
9260,27,train,1,False
9261,27,train,1,True
9262,27,train,1,True
9263,27,train,1,False
9264,27,train,1,False
9265,27,train,1,False
9267,27,train,1,False
9268,27,train,1,False
9270,27,train,1,False
9271,27,train,1,True
9273,27,train,1,True
9274,27,train,1,True
9276,27,train,1,True
9277,27,train,1,False
9278,27,train,1,True
9279,27,train,1,False
9280,356,train,0,True
9281,27,train,1,False
9282,27,train,1,False
9283,27,train,1,False
9284,1,train,0,True
9285,27,train,1,True
9286,27,train,1,False
9287,1,train,0,True
9288,27,train,1,True
9289,357,test,,False
9291,27,train,1,False
9292,11,train,0,False
9294,3,train,2,False
9295,358,train,4,False
9296,11,train,0,False
9297,11,train,0,False
9298,11,train,0,False
9299,27,train,1,False
9300,11,train,0,False
9301,11,train,0,False
9302,141,test,,False
9303,11,train,0,False
9304,11,train,0,False
9305,141,test,,False
9306,27,train,1,True
9307,27,train,1,False
9309,11,train,0,False
9310,0,test,,False
9316,4,train,3,True
9317,4,train,3,False
9318,167,train,2,True
9325,4,train,3,False
9326,15,test,,False
9327,15,test,,False
9328,15,test,,False
9329,15,test,,False
9330,15,test,,False
9331,15,test,,False
9332,15,test,,False
9333,15,test,,False
9334,15,test,,False
9335,15,test,,False
9336,15,test,,False
9337,15,test,,False
9338,15,test,,False
9339,15,test,,False
9340,15,test,,False
9341,15,test,,False
9342,15,test,,False
9343,15,test,,False
9362,1,train,0,False
9363,1,train,0,False
9364,1,train,0,False
9365,8,train,3,False
9366,8,train,3,False
9367,8,train,3,False
9370,0,test,,False
9371,0,test,,False
9373,0,test,,False
9374,0,test,,False
9379,0,test,,False
9380,0,test,,False
9381,0,test,,False
9382,0,test,,False
9383,0,test,,False
9384,0,test,,False
9385,10,train,1,False
9386,10,train,1,False
9402,3,train,2,False
9404,4,train,3,False
9405,12,train,3,False
9406,12,train,3,False
9407,12,train,3,False
9439,2,train,1,False
9440,2,train,1,False
9441,2,train,1,False
9442,4,train,3,False
9454,23,train,4,True
9455,69,train,0,True
9457,69,train,0,True
9458,168,test,,True
9459,168,test,,True
9460,69,train,0,True
9461,69,train,0,True
9462,69,train,0,True
9463,23,train,4,True
9464,23,train,4,True
9465,23,train,4,True
9466,7,test,,False
9467,7,test,,False
9468,7,test,,False
9469,7,test,,False
9470,11,train,0,True
9471,0,test,,False
9472,0,test,,True
9473,0,test,,True
9474,0,test,,True
9478,0,test,,False
9479,0,test,,False
9480,0,test,,False
9481,0,test,,False
9485,3,train,2,True
9486,3,train,2,True
9488,3,train,2,False
9490,31,train,0,False
9491,359,train,4,False
9493,9,train,2,False
9494,5,train,4,False
9495,5,train,4,False
9496,56,train,3,True
9497,9,train,2,True
9498,56,train,3,True
9499,56,train,3,True
9500,56,train,3,True
9501,56,train,3,True
9502,3,train,2,True
9503,3,train,2,True
9505,56,train,3,True
9506,56,train,3,True
9507,360,train,2,True
9508,3,train,2,True
9509,361,train,2,True
9510,56,train,3,True
9511,56,train,3,True
9512,3,train,2,True
9513,3,train,2,True
9514,3,train,2,True
9515,3,train,2,True
9516,3,train,2,True
9517,9,train,2,True
9518,9,train,2,True
9519,9,train,2,True
9520,9,train,2,True
9521,9,train,2,False
9522,9,train,2,True
9524,2,train,1,False
9526,10,train,1,False
9527,10,train,1,False
9528,8,train,3,False
9530,2,train,1,False
9531,5,train,4,False
9532,5,train,4,False
9533,5,train,4,False
9534,5,train,4,False
9541,7,test,,False
9544,7,test,,False
9545,7,test,,False
9546,7,test,,False
9549,8,train,3,False
9562,1,train,0,False
9563,10,train,1,False
9570,2,train,1,False
9571,4,train,3,False
9572,5,train,4,False
9573,2,train,1,False
9574,0,test,,False
9578,11,train,0,False
9579,0,test,,True
9581,4,train,3,False
9583,0,test,,False
9584,9,train,2,False
9585,9,train,2,False
9588,2,train,1,False
9589,2,train,1,False
9592,12,train,3,False
9593,12,train,3,False
9594,12,train,3,False
9595,10,train,1,False
9597,362,train,4,False
9601,9,train,2,False
9602,9,train,2,True
9603,9,train,2,True
9604,8,train,3,False
9605,10,train,1,False
9606,18,test,,True
9607,18,test,,True
9609,363,train,2,True
9610,364,train,0,True
9611,365,train,0,True
9612,6,train,4,True
9614,366,train,2,True
9615,367,train,3,True
9616,368,train,2,True
9617,4,train,3,False
9618,2,train,1,False
9619,18,test,,True
9620,18,test,,True
9621,18,test,,True
9622,18,test,,True
9623,9,train,2,False
9624,9,train,2,False
9625,3,train,2,False
9626,4,train,3,False
9627,9,train,2,False
9628,9,train,2,False
9629,36,train,1,True
9630,4,train,3,False
9631,36,train,1,True
9632,36,train,1,True
9633,36,train,1,True
9634,0,test,,False
9635,0,test,,False
9637,36,train,1,True
9638,36,train,1,True
9639,36,train,1,True
9640,36,train,1,True
9641,36,train,1,True
9644,36,train,1,True
9645,36,train,1,True
9646,36,train,1,True
9647,36,train,1,True
9648,36,train,1,True
9649,36,train,1,True
9650,36,train,1,True
9651,36,train,1,True
9652,36,train,1,True
9653,36,train,1,True
9654,36,train,1,True
9655,36,train,1,True
9656,36,train,1,True
9657,36,train,1,True
9658,369,test,,True
9659,36,train,1,True
9660,370,train,0,True
9662,4,train,3,False
9663,0,test,,False
9664,4,train,3,False
9665,0,test,,False
9666,4,train,3,False
9667,0,test,,False
9668,4,train,3,False
9669,0,test,,False
9670,4,train,3,False
9671,0,test,,False
9672,0,test,,False
9673,8,train,3,False
9674,8,train,3,False
9675,1,train,0,False
9676,9,train,2,False
9677,3,train,2,False
9683,2,train,1,False
9685,371,test,,True
9688,2,train,1,True
9690,372,test,,True
9692,373,train,3,True
9702,111,train,0,False
9705,1,train,0,False
9706,1,train,0,False
9707,1,train,0,False
9708,1,train,0,False
9709,1,train,0,False
9712,1,train,0,False
9713,38,train,4,False
9715,38,train,4,False
9716,38,train,4,False
9717,38,train,4,False
9720,38,train,4,False
9721,38,train,4,False
9723,38,train,4,False
9724,38,train,4,False
9725,38,train,4,False
9729,6,train,4,False
9731,14,train,4,True
9732,14,train,4,True
9733,14,train,4,True
9738,6,train,4,False
9743,374,test,,False
9751,8,train,3,True
9753,5,train,4,False
9754,0,test,,False
9755,1,train,0,False
9757,7,test,,False
9759,8,train,3,False
9760,21,train,0,False
9761,8,train,3,False
9764,2,train,1,False
9768,5,train,4,True
9769,5,train,4,True
9770,4,train,3,False
9771,4,train,3,False
9772,4,train,3,False
9773,4,train,3,False
9774,2,train,1,False
9775,2,train,1,False
9776,2,train,1,False
9777,2,train,1,False
9778,2,train,1,False
9782,4,train,3,False
9783,4,train,3,False
9784,4,train,3,False
9798,7,test,,False
9799,7,test,,False
9800,7,test,,False
9801,7,test,,True
9803,7,test,,False
9804,7,test,,False
9805,7,test,,False
9808,7,test,,False
9809,7,test,,False
9810,7,test,,False
9811,7,test,,False
9812,21,train,0,False
9813,21,train,0,False
9814,21,train,0,False
9815,21,train,0,False
9816,21,train,0,False
9817,2,train,1,False
9818,2,train,1,False
9819,2,train,1,False
9820,2,train,1,False
9821,2,train,1,False
9822,2,train,1,True
9823,11,train,0,False
9824,11,train,0,False
9825,11,train,0,False
9826,11,train,0,False
9827,11,train,0,False
9828,11,train,0,False
9829,3,train,2,False
9830,11,train,0,False
9831,11,train,0,False
9838,11,train,0,False
9839,11,train,0,False
9840,11,train,0,False
9841,11,train,0,False
9842,11,train,0,True
9843,11,train,0,True
9844,11,train,0,True
9845,11,train,0,True
9846,11,train,0,True
9847,193,test,,False
9867,7,test,,False
9874,4,train,3,False
9875,4,train,3,False
9876,4,train,3,False
9877,4,train,3,False
9878,2,train,1,False
9879,17,train,4,False
9880,17,train,4,False
9881,17,train,4,False
9882,17,train,4,False
9883,17,train,4,False
9884,1,train,0,False
9885,6,train,4,True
9886,6,train,4,True
9887,6,train,4,True
9888,6,train,4,True
9889,6,train,4,True
9890,0,test,,False
9891,0,test,,False
9892,6,train,4,False
9893,6,train,4,False
9894,6,train,4,False
9895,6,train,4,False
9896,6,train,4,True
9897,6,train,4,True
9898,11,train,0,True
9899,11,train,0,True
9900,11,train,0,True
9901,11,train,0,True
9902,4,train,3,False
9903,4,train,3,False
9904,2,train,1,False
9905,2,train,1,False
9906,2,train,1,False
9907,2,train,1,False
9908,1,train,0,False
9909,1,train,0,False
9910,1,train,0,False
9911,1,train,0,False
9912,11,train,0,True
9913,11,train,0,True
9914,11,train,0,True
9915,11,train,0,True
9916,7,test,,False
9917,7,test,,False
9918,11,train,0,True
9921,375,train,1,False
9922,18,test,,False
9923,18,test,,False
9924,18,test,,False
9926,11,train,0,True
9927,11,train,0,True
9928,11,train,0,True
9929,11,train,0,True
9930,11,train,0,True
9931,11,train,0,True
9932,11,train,0,True
9933,11,train,0,True
9934,11,train,0,True
9935,11,train,0,True
9936,11,train,0,True
9937,11,train,0,True
9938,11,train,0,True
9939,11,train,0,True
9940,11,train,0,True
9941,11,train,0,True
9942,11,train,0,True
9943,11,train,0,True
9944,11,train,0,True
9945,5,train,4,False
9946,5,train,4,False
9952,7,test,,False
9953,5,train,4,False
9954,5,train,4,False
9956,5,train,4,False
9957,5,train,4,False
9958,7,test,,False
9959,7,test,,False
9961,2,train,1,False
9964,3,train,2,False
9965,1,train,0,False
9966,2,train,1,False
9967,376,train,0,False
9968,8,train,3,False
9969,1,train,0,False
9970,1,train,0,False
9971,1,train,0,False
9972,8,train,3,False
9973,8,train,3,False
9974,3,train,2,False
9975,377,test,,False
9984,1,train,0,False
9985,1,train,0,True
9986,1,train,0,False
9987,1,train,0,True
9988,1,train,0,False
9989,2,train,1,False
9990,2,train,1,False
9991,378,train,0,False
10000,3,train,2,False
10001,3,train,2,False
10002,3,train,2,False
10003,3,train,2,False
10004,3,train,2,False
10005,3,train,2,False
10020,1,train,0,True
10021,3,train,2,False
10031,11,train,0,True
10032,11,train,0,True
10033,11,train,0,True
10035,86,train,0,False
10037,11,train,0,True
10040,3,train,2,False
10041,22,train,3,False
10042,22,train,3,False
10046,5,train,4,False
10047,3,train,2,False
10048,2,train,1,False
10049,10,train,1,False
10051,2,train,1,False
10052,2,train,1,False
10053,2,train,1,False
10054,2,train,1,False
10060,11,train,0,True
10061,11,train,0,True
10062,11,train,0,True
10065,10,train,1,False
10068,11,train,0,True
10069,11,train,0,True
10070,11,train,0,True
10071,8,train,3,False
10072,8,train,3,False
10073,10,train,1,False
10074,10,train,1,False
10075,10,train,1,False
10076,10,train,1,False
10077,10,train,1,False
10078,11,train,0,True
10079,0,test,,False
10080,0,test,,False
10081,0,test,,False
10082,0,test,,False
10084,11,train,0,True
10085,5,train,4,False
10086,11,train,0,True
10088,5,train,4,False
10089,5,train,4,True
10091,5,train,4,True
10095,5,train,4,False
10096,0,test,,True
10098,0,test,,False
10099,4,train,3,False
10101,11,train,0,True
10102,11,train,0,True
10104,5,train,4,False
10105,5,train,4,False
10108,11,train,0,True
10109,11,train,0,True
10110,5,train,4,True
10111,5,train,4,True
10112,63,train,3,False
10113,3,train,2,False
10115,9,train,2,False
10116,9,train,2,False
10117,9,train,2,False
10118,9,train,2,False
10119,9,train,2,False
10120,9,train,2,False
10121,9,train,2,False
10122,9,train,2,False
10123,9,train,2,False
10124,9,train,2,False
10125,9,train,2,False
10126,9,train,2,False
10127,9,train,2,False
10128,9,train,2,False
10129,9,train,2,False
10130,9,train,2,False
10131,9,train,2,False
10132,9,train,2,False
10133,9,train,2,False
10134,9,train,2,False
10135,9,train,2,False
10136,9,train,2,False
10149,11,train,0,True
10150,4,train,3,False
10151,11,train,0,True
10152,4,train,3,False
10153,4,train,3,False
10154,4,train,3,False
10155,379,train,0,False
10156,4,train,3,False
10157,1,train,0,False
10159,4,train,3,False
10160,4,train,3,False
10161,4,train,3,False
10162,4,train,3,False
10163,4,train,3,False
10164,4,train,3,False
10165,4,train,3,False
10166,4,train,3,False
10167,11,train,0,False
10168,1,train,0,False
10169,2,train,1,False
10170,2,train,1,True
10171,2,train,1,False
10172,2,train,1,True
10173,2,train,1,True
10174,2,train,1,True
10175,2,train,1,False
10176,2,train,1,True
10177,2,train,1,True
10178,2,train,1,True
10179,2,train,1,True
10180,2,train,1,True
10182,10,train,1,False
10183,10,train,1,False
10186,11,train,0,True
10187,11,train,0,True
10188,11,train,0,True
10189,11,train,0,True
10190,11,train,0,True
10191,11,train,0,True
10192,11,train,0,True
10193,11,train,0,True
10194,11,train,0,True
10195,11,train,0,True
10196,11,train,0,True
10197,11,train,0,True
10198,11,train,0,True
10199,11,train,0,True
10200,11,train,0,True
10204,7,test,,False
10206,13,train,2,False
10210,7,test,,False
10211,7,test,,False
10212,16,train,1,False
10214,28,train,1,False
10216,7,test,,False
10217,7,test,,False
10222,13,train,2,False
10223,157,train,3,False
10229,0,test,,False
10244,7,test,,False
10245,7,test,,False
10247,7,test,,False
10248,16,train,1,False
10249,16,train,1,False
10251,16,train,1,False
10252,16,train,1,False
10254,380,train,1,False
10256,11,train,0,False
10258,142,test,,False
10259,142,test,,False
10277,0,test,,False
10278,0,test,,False
10279,0,test,,False
10280,0,test,,False
10281,0,test,,False
10284,4,train,3,False
10285,4,train,3,False
10286,4,train,3,False
10287,4,train,3,False
10288,4,train,3,False
10289,4,train,3,False
10290,15,test,,False
10291,7,test,,False
10292,7,test,,False
10293,7,test,,True
10294,5,train,4,False
10295,1,train,0,False
10296,1,train,0,False
10297,1,train,0,False
10298,1,train,0,False
10299,1,train,0,False
10300,3,train,2,True
10301,3,train,2,True
10302,3,train,2,True
10303,3,train,2,True
10304,3,train,2,False
10305,3,train,2,False
10316,4,train,3,False
10317,4,train,3,False
10318,2,train,1,False
10319,4,train,3,False
10320,4,train,3,False
10321,4,train,3,False
10322,4,train,3,False
10325,4,train,3,False
10326,4,train,3,False
10327,2,train,1,False
10336,0,test,,True
10337,0,test,,True
10338,0,test,,True
10339,8,train,3,False
10340,3,train,2,False
10341,3,train,2,False
10342,3,train,2,False
10343,8,train,3,False
10344,1,train,0,False
10349,1,train,0,False
10350,1,train,0,False
10351,10,train,1,False
10354,7,test,,False
10355,7,test,,False
10356,8,train,3,False
10357,58,train,0,False
10359,2,train,1,False
10360,11,train,0,False
10361,11,train,0,False
10362,11,train,0,False
10363,11,train,0,False
10364,11,train,0,False
10365,11,train,0,False
10366,11,train,0,False
10367,11,train,0,False
10368,11,train,0,False
10369,11,train,0,False
10370,11,train,0,False
10371,11,train,0,False
10372,11,train,0,False
10373,11,train,0,False
10374,11,train,0,False
10375,11,train,0,False
10376,11,train,0,False
10377,11,train,0,False
10378,11,train,0,False
10379,11,train,0,False
10380,11,train,0,False
10381,11,train,0,False
10382,11,train,0,False
10383,11,train,0,False
10384,11,train,0,False
10385,19,train,2,False
10386,19,train,2,False
10387,19,train,2,False
10388,19,train,2,False
10389,19,train,2,False
10390,19,train,2,False
10391,0,test,,False
10392,96,train,1,False
10393,381,train,1,False
10394,382,train,2,False
10395,383,train,4,False
10396,4,train,3,False
10398,8,train,3,False
10399,8,train,3,False
10400,384,train,4,False
10402,3,train,2,False
10403,6,train,4,False
10404,6,train,4,False
10405,3,train,2,False
10409,25,train,2,True
10425,12,train,3,False
10426,12,train,3,False
10427,12,train,3,False
10428,12,train,3,False
10429,12,train,3,False
10430,12,train,3,False
10436,1,train,0,False
10437,1,train,0,False
10450,3,train,2,False
10451,3,train,2,True
10452,3,train,2,True
10453,3,train,2,True
10454,3,train,2,True
10455,3,train,2,True
10481,1,train,0,False
10483,1,train,0,False
10484,1,train,0,False
10485,10,train,1,False
10486,10,train,1,False
10487,10,train,1,False
10488,10,train,1,False
10489,1,train,0,False
10490,1,train,0,False
10511,12,train,3,True
10512,12,train,3,True
10513,12,train,3,True
10514,12,train,3,True
10515,12,train,3,True
10516,12,train,3,True
10517,12,train,3,True
10518,12,train,3,True
10519,6,train,4,True
10520,8,train,3,False
10521,8,train,3,False
10522,8,train,3,False
10523,8,train,3,False
10524,17,train,4,False
10525,5,train,4,False
10526,5,train,4,False
10527,5,train,4,False
10528,29,train,1,False
10529,29,train,1,False
10530,29,train,1,False
10531,29,train,1,False
10532,385,train,4,False
10533,29,train,1,False
10534,29,train,1,False
10535,29,train,1,False
10536,29,train,1,False
10548,4,train,3,True
10553,4,train,3,False
10559,86,train,0,True
10560,19,train,2,False
10561,2,train,1,True
10562,2,train,1,False
10563,19,train,2,True
10564,17,train,4,False
10565,0,test,,False
10566,3,train,2,False
10567,17,train,4,False
10568,17,train,4,False
10569,17,train,4,False
10586,7,test,,False
10587,10,train,1,False
10588,8,train,3,False
10589,7,test,,False
10590,8,train,3,False
10591,10,train,1,False
10592,1,train,0,False
10593,37,train,3,False
10594,94,test,,True
10595,94,test,,True
10596,94,test,,True
10597,0,test,,False
10598,0,test,,False
10599,169,train,2,True
10600,169,train,2,True
10601,22,train,3,False
10602,22,train,3,False
10603,22,train,3,False
10604,22,train,3,False
10605,22,train,3,False
10606,22,train,3,False
10607,22,train,3,False
10609,22,train,3,False
10610,22,train,3,True
10611,22,train,3,False
10613,1,train,0,False
10614,6,train,4,True
10616,6,train,4,True
10618,6,train,4,True
10619,6,train,4,True
10620,6,train,4,True
10621,6,train,4,True
10622,6,train,4,True
10623,6,train,4,True
10624,6,train,4,True
10625,2,train,1,False
10626,2,train,1,False
10627,2,train,1,False
10628,2,train,1,True
10629,2,train,1,False
10630,2,train,1,False
10631,2,train,1,False
10632,2,train,1,False
10633,2,train,1,False
10634,4,train,3,False
10635,2,train,1,False
10636,2,train,1,False
10637,2,train,1,False
10638,2,train,1,False
10639,2,train,1,False
10640,3,train,2,False
10641,6,train,4,False
10642,3,train,2,False
10643,386,train,4,False
10644,6,train,4,False
10645,6,train,4,False
10646,3,train,2,False
10647,3,train,2,False
10648,3,train,2,False
10649,1,train,0,False
10650,12,train,3,False
10651,6,train,4,False
10652,1,train,0,False
10653,7,test,,False
10654,9,train,2,False
10655,9,train,2,False
10656,9,train,2,False
10657,9,train,2,False
10658,9,train,2,False
10659,9,train,2,False
10660,9,train,2,False
10661,9,train,2,False
10662,9,train,2,False
10663,9,train,2,False
10664,9,train,2,False
10665,9,train,2,False
10666,9,train,2,False
10667,9,train,2,False
10668,9,train,2,False
10669,9,train,2,False
10670,9,train,2,False
10674,11,train,0,False
10675,11,train,0,False
10676,11,train,0,False
10677,11,train,0,False
10678,11,train,0,False
10679,11,train,0,False
10680,11,train,0,False
10681,11,train,0,False
10682,3,train,2,False
10683,3,train,2,False
10691,10,train,1,False
10692,117,train,0,False
10694,6,train,4,False
10695,6,train,4,False
10696,6,train,4,False
10697,6,train,4,False
10699,6,train,4,False
10700,2,train,1,False
10701,2,train,1,False
10706,6,train,4,False
10707,6,train,4,False
10708,6,train,4,False
10709,6,train,4,False
10710,6,train,4,False
10711,6,train,4,False
10712,15,test,,False
10713,15,test,,False
10714,387,train,1,False
10715,8,train,3,False
10716,10,train,1,False
10717,10,train,1,False
10723,0,test,,False
10731,6,train,4,True
10732,6,train,4,True
10733,6,train,4,True
10734,6,train,4,False
10735,4,train,3,True
10736,4,train,3,True
10740,1,train,0,False
10742,16,train,1,False
10743,13,train,2,False
10744,13,train,2,False
10745,5,train,4,False
10747,5,train,4,True
10748,5,train,4,True
10753,6,train,4,False
10754,6,train,4,False
10755,10,train,1,False
10759,8,train,3,False
10760,8,train,3,False
10785,2,train,1,True
10786,2,train,1,True
10787,2,train,1,True
10805,30,train,2,True
10806,30,train,2,True
10807,30,train,2,True
10808,30,train,2,True
10809,30,train,2,True
10811,30,train,2,True
10812,131,test,,True
10815,388,train,0,False
10816,389,train,4,False
10817,390,test,,False
10818,391,train,4,False
10822,30,train,2,True
10824,30,train,2,True
10825,392,train,1,False
10826,393,train,1,False
10833,7,test,,False
10834,7,test,,False
10835,7,test,,False
10836,1,train,0,False
10837,1,train,0,False
10838,394,train,1,False
10839,3,train,2,False
10840,0,test,,False
10841,0,test,,False
10842,0,test,,False
10843,9,train,2,False
10844,9,train,2,False
10845,9,train,2,False
10846,0,test,,False
10847,0,test,,False
10848,0,test,,False
10849,5,train,4,False
10851,7,test,,False
10852,7,test,,False
10853,2,train,1,False
10854,2,train,1,False
10855,2,train,1,False
10856,2,train,1,False
10857,4,train,3,False
10865,395,train,1,False
10866,4,train,3,False
10867,21,train,0,False
10868,21,train,0,False
10875,4,train,3,False
10876,4,train,3,False
10878,10,train,1,False
10880,6,train,4,False
10883,2,train,1,False
10885,1,train,0,False
10889,10,train,1,False
10890,10,train,1,False
10891,10,train,1,False
10892,6,train,4,False
10897,22,train,3,False
10899,19,train,2,False
10900,15,test,,True
10905,22,train,3,False
10906,7,test,,False
10907,7,test,,False
10908,7,test,,False
10909,7,test,,False
10912,0,test,,False
10913,396,test,,False
10918,1,train,0,False
10919,5,train,4,False
10920,18,test,,False
10921,18,test,,False
10922,18,test,,False
10923,18,test,,False
10924,18,test,,False
10925,18,test,,False
10926,18,test,,False
10928,18,test,,False
10929,18,test,,True
10934,12,train,3,True
10935,12,train,3,True
10936,12,train,3,True
10938,12,train,3,True
10939,12,train,3,True
10940,12,train,3,True
10943,3,train,2,True
10944,8,train,3,False
10945,1,train,0,False
10965,0,test,,False
10967,0,test,,True
10969,10,train,1,False
10970,10,train,1,False
10971,10,train,1,False
10972,10,train,1,False
10973,10,train,1,False
10974,10,train,1,False
10975,10,train,1,False
10976,10,train,1,False
10977,10,train,1,False
10978,22,train,3,True
10979,22,train,3,True
10980,22,train,3,True
10981,22,train,3,True
10982,22,train,3,True
10983,22,train,3,True
10984,22,train,3,True
10985,22,train,3,True
10986,22,train,3,True
10987,22,train,3,True
10988,22,train,3,True
10989,22,train,3,True
10990,22,train,3,True
10991,22,train,3,True
10992,22,train,3,True
10993,22,train,3,True
10994,22,train,3,True
10995,22,train,3,True
10996,22,train,3,True
10997,22,train,3,True
10998,22,train,3,True
10999,22,train,3,True
11000,22,train,3,True
11004,22,train,3,True
11005,22,train,3,True
11006,22,train,3,True
11007,22,train,3,True
11008,22,train,3,True
11009,127,train,3,True
11010,127,train,3,True
11012,22,train,3,True
11013,22,train,3,True
11014,22,train,3,True
11017,11,train,0,False
11018,11,train,0,False
11019,11,train,0,True
11021,13,train,2,False
11026,2,train,1,False
11034,11,train,0,False
11035,11,train,0,True
11038,0,test,,False
11039,0,test,,False
11040,0,test,,False
11041,0,test,,True
11042,0,test,,True
11058,9,train,2,True
11059,9,train,2,True
11060,9,train,2,True
11061,9,train,2,True
11062,9,train,2,True
11063,9,train,2,True
11064,9,train,2,True
11065,0,test,,True
11066,2,train,1,False
11067,2,train,1,True
11069,1,train,0,False
11070,1,train,0,False
11074,8,train,3,False
11075,16,train,1,False
11076,16,train,1,False
11077,16,train,1,False
11078,5,train,4,False
11079,5,train,4,True
11080,5,train,4,True
11081,5,train,4,True
11082,5,train,4,True
11083,0,test,,True
11084,8,train,3,False
11085,8,train,3,False
11086,8,train,3,False
11087,4,train,3,False
11091,11,train,0,True
11092,11,train,0,True
11093,11,train,0,True
11094,11,train,0,True
11098,11,train,0,True
11099,11,train,0,True
11100,15,test,,False
11102,15,test,,False
11104,15,test,,False
11105,15,test,,False
11106,15,test,,False
11108,15,test,,False
11109,15,test,,False
11112,15,test,,False
11113,15,test,,False
11114,15,test,,False
11117,6,train,4,False
11118,6,train,4,False
11120,6,train,4,False
11121,6,train,4,False
11122,6,train,4,False
11123,6,train,4,False
11124,6,train,4,False
11125,6,train,4,False
11126,6,train,4,False
11127,25,train,2,True
11128,397,train,0,True
11129,25,train,2,True
11130,25,train,2,True
11131,398,train,1,True
11132,51,train,3,True
11133,51,train,3,True
11134,25,train,2,True
11135,25,train,2,True
11136,25,train,2,True
11137,25,train,2,True
11138,25,train,2,True
11139,25,train,2,True
11140,25,train,2,True
11141,25,train,2,True
11149,399,train,3,True
11150,11,train,0,True
11151,123,test,,True
11156,123,test,,True
11157,400,train,2,True
11158,8,train,3,False
11159,8,train,3,False
11160,8,train,3,False
11161,8,train,3,True
11162,8,train,3,True
11163,8,train,3,True
11164,8,train,3,False
11165,8,train,3,False
11166,1,train,0,False
11168,6,train,4,False
11171,2,train,1,False
11172,6,train,4,False
11173,3,train,2,False
11174,101,test,,False
11184,15,test,,False
11185,15,test,,False
11188,15,test,,False
11191,3,train,2,True
11202,401,test,,True
11203,402,train,2,True
11204,403,train,0,True
11205,404,train,0,True
11206,170,train,2,True
11207,170,train,2,True
11212,3,train,2,False
11213,3,train,2,False
11214,3,train,2,False
11215,3,train,2,False
11216,1,train,0,False
11217,1,train,0,False
11218,1,train,0,False
11219,1,train,0,False
11220,10,train,1,False
11221,12,train,3,False
11222,12,train,3,False
11224,5,train,4,False
11226,405,test,,True
11227,5,train,4,False
11228,0,test,,False
11229,0,test,,False
11230,9,train,2,False
11232,0,test,,False
11233,1,train,0,False
11234,1,train,0,False
11235,1,train,0,False
11236,1,train,0,False
11237,1,train,0,False
11238,1,train,0,False
11240,42,train,4,False
11241,132,train,0,False
11246,42,train,4,False
11248,42,train,4,False
11249,3,train,2,False
11252,1,train,0,False
11253,1,train,0,False
11254,3,train,2,False
11255,1,train,0,False
11256,0,test,,False
11257,1,train,0,False
11258,1,train,0,False
11259,1,train,0,False
11260,1,train,0,False
11261,1,train,0,False
11262,1,train,0,False
11263,6,train,4,False
11264,1,train,0,False
11270,7,test,,False
11271,7,test,,False
11272,13,train,2,False
11273,13,train,2,False
11274,8,train,3,False
11275,8,train,3,False
11276,8,train,3,False
11277,8,train,3,False
11278,8,train,3,False
11279,8,train,3,False
11280,8,train,3,False
11281,8,train,3,False
11282,8,train,3,False
11283,8,train,3,False
11284,8,train,3,False
11301,1,train,0,False
11302,38,train,4,False
11303,0,test,,False
11304,6,train,4,False
11305,6,train,4,False
11306,6,train,4,True
11320,6,train,4,False
11326,21,train,0,False
11328,2,train,1,False
11329,4,train,3,False
11335,4,train,3,False
11336,4,train,3,False
11337,5,train,4,False
11338,2,train,1,True
11339,1,train,0,False
11341,1,train,0,False
11343,8,train,3,False
11349,2,train,1,True
11350,1,train,0,False
11351,25,train,2,False
11352,25,train,2,True
11353,1,train,0,False
11356,1,train,0,False
11358,16,train,1,False
11359,7,test,,False
11360,10,train,1,False
11362,6,train,4,False
11363,6,train,4,False
11365,3,train,2,False
11366,10,train,1,False
11367,6,train,4,False
11368,1,train,0,False
11369,1,train,0,False
11370,3,train,2,False
11371,0,test,,False
11372,0,test,,False
11373,0,test,,False
11374,0,test,,True
11375,0,test,,False
11376,0,test,,False
11377,0,test,,False
11378,0,test,,False
11379,0,test,,False
11380,1,train,0,False
11381,1,train,0,False
11382,3,train,2,False
11383,1,train,0,False
11384,1,train,0,False
11385,22,train,3,False
11386,22,train,3,False
11387,22,train,3,True
11388,22,train,3,True
11389,22,train,3,True
11390,22,train,3,True
11392,4,train,3,False
11393,4,train,3,False
11394,4,train,3,False
11395,4,train,3,False
11396,4,train,3,False
11397,4,train,3,False
11398,4,train,3,False
11399,4,train,3,False
11400,4,train,3,False
11404,1,train,0,False
11405,1,train,0,False
11406,1,train,0,False
11407,2,train,1,False
11408,2,train,1,False
11409,2,train,1,False
11410,2,train,1,False
11412,2,train,1,False
11413,5,train,4,False
11440,50,test,,True
11441,50,test,,True
11468,5,train,4,False
11469,5,train,4,False
11470,9,train,2,False
11471,171,train,0,True
11472,4,train,3,True
11495,8,train,3,False
11496,1,train,0,False
11497,406,train,2,False
11498,407,train,1,False
11499,1,train,0,False
11500,408,train,0,False
11501,1,train,0,False
11502,1,train,0,False
11503,1,train,0,False
11504,171,train,0,True
11505,4,train,3,True
11506,4,train,3,True
11510,4,train,3,True
11512,4,train,3,True
11518,7,test,,False
11519,3,train,2,False
11525,1,train,0,False
11526,6,train,4,False
11527,19,train,2,False
11528,3,train,2,False
11536,10,train,1,False
11537,10,train,1,False
11539,3,train,2,False
11540,21,train,0,False
11542,8,train,3,False
11548,0,test,,False
11550,3,train,2,False
11551,3,train,2,False
11552,3,train,2,False
11553,3,train,2,False
11556,8,train,3,False
11557,8,train,3,False
11567,5,train,4,False
11568,5,train,4,False
11569,5,train,4,False
11570,1,train,0,False
11572,1,train,0,False
11612,2,train,1,False
11616,2,train,1,False
11620,4,train,3,False
11621,4,train,3,False
11623,4,train,3,False
11624,4,train,3,False
11634,2,train,1,False
11635,2,train,1,False
11636,2,train,1,False
11637,2,train,1,False
11638,2,train,1,False
11639,4,train,3,False
11640,2,train,1,False
11641,2,train,1,False
11642,2,train,1,False
11643,2,train,1,False
11644,2,train,1,False
11645,2,train,1,False
11646,2,train,1,False
11647,2,train,1,False
11648,4,train,3,False
11649,2,train,1,False
11650,2,train,1,False
11651,4,train,3,False
11652,4,train,3,False
11653,4,train,3,False
11656,4,train,3,False
11657,4,train,3,False
11658,4,train,3,False
11659,4,train,3,False
11660,4,train,3,False
11661,4,train,3,False
11662,4,train,3,False
11663,4,train,3,False
11664,4,train,3,False
11665,4,train,3,False
11666,4,train,3,False
11667,4,train,3,False
11674,10,train,1,False
11699,19,train,2,False
11700,19,train,2,False
11701,19,train,2,False
11702,19,train,2,False
11731,409,train,1,False
11733,10,train,1,False
11734,19,train,2,False
11735,19,train,2,False
11736,19,train,2,False
11737,19,train,2,False
11738,19,train,2,False
11739,19,train,2,False
11740,19,train,2,False
11741,19,train,2,False
11742,19,train,2,False
11743,19,train,2,False
11744,19,train,2,False
11745,19,train,2,False
11746,19,train,2,False
11747,19,train,2,False
11748,19,train,2,False
11749,19,train,2,False
11750,19,train,2,False
11751,19,train,2,False
11752,19,train,2,False
11753,19,train,2,False
11754,19,train,2,False
11755,19,train,2,False
11756,19,train,2,False
11757,19,train,2,False
11758,19,train,2,False
11759,19,train,2,False
11760,19,train,2,False
11761,19,train,2,False
11762,1,train,0,False
11765,14,train,4,False
11766,14,train,4,False
11768,14,train,4,False
11773,410,train,0,False
11775,411,test,,False
11776,8,train,3,False
11778,8,train,3,False
11779,8,train,3,False
11780,8,train,3,False
11781,8,train,3,False
11782,8,train,3,False
11783,8,train,3,False
11784,8,train,3,False
11785,8,train,3,False
11786,8,train,3,False
11787,8,train,3,False
11788,8,train,3,False
11789,8,train,3,False
11790,8,train,3,False
11791,8,train,3,False
11798,8,train,3,False
11799,8,train,3,False
11800,8,train,3,False
11801,8,train,3,False
11802,8,train,3,False
11803,412,train,4,False
11804,5,train,4,False
11805,5,train,4,False
11806,0,test,,False
11807,9,train,2,False
11809,3,train,2,False
11810,1,train,0,False
11811,10,train,1,False
11812,1,train,0,False
11813,1,train,0,True
11814,2,train,1,False
11815,2,train,1,False
11816,2,train,1,False
11817,2,train,1,False
11821,10,train,1,False
11822,0,test,,False
11823,0,test,,False
11824,0,test,,False
11825,0,test,,False
11827,0,test,,False
11829,0,test,,False
11830,0,test,,False
11831,0,test,,True
11832,0,test,,True
11833,0,test,,True
11834,0,test,,True
11836,1,train,0,False
11837,1,train,0,False
11838,1,train,0,False
11839,1,train,0,False
11840,1,train,0,False
11841,1,train,0,False
11842,2,train,1,False
11843,2,train,1,False
11844,0,test,,True
11845,0,test,,True
11846,0,test,,True
11847,0,test,,True
11848,0,test,,True
11849,0,test,,True
11850,6,train,4,False
11851,2,train,1,False
11852,3,train,2,False
11853,3,train,2,False
11854,3,train,2,True
11855,3,train,2,True
11856,3,train,2,True
11857,1,train,0,True
11858,1,train,0,False
11859,10,train,1,False
11860,2,train,1,False
11861,2,train,1,False
11866,5,train,4,False
11867,16,train,1,False
11869,3,train,2,True
11870,3,train,2,True
11871,3,train,2,True
11872,3,train,2,True
11873,3,train,2,True
11880,7,test,,False
11881,7,test,,False
11882,1,train,0,False
11883,1,train,0,False
11884,1,train,0,False
11885,1,train,0,False
11886,1,train,0,False
11887,1,train,0,False
11888,1,train,0,False
11890,1,train,0,False
11891,1,train,0,False
11892,1,train,0,False
11893,1,train,0,False
11894,1,train,0,False
11912,2,train,1,False
11933,1,train,0,False
11934,8,train,3,False
11935,10,train,1,False
11938,6,train,4,False
11942,0,test,,False
11943,0,test,,False
11944,177,test,,True
11945,4,train,3,True
11946,4,train,3,False
11947,4,train,3,False
11975,4,train,3,False
11977,4,train,3,False
11978,4,train,3,False
11983,21,train,0,False
11984,10,train,1,False
11989,1,train,0,False
12073,20,train,1,False
12074,11,train,0,True
12077,11,train,0,True
12078,11,train,0,True
12081,11,train,0,True
12083,9,train,2,False
12087,9,train,2,False
12088,9,train,2,False
12089,2,train,1,False
12090,9,train,2,False
12091,2,train,1,True
12094,2,train,1,True
12100,21,train,0,False
12101,8,train,3,False
12103,11,train,0,False
12104,11,train,0,False
12105,11,train,0,False
12107,413,train,0,False
12108,414,train,4,False
12109,0,test,,False
12110,1,train,0,False
12111,415,train,1,False
12112,5,train,4,False
12113,8,train,3,False
12114,8,train,3,False
12115,21,train,0,False
12116,1,train,0,False
12117,1,train,0,False
12118,1,train,0,False
12119,1,train,0,False
12120,1,train,0,False
12121,22,train,3,False
12129,80,test,,False
12131,1,train,0,False
12135,80,test,,False
12136,1,train,0,False
12138,2,train,1,False
12139,2,train,1,False
12140,2,train,1,False
12141,3,train,2,False
12142,3,train,2,False
12143,2,train,1,False
12144,2,train,1,False
12148,99,test,,True
12152,416,train,3,True
12154,99,test,,True
12155,417,train,1,True
12157,2,train,1,False
12158,2,train,1,False
12159,2,train,1,False
12160,4,train,3,False
12172,1,train,0,False
12173,418,train,4,False
12184,13,train,2,False
12185,13,train,2,False
12186,13,train,2,False
12193,10,train,1,False
12194,1,train,0,False
12195,10,train,1,False
12202,10,train,1,False
12203,10,train,1,False
12204,10,train,1,False
12206,1,train,0,False
12207,10,train,1,False
12215,1,train,0,False
12216,1,train,0,False
12217,2,train,1,False
12218,2,train,1,False
12219,2,train,1,True
12220,2,train,1,True
12221,13,train,2,False
12222,1,train,0,False
12223,7,test,,False
12227,7,test,,False
12228,12,train,3,False
12229,6,train,4,False
12230,19,train,2,False
12231,19,train,2,False
12232,10,train,1,False
12233,19,train,2,False
12234,19,train,2,False
12235,19,train,2,False
12236,419,train,3,False
12237,5,train,4,False
12238,420,train,2,False
12240,421,train,1,False
12241,9,train,2,False
12242,17,train,4,False
12243,5,train,4,False
12245,10,train,1,False
12246,10,train,1,False
12247,10,train,1,False
12248,10,train,1,False
12250,10,train,1,False
12252,10,train,1,False
12253,10,train,1,False
12254,10,train,1,False
12255,422,train,2,False
12256,10,train,1,False
12257,10,train,1,False
12258,10,train,1,False
12260,10,train,1,False
12261,10,train,1,False
12262,10,train,1,False
12264,10,train,1,False
12265,10,train,1,False
12267,10,train,1,False
12269,10,train,1,False
12270,10,train,1,False
12271,10,train,1,False
12272,10,train,1,False
12274,10,train,1,False
12276,10,train,1,False
12279,10,train,1,False
12280,10,train,1,False
12283,10,train,1,False
12284,10,train,1,False
12289,10,train,1,False
12292,10,train,1,False
12300,10,train,1,False
12302,10,train,1,False
12306,10,train,1,False
12307,15,test,,False
12308,15,test,,False
12309,1,train,0,False
12311,13,train,2,False
12312,423,test,,False
12313,3,train,2,False
12314,3,train,2,False
12337,0,test,,False
12338,0,test,,True
12339,0,test,,True
12341,0,test,,True
12342,15,test,,False
12345,11,train,0,False
12346,11,train,0,False
12347,11,train,0,False
12348,11,train,0,False
12351,21,train,0,False
12352,11,train,0,True
12360,424,train,4,False
12361,11,train,0,True
12362,11,train,0,True
12363,12,train,3,False
12364,12,train,3,False
12365,12,train,3,False
12366,12,train,3,True
12369,15,test,,False
12370,15,test,,False
12371,15,test,,False
12372,15,test,,False
12373,15,test,,False
12374,1,train,0,False
12375,1,train,0,False
12376,6,train,4,False
12378,1,train,0,False
12380,8,train,3,False
12381,7,test,,False
12382,7,test,,False
12390,7,test,,False
12391,7,test,,False
12398,0,test,,True
12399,3,train,2,True
12400,5,train,4,True
12415,24,test,,False
12416,13,train,2,False
12417,7,test,,False
12418,7,test,,False
12428,6,train,4,False
12431,84,test,,True
12436,425,train,3,False
12437,108,test,,False
12438,426,train,2,False
12442,172,train,3,False
12443,172,train,3,False
12453,0,test,,False
12454,4,train,3,False
12455,4,train,3,False
12458,4,train,3,False
12459,4,train,3,False
12460,4,train,3,False
12494,16,train,1,False
12499,2,train,1,False
12500,2,train,1,False
12501,2,train,1,False
12502,2,train,1,False
12505,1,train,0,False
12506,1,train,0,False
12507,1,train,0,False
12508,7,test,,False
12511,1,train,0,False
12512,0,test,,False
12515,3,train,2,False
12517,5,train,4,True
12518,427,train,1,False
12519,2,train,1,False
12520,2,train,1,False
12521,428,test,,False
12522,15,test,,False
12523,15,test,,False
12524,15,test,,False
12525,1,train,0,False
12526,1,train,0,False
12528,31,train,0,False
12529,2,train,1,False
12530,28,train,1,False
12531,15,test,,False
12533,8,train,3,False
12534,8,train,3,False
12535,1,train,0,False
12536,1,train,0,False
12537,1,train,0,False
12538,1,train,0,False
12539,1,train,0,False
12546,96,train,1,True
12553,9,train,2,False
12557,429,train,1,False
12559,66,train,4,False
12561,66,train,4,False
12562,66,train,4,False
12563,66,train,4,False
12565,66,train,4,False
12570,3,train,2,False
12573,7,test,,False
12574,15,test,,False
12575,15,test,,False
12576,15,test,,False
12577,15,test,,False
12579,15,test,,False
12587,2,train,1,False
12588,2,train,1,True
12589,2,train,1,True
12590,2,train,1,True
12591,0,test,,False
12593,0,test,,False
12594,0,test,,False
12595,3,train,2,False
12596,3,train,2,False
12597,9,train,2,False
12599,4,train,3,False
12600,4,train,3,False
12601,0,test,,False
12602,0,test,,False
12603,3,train,2,False
12604,3,train,2,False
12605,9,train,2,False
12606,9,train,2,False
12607,4,train,3,False
12608,4,train,3,False
12609,4,train,3,False
12610,4,train,3,False
12611,4,train,3,False
12612,4,train,3,False
12619,2,train,1,False
12620,2,train,1,False
12621,2,train,1,False
12626,7,test,,False
12627,7,test,,False
12628,7,test,,False
12629,7,test,,False
12630,7,test,,False
12631,2,train,1,False
12632,6,train,4,False
12635,7,test,,False
12636,3,train,2,False
12640,1,train,0,False
12644,16,train,1,False
12645,2,train,1,True
12646,2,train,1,True
12647,11,train,0,False
12649,11,train,0,False
12650,11,train,0,False
12651,11,train,0,False
12652,11,train,0,False
12653,11,train,0,False
12654,11,train,0,False
12655,11,train,0,False
12656,11,train,0,False
12657,11,train,0,False
12658,11,train,0,False
12659,11,train,0,False
12660,11,train,0,False
12661,11,train,0,False
12662,11,train,0,False
12663,11,train,0,False
12664,11,train,0,False
12665,11,train,0,False
12669,8,train,3,False
12670,8,train,3,False
12671,8,train,3,False
12673,1,train,0,False
12674,10,train,1,False
12675,10,train,1,False
12676,10,train,1,False
12677,10,train,1,False
12687,7,test,,False
12691,10,train,1,False
12697,10,train,1,False
12702,9,train,2,False
12703,9,train,2,False
12704,9,train,2,False
12705,0,test,,False
12706,0,test,,False
12707,0,test,,False
12708,0,test,,False
12709,0,test,,False
12712,9,train,2,False
12713,9,train,2,False
12714,9,train,2,False
12715,9,train,2,False
12716,9,train,2,False
12717,0,test,,False
12718,0,test,,False
12719,0,test,,False
12720,0,test,,False
12721,0,test,,False
12723,9,train,2,False
12724,87,train,1,True
12725,87,train,1,True
12726,87,train,1,True
12727,173,test,,True
12728,173,test,,True
12729,26,train,0,True
12730,26,train,0,True
12732,0,test,,True
12733,26,train,0,True
12734,0,test,,True
12735,26,train,0,True
12736,0,test,,True
12737,26,train,0,True
12738,26,train,0,True
12739,0,test,,True
12740,0,test,,True
12742,0,test,,True
12744,26,train,0,True
12746,0,test,,True
12747,26,train,0,True
12748,26,train,0,True
12749,26,train,0,True
12751,0,test,,True
12756,0,test,,False
12757,32,train,0,False
12758,32,train,0,False
12759,32,train,0,False
12760,32,train,0,False
12761,32,train,0,False
12763,32,train,0,False
12764,32,train,0,False
12765,1,train,0,False
12766,32,train,0,False
12767,32,train,0,False
12769,0,test,,False
12770,0,test,,False
12771,2,train,1,False
12772,2,train,1,False
12773,2,train,1,False
12774,2,train,1,False
12775,2,train,1,False
12776,2,train,1,False
12780,1,train,0,False
12781,1,train,0,False
12792,5,train,4,False
12793,5,train,4,False
12794,5,train,4,False
12795,5,train,4,True
12796,5,train,4,True
12801,430,train,2,True
12804,5,train,4,False
12811,24,test,,False
12812,24,test,,False
12814,24,test,,False
12815,24,test,,False
12816,24,test,,False
12822,4,train,3,False
12823,4,train,3,False
12824,19,train,2,False
12825,19,train,2,False
12826,24,test,,False
12827,15,test,,False
12828,6,train,4,False
12829,4,train,3,False
12830,0,test,,False
12831,4,train,3,False
12832,5,train,4,False
12833,5,train,4,False
12834,5,train,4,False
12835,5,train,4,False
12836,5,train,4,False
12837,5,train,4,False
12838,5,train,4,False
12839,5,train,4,False
12840,5,train,4,False
12841,5,train,4,False
12842,8,train,3,False
12844,0,test,,False
12845,0,test,,False
12846,0,test,,False
12853,8,train,3,False
12854,8,train,3,False
12855,4,train,3,False
12856,1,train,0,False
12857,8,train,3,False
12858,1,train,0,False
12860,8,train,3,False
12861,8,train,3,False
12862,3,train,2,True
12863,1,train,0,False
12864,1,train,0,False
12865,1,train,0,False
12867,431,train,0,False
12869,432,train,3,False
12871,3,train,2,True
12872,3,train,2,True
12873,3,train,2,True
12874,3,train,2,True
12875,3,train,2,True
12876,3,train,2,True
12877,3,train,2,True
12879,3,train,2,True
12880,3,train,2,True
12885,3,train,2,False
12886,3,train,2,False
12887,24,test,,False
12898,24,test,,False
12899,24,test,,False
12925,0,test,,False
12926,0,test,,False
12927,0,test,,False
12928,0,test,,False
12944,0,test,,False
12945,2,train,1,False
12946,0,test,,False
12947,0,test,,False
12954,23,train,4,True
12956,23,train,4,True
12957,51,train,3,True
12961,51,train,3,True
12963,51,train,3,True
12964,51,train,3,True
12965,51,train,3,True
12966,1,train,0,False
12967,0,test,,False
12970,5,train,4,False
12971,5,train,4,True
12972,5,train,4,True
12973,5,train,4,True
12975,5,train,4,False
12987,26,train,0,True
12988,26,train,0,True
12989,26,train,0,True
12993,87,train,1,True
12997,10,train,1,False
12999,3,train,2,False
13004,23,train,4,True
13005,23,train,4,True
13006,0,test,,False
13007,0,test,,False
13008,0,test,,False
13009,0,test,,False
13010,0,test,,False
13011,0,test,,False
13012,0,test,,False
13013,0,test,,False
13014,9,train,2,False
13015,4,train,3,False
13016,0,test,,False
13017,0,test,,False
13027,8,train,3,False
13028,2,train,1,False
13029,2,train,1,False
13030,23,train,4,True
13031,23,train,4,True
13032,23,train,4,True
13033,23,train,4,True
13034,23,train,4,True
13035,23,train,4,True
13036,23,train,4,True
13037,23,train,4,True
13038,23,train,4,True
13039,2,train,1,False
13040,3,train,2,False
13041,3,train,2,False
13042,0,test,,False
13043,1,train,0,False
13044,1,train,0,False
13045,15,test,,False
13047,12,train,3,False
13053,0,test,,False
13058,21,train,0,False
13059,21,train,0,False
13060,21,train,0,False
13061,21,train,0,False
13062,21,train,0,False
13063,21,train,0,False
13064,21,train,0,False
13065,3,train,2,False
13066,3,train,2,False
13067,3,train,2,False
13068,3,train,2,False
13069,3,train,2,False
13070,3,train,2,False
13071,3,train,2,False
13072,3,train,2,False
13073,3,train,2,False
13077,8,train,3,False
13079,8,train,3,False
13080,8,train,3,False
13081,8,train,3,False
13082,8,train,3,False
13083,8,train,3,False
13084,8,train,3,False
13085,8,train,3,False
13088,8,train,3,False
13091,8,train,3,False
13093,8,train,3,False
13094,8,train,3,False
13097,8,train,3,False
13120,74,test,,False
13124,4,train,3,False
13125,2,train,1,False
13126,2,train,1,False
13127,0,test,,False
13143,433,train,3,True
13146,10,train,1,False
13151,5,train,4,False
13152,5,train,4,True
13153,5,train,4,False
13161,2,train,1,False
13162,2,train,1,False
13163,2,train,1,True
13165,2,train,1,True
13167,2,train,1,True
13168,2,train,1,True
13172,8,train,3,False
13181,15,test,,False
13182,15,test,,False
13183,15,test,,False
13184,3,train,2,False
13189,4,train,3,False
13190,8,train,3,False
13193,1,train,0,False
13195,1,train,0,False
13196,1,train,0,False
13197,14,train,4,False
13198,14,train,4,False
13199,14,train,4,False
13200,14,train,4,False
13201,14,train,4,False
13202,14,train,4,False
13203,14,train,4,False
13204,14,train,4,False
13206,14,train,4,False
13207,14,train,4,False
13208,14,train,4,False
13209,14,train,4,False
13210,14,train,4,False
13211,14,train,4,False
13212,14,train,4,False
13214,14,train,4,False
13215,14,train,4,False
13216,14,train,4,False
13217,14,train,4,False
13218,14,train,4,False
13219,14,train,4,False
13220,14,train,4,False
13221,14,train,4,False
13223,14,train,4,False
13224,14,train,4,False
13225,14,train,4,False
13226,14,train,4,False
13227,14,train,4,False
13228,14,train,4,False
13229,14,train,4,False
13230,14,train,4,False
13231,14,train,4,False
13232,14,train,4,False
13233,14,train,4,False
13234,14,train,4,False
13235,14,train,4,False
13236,14,train,4,False
13237,14,train,4,False
13238,14,train,4,False
13239,14,train,4,False
13240,14,train,4,False
13241,14,train,4,False
13242,14,train,4,False
13243,14,train,4,False
13244,14,train,4,False
13246,2,train,1,False
13252,4,train,3,False
13254,1,train,0,False
13255,8,train,3,False
13256,1,train,0,False
13257,14,train,4,False
13258,14,train,4,False
13259,14,train,4,False
13260,14,train,4,False
13261,14,train,4,False
13262,14,train,4,False
13263,14,train,4,False
13264,14,train,4,False
13265,14,train,4,False
13266,14,train,4,False
13267,14,train,4,False
13268,14,train,4,False
13269,14,train,4,False
13270,14,train,4,False
13271,14,train,4,False
13272,14,train,4,False
13273,8,train,3,False
13274,14,train,4,False
13275,14,train,4,False
13276,14,train,4,False
13277,14,train,4,False
13278,14,train,4,False
13279,14,train,4,False
13280,14,train,4,False
13281,14,train,4,False
13282,14,train,4,False
13283,14,train,4,False
13284,14,train,4,False
13285,14,train,4,False
13286,14,train,4,False
13287,14,train,4,False
13288,14,train,4,False
13289,14,train,4,False
13290,14,train,4,False
13291,14,train,4,False
13292,14,train,4,False
13293,14,train,4,False
13294,14,train,4,False
13295,14,train,4,False
13296,14,train,4,False
13297,14,train,4,False
13298,14,train,4,False
13299,14,train,4,False
13300,14,train,4,False
13301,14,train,4,False
13302,14,train,4,False
13303,14,train,4,False
13319,434,train,2,True
13330,0,test,,False
13331,3,train,2,False
13343,0,test,,False
13347,7,test,,False
13348,7,test,,False
13349,7,test,,False
13350,7,test,,False
13351,0,test,,False
13352,0,test,,False
13353,0,test,,False
13354,0,test,,False
13355,0,test,,False
13356,0,test,,False
13357,0,test,,False
13358,0,test,,False
13361,3,train,2,False
13362,3,train,2,False
13363,3,train,2,False
13364,0,test,,False
13365,0,test,,False
13366,0,test,,False
13367,0,test,,False
13368,0,test,,False
13371,0,test,,False
13373,0,test,,False
13374,0,test,,False
13375,0,test,,False
13376,0,test,,False
13377,0,test,,False
13378,0,test,,False
13379,0,test,,False
13385,0,test,,False
13386,0,test,,False
13387,0,test,,False
13388,0,test,,False
13389,0,test,,False
13394,0,test,,False
13398,0,test,,False
13399,0,test,,False
13402,0,test,,False
13412,0,test,,False
13413,0,test,,False
13414,0,test,,False
13426,17,train,4,False
13428,17,train,4,False
13429,17,train,4,False
13430,17,train,4,False
13431,435,train,2,False
13432,436,train,0,True
13442,7,test,,False
13445,3,train,2,False
13446,3,train,2,False
13447,5,train,4,False
13448,5,train,4,False
13449,6,train,4,False
13450,3,train,2,False
13452,6,train,4,False
13453,3,train,2,True
13454,2,train,1,False
13456,1,train,0,False
13457,2,train,1,False
13458,1,train,0,False
13459,2,train,1,False
13460,2,train,1,False
13461,2,train,1,True
13462,21,train,0,False
13464,3,train,2,True
13485,9,train,2,False
13486,5,train,4,False
13487,0,test,,False
13489,5,train,4,False
13491,9,train,2,False
13492,9,train,2,False
13495,9,train,2,False
13498,9,train,2,False
13499,9,train,2,False
13500,9,train,2,False
13501,6,train,4,False
13502,4,train,3,False
13505,19,train,2,False
13506,19,train,2,False
13507,19,train,2,False
13514,49,train,2,False
13515,19,train,2,False
13517,19,train,2,False
13518,49,train,2,False
13519,49,train,2,True
13520,49,train,2,True
13521,49,train,2,True
13522,49,train,2,True
13523,49,train,2,True
13524,49,train,2,True
13525,49,train,2,True
13526,49,train,2,True
13527,49,train,2,True
13528,49,train,2,False
13529,2,train,1,False
13530,9,train,2,False
13531,2,train,1,False
13532,2,train,1,False
13533,2,train,1,False
13534,2,train,1,False
13535,2,train,1,False
13536,9,train,2,False
13537,2,train,1,False
13538,2,train,1,False
13539,18,test,,False
13540,2,train,1,False
13541,18,test,,False
13542,18,test,,False
13543,18,test,,False
13544,0,test,,False
13545,18,test,,False
13546,18,test,,False
13547,18,test,,False
13548,14,train,4,False
13549,14,train,4,False
13550,14,train,4,False
13551,15,test,,False
13552,15,test,,False
13553,15,test,,False
13554,15,test,,False
13555,18,test,,False
13556,18,test,,False
13557,18,test,,False
13558,18,test,,False
13559,14,train,4,False
13560,14,train,4,False
13561,14,train,4,False
13562,15,test,,False
13563,15,test,,False
13564,15,test,,False
13565,15,test,,False
13566,15,test,,False
13567,15,test,,False
13568,15,test,,False
13569,15,test,,False
13570,15,test,,False
13571,14,train,4,False
13572,14,train,4,False
13573,14,train,4,False
13574,14,train,4,False
13575,14,train,4,False
13576,14,train,4,False
13577,14,train,4,False
13578,14,train,4,False
13579,14,train,4,False
13580,14,train,4,False
13581,14,train,4,False
13582,14,train,4,False
13583,14,train,4,False
13584,14,train,4,False
13585,14,train,4,False
13586,14,train,4,False
13587,14,train,4,True
13588,437,train,0,False
13589,438,train,4,False
13591,14,train,4,True
13592,14,train,4,True
13593,14,train,4,True
13594,14,train,4,True
13595,14,train,4,True
13596,14,train,4,True
13597,14,train,4,True
13598,14,train,4,True
13599,14,train,4,False
13600,14,train,4,False
13601,14,train,4,False
13602,14,train,4,False
13603,14,train,4,False
13604,14,train,4,False
13605,14,train,4,False
13606,14,train,4,False
13607,14,train,4,False
13608,14,train,4,False
13609,14,train,4,False
13610,14,train,4,False
13611,14,train,4,False
13612,14,train,4,False
13613,14,train,4,False
13614,14,train,4,False
13615,14,train,4,False
13616,14,train,4,False
13617,14,train,4,False
13618,14,train,4,False
13619,14,train,4,False
13620,14,train,4,False
13621,14,train,4,False
13622,14,train,4,False
13623,13,train,2,False
13624,6,train,4,False
13625,13,train,2,False
13626,439,train,3,False
13628,15,test,,False
13629,0,test,,False
13631,0,test,,False
13632,0,test,,False
13633,4,train,3,False
13634,4,train,3,False
13635,0,test,,False
13636,0,test,,False
13645,1,train,0,False
13646,0,test,,False
13647,7,test,,False
13648,7,test,,False
13649,7,test,,False
13650,7,test,,False
13651,16,train,1,False
13652,16,train,1,False
13653,16,train,1,False
13654,16,train,1,False
13655,16,train,1,False
13656,16,train,1,False
13657,16,train,1,False
13658,16,train,1,False
13659,16,train,1,False
13661,16,train,1,False
13662,16,train,1,True
13663,8,train,3,False
13667,16,train,1,True
13668,2,train,1,False
13669,1,train,0,False
13670,2,train,1,False
13671,2,train,1,False
13672,2,train,1,False
13673,2,train,1,False
13674,2,train,1,False
13675,4,train,3,False
13676,2,train,1,False
13677,2,train,1,False
13678,2,train,1,False
13679,2,train,1,False
13680,2,train,1,False
13681,2,train,1,False
13682,2,train,1,False
13683,2,train,1,False
13684,4,train,3,False
13685,4,train,3,False
13686,4,train,3,False
13687,4,train,3,False
13688,4,train,3,False
13689,4,train,3,False
13690,0,test,,False
13691,0,test,,False
13692,2,train,1,False
13693,2,train,1,False
13694,5,train,4,False
13701,53,train,2,True
13702,53,train,2,True
13716,3,train,2,False
13722,2,train,1,False
13726,6,train,4,False
13727,0,test,,False
13728,0,test,,False
13729,0,test,,False
13730,440,train,4,False
13731,441,train,1,False
13734,12,train,3,False
13735,6,train,4,False
13737,12,train,3,False
13738,12,train,3,False
13739,10,train,1,False
13740,10,train,1,False
13742,12,train,3,False
13743,10,train,1,False
13744,12,train,3,False
13745,12,train,3,False
13746,12,train,3,True
13747,12,train,3,False
13750,1,train,0,True
13751,1,train,0,False
13754,1,train,0,True
13755,1,train,0,True
13757,1,train,0,True
13760,1,train,0,False
13761,1,train,0,False
13762,1,train,0,False
13763,1,train,0,False
13764,1,train,0,False
13765,1,train,0,False
13766,1,train,0,True
13767,1,train,0,True
13768,1,train,0,True
13769,6,train,4,True
13770,19,train,2,False
13771,2,train,1,False
13772,2,train,1,False
13775,19,train,2,False
13776,19,train,2,False
13777,4,train,3,False
13778,9,train,2,False
13780,19,train,2,True
13781,19,train,2,True
13782,19,train,2,True
13785,19,train,2,True
13786,7,test,,False
13787,4,train,3,False
13788,4,train,3,False
13789,4,train,3,True
13790,4,train,3,False
13791,10,train,1,False
13792,10,train,1,False
13793,10,train,1,False
13794,10,train,1,False
13795,10,train,1,False
13796,1,train,0,False
13797,16,train,1,True
13798,16,train,1,False
13800,16,train,1,False
13802,16,train,1,False
13806,1,train,0,False
13808,21,train,0,False
13809,21,train,0,False
13810,1,train,0,False
13811,0,test,,False
13812,0,test,,False
13813,0,test,,False
13814,0,test,,False
13815,0,test,,False
13816,0,test,,False
13817,0,test,,False
13818,0,test,,False
13819,0,test,,False
13820,0,test,,True
13821,0,test,,True
13822,0,test,,False
13823,0,test,,False
13824,0,test,,False
13827,0,test,,False
13831,28,train,1,False
13832,28,train,1,False
13833,28,train,1,False
13834,15,test,,False
13835,0,test,,False
13836,28,train,1,False
13837,2,train,1,True
13838,0,test,,False
13839,0,test,,True
13840,0,test,,False
13841,0,test,,False
13842,0,test,,False
13843,0,test,,False
13844,0,test,,False
13845,0,test,,False
13846,0,test,,False
13847,0,test,,False
13848,0,test,,False
13849,0,test,,True
13850,0,test,,False
13851,0,test,,False
13852,10,train,1,False
13853,10,train,1,False
13854,1,train,0,False
13855,17,train,4,False
13856,17,train,4,True
13857,17,train,4,True
13858,17,train,4,True
13859,17,train,4,True
13860,17,train,4,True
13861,17,train,4,True
13873,17,train,4,False
13874,17,train,4,False
13875,17,train,4,False
13876,17,train,4,False
13877,11,train,0,False
13878,0,test,,False
13879,0,test,,False
13880,0,test,,False
13881,9,train,2,False
13882,9,train,2,False
13883,9,train,2,False
13884,1,train,0,False
13885,22,train,3,True
13886,1,train,0,False
13888,10,train,1,False
13889,19,train,2,False
13890,19,train,2,False
13891,19,train,2,False
13892,10,train,1,False
13893,10,train,1,False
13894,10,train,1,False
13895,6,train,4,False
13896,8,train,3,False
13897,8,train,3,False
13898,8,train,3,False
13899,8,train,3,False
13906,25,train,2,False
13908,16,train,1,False
13909,16,train,1,False
13910,8,train,3,False
13911,6,train,4,False
13912,6,train,4,False
13913,6,train,4,False
13914,25,train,2,False
13915,25,train,2,False
13916,25,train,2,False
13917,25,train,2,False
13918,25,train,2,False
13919,25,train,2,False
13920,25,train,2,False
13921,25,train,2,False
13922,25,train,2,True
13923,25,train,2,False
13924,25,train,2,False
13925,25,train,2,False
13926,25,train,2,False
13927,25,train,2,False
13928,25,train,2,False
13929,3,train,2,False
13930,3,train,2,False
13931,1,train,0,False
13932,442,train,0,True
13936,3,train,2,False
13937,9,train,2,False
13938,9,train,2,False
13939,9,train,2,False
13940,9,train,2,False
13943,9,train,2,False
13944,9,train,2,False
13945,9,train,2,False
13946,9,train,2,False
13948,9,train,2,False
13949,9,train,2,False
13950,9,train,2,False
13952,9,train,2,False
13953,9,train,2,False
13956,9,train,2,False
13957,9,train,2,False
13958,9,train,2,False
13959,9,train,2,False
13960,9,train,2,False
13962,9,train,2,False
13963,9,train,2,False
13965,9,train,2,True
13966,9,train,2,True
13967,9,train,2,False
13968,9,train,2,False
13969,9,train,2,False
13970,9,train,2,False
13971,9,train,2,False
13972,13,train,2,False
13973,0,test,,False
13975,9,train,2,True
13976,9,train,2,True
13977,9,train,2,True
13978,0,test,,False
13979,0,test,,False
13980,0,test,,False
13981,0,test,,False
13982,0,test,,False
13983,0,test,,False
13984,1,train,0,False
13985,1,train,0,False
13986,17,train,4,False
13987,6,train,4,True
13988,6,train,4,True
13989,6,train,4,True
13990,6,train,4,True
13991,7,test,,False
13992,7,test,,False
13993,19,train,2,False
13994,7,test,,False
13995,7,test,,False
13998,4,train,3,False
13999,4,train,3,False
14000,4,train,3,False
14001,4,train,3,False
14002,4,train,3,False
14003,4,train,3,False
14004,4,train,3,False
14005,4,train,3,False
14006,4,train,3,False
14020,3,train,2,False
14021,3,train,2,False
14023,9,train,2,False
14024,9,train,2,False
14026,9,train,2,False
14027,9,train,2,False
14028,9,train,2,False
14029,8,train,3,False
14030,8,train,3,False
14031,0,test,,False
14032,0,test,,False
14033,0,test,,False
14034,0,test,,False
14035,0,test,,False
14036,12,train,3,False
14037,12,train,3,False
14038,1,train,0,False
14039,1,train,0,False
14040,28,train,1,False
14041,9,train,2,False
14042,9,train,2,True
14043,9,train,2,False
14044,9,train,2,False
14045,0,test,,False
14048,5,train,4,False
14049,443,train,2,True
14050,0,test,,True
14051,19,train,2,False
14064,444,test,,True
14066,6,train,4,False
14067,37,train,3,False
14068,445,train,3,False
14069,2,train,1,False
14072,446,train,2,False
14078,6,train,4,False
14081,3,train,2,False
14082,3,train,2,False
14099,3,train,2,False
14100,3,train,2,False
14101,7,test,,False
14102,7,test,,False
14103,179,train,1,True
14104,2,train,1,False
14105,3,train,2,False
14106,1,train,0,False
14107,1,train,0,False
14108,1,train,0,False
14109,5,train,4,False
14110,5,train,4,False
14111,0,test,,False
14114,0,test,,False
14115,447,train,4,False
14117,0,test,,False
14118,0,test,,False
14119,0,test,,True
14120,0,test,,True
14121,0,test,,False
14123,1,train,0,False
14126,6,train,4,False
14130,10,train,1,True
14132,10,train,1,True
14134,448,train,1,False
14135,449,train,1,True
14136,1,train,0,False
14137,1,train,0,False
14138,1,train,0,False
14139,1,train,0,False
14140,10,train,1,False
14145,7,test,,False
14146,7,test,,True
14147,8,train,3,False
14148,8,train,3,False
14149,8,train,3,False
14150,8,train,3,False
14154,11,train,0,True
14155,11,train,0,True
14156,10,train,1,False
14157,10,train,1,False
14158,10,train,1,False
14159,6,train,4,False
14160,6,train,4,False
14161,6,train,4,False
14162,1,train,0,False
14163,1,train,0,False
14164,0,test,,False
14165,6,train,4,False
14168,11,train,0,False
14171,11,train,0,False
14174,6,train,4,False
14175,6,train,4,False
14176,450,train,4,False
14177,9,train,2,False
14178,4,train,3,False
14179,11,train,0,True
14181,3,train,2,False
14182,7,test,,True
14183,7,test,,True
14190,4,train,3,False
14194,10,train,1,False
14195,0,test,,False
14197,10,train,1,False
14198,4,train,3,False
14199,4,train,3,False
14200,5,train,4,False
14201,9,train,2,False
14203,16,train,1,False
14204,16,train,1,False
14205,13,train,2,False
14206,13,train,2,False
14207,4,train,3,False
14208,4,train,3,False
14209,4,train,3,False
14210,5,train,4,False
14211,5,train,4,True
14212,5,train,4,False
14213,5,train,4,False
14214,5,train,4,True
14215,10,train,1,False
14216,0,test,,False
14217,0,test,,False
14218,0,test,,False
14219,0,test,,False
14220,0,test,,False
14221,0,test,,False
14222,0,test,,False
14223,0,test,,False
14224,0,test,,False
14225,0,test,,False
14226,5,train,4,False
14227,5,train,4,False
14228,5,train,4,False
14229,5,train,4,False
14231,5,train,4,False
14232,4,train,3,False
14233,5,train,4,False
14234,5,train,4,False
14235,4,train,3,False
14236,4,train,3,False
14237,4,train,3,False
14238,8,train,3,False
14239,8,train,3,False
14240,4,train,3,False
14241,4,train,3,False
14242,4,train,3,False
14243,4,train,3,False
14245,1,train,0,False
14246,1,train,0,False
14247,1,train,0,False
14248,1,train,0,False
14249,1,train,0,False
14250,1,train,0,False
14251,1,train,0,False
14252,1,train,0,False
14253,1,train,0,False
14254,1,train,0,True
14255,1,train,0,True
14256,1,train,0,True
14257,451,train,0,True
14258,4,train,3,False
14259,6,train,4,False
14260,6,train,4,False
14261,6,train,4,False
14262,6,train,4,False
14263,6,train,4,False
14264,6,train,4,False
14266,6,train,4,False
14267,6,train,4,False
14271,6,train,4,False
14272,1,train,0,False
14273,1,train,0,False
14274,3,train,2,False
14276,96,train,1,False
14281,11,train,0,True
14282,11,train,0,True
14283,11,train,0,True
14284,11,train,0,True
14285,11,train,0,True
14287,11,train,0,True
14288,11,train,0,True
14289,4,train,3,True
14290,4,train,3,True
14302,0,test,,False
14303,0,test,,False
14304,0,test,,False
14312,5,train,4,False
14313,10,train,1,False
14314,10,train,1,False
14315,10,train,1,False
14316,7,test,,False
14320,11,train,0,False
14321,3,train,2,False
14322,11,train,0,False
14323,3,train,2,False
14324,11,train,0,False
14325,3,train,2,False
14326,3,train,2,False
14327,3,train,2,False
14328,11,train,0,False
14329,3,train,2,False
14330,3,train,2,False
14331,11,train,0,False
14332,11,train,0,False
14333,3,train,2,False
14335,11,train,0,False
14336,11,train,0,False
14337,11,train,0,False
14338,3,train,2,False
14339,11,train,0,False
14340,3,train,2,False
14341,11,train,0,False
14342,3,train,2,False
14343,3,train,2,False
14344,3,train,2,False
14345,11,train,0,False
14346,3,train,2,False
14347,3,train,2,False
14350,3,train,2,False
14351,11,train,0,False
14352,11,train,0,False
14353,11,train,0,False
14356,11,train,0,False
14357,3,train,2,False
14359,3,train,2,False
14362,11,train,0,False
14364,3,train,2,False
14367,17,train,4,True
14374,17,train,4,True
14386,11,train,0,False
14387,11,train,0,False
14388,11,train,0,False
14391,22,train,3,True
14394,6,train,4,False
14398,6,train,4,False
14400,6,train,4,False
14401,6,train,4,False
14403,6,train,4,False
14404,10,train,1,False
14411,3,train,2,False
14412,2,train,1,False
14413,2,train,1,False
14415,2,train,1,False
14419,3,train,2,False
14420,3,train,2,False
14426,8,train,3,False
14430,14,train,4,False
14431,14,train,4,False
14435,2,train,1,True
14436,2,train,1,True
14437,2,train,1,True
14438,2,train,1,True
14439,2,train,1,False
14440,2,train,1,False
14441,2,train,1,False
14442,20,train,1,True
14443,20,train,1,True
14444,20,train,1,True
14445,20,train,1,True
14447,20,train,1,True
14448,20,train,1,True
14449,20,train,1,True
14450,20,train,1,True
14451,20,train,1,True
14452,20,train,1,True
14453,15,test,,False
14454,15,test,,False
14455,15,test,,False
14456,15,test,,False
14457,15,test,,False
14458,15,test,,False
14459,15,test,,False
14460,15,test,,False
14461,15,test,,False
14462,15,test,,False
14463,15,test,,False
14464,15,test,,False
14465,15,test,,False
14466,15,test,,False
14467,15,test,,False
14468,15,test,,False
14469,15,test,,False
14470,15,test,,False
14471,15,test,,False
14472,15,test,,False
14473,15,test,,False
14474,15,test,,False
14475,15,test,,False
14476,15,test,,False
14477,15,test,,False
14478,15,test,,False
14479,15,test,,False
14480,15,test,,False
14481,15,test,,False
14482,15,test,,False
14483,15,test,,False
14484,15,test,,False
14485,15,test,,False
14486,15,test,,False
14487,15,test,,False
14488,15,test,,False
14489,15,test,,False
14490,15,test,,False
14491,15,test,,False
14492,15,test,,False
14493,15,test,,False
14494,15,test,,False
14495,15,test,,False
14496,15,test,,False
14501,20,train,1,True
14502,20,train,1,True
14503,20,train,1,True
14505,20,train,1,True
14506,20,train,1,True
14507,20,train,1,True
14508,20,train,1,True
14509,20,train,1,True
14510,20,train,1,True
14511,20,train,1,True
14512,20,train,1,True
14513,20,train,1,True
14514,20,train,1,True
14515,20,train,1,True
14516,20,train,1,True
14517,20,train,1,True
14519,20,train,1,True
14520,20,train,1,True
14521,20,train,1,True
14522,452,train,2,True
14523,20,train,1,True
14524,20,train,1,True
14525,20,train,1,True
14526,20,train,1,True
14527,20,train,1,True
14529,20,train,1,True
14530,20,train,1,True
14531,20,train,1,True
14532,20,train,1,True
14533,20,train,1,True
14534,20,train,1,True
14535,20,train,1,True
14536,20,train,1,True
14537,20,train,1,True
14538,20,train,1,True
14540,20,train,1,True
14541,20,train,1,True
14542,20,train,1,True
14543,20,train,1,True
14544,20,train,1,True
14545,20,train,1,True
14546,20,train,1,True
14547,20,train,1,True
14548,20,train,1,True
14549,20,train,1,True
14550,20,train,1,True
14551,20,train,1,True
14552,20,train,1,True
14553,20,train,1,True
14554,20,train,1,True
14555,20,train,1,True
14556,20,train,1,True
14557,20,train,1,True
14558,20,train,1,True
14559,20,train,1,True
14560,20,train,1,True
14561,20,train,1,True
14562,20,train,1,True
14563,20,train,1,True
14564,20,train,1,True
14565,20,train,1,True
14566,20,train,1,True
14567,20,train,1,True
14568,20,train,1,True
14569,20,train,1,True
14570,20,train,1,True
14571,20,train,1,True
14572,20,train,1,True
14573,20,train,1,True
14574,20,train,1,True
14585,20,train,1,True
14586,20,train,1,True
14587,20,train,1,True
14588,20,train,1,True
14589,20,train,1,True
14590,20,train,1,True
14591,20,train,1,True
14592,20,train,1,True
14593,20,train,1,True
14594,20,train,1,True
14595,20,train,1,True
14596,20,train,1,True
14597,20,train,1,True
14598,20,train,1,True
14599,20,train,1,True
14600,20,train,1,True
14601,20,train,1,True
14602,20,train,1,True
14603,20,train,1,True
14604,20,train,1,True
14605,20,train,1,True
14606,20,train,1,True
14608,20,train,1,True
14609,20,train,1,True
14610,20,train,1,True
14611,20,train,1,True
14612,20,train,1,True
14613,20,train,1,True
14616,1,train,0,False
14621,6,train,4,False
14623,12,train,3,False
14624,8,train,3,False
14625,8,train,3,False
14626,2,train,1,False
14627,7,test,,False
14628,2,train,1,False
14629,2,train,1,False
14630,2,train,1,False
14631,2,train,1,False
14632,2,train,1,False
14633,2,train,1,False
14634,7,test,,False
14637,7,test,,False
14638,7,test,,False
14639,7,test,,False
14640,7,test,,False
14642,4,train,3,False
14643,4,train,3,False
14644,4,train,3,False
14645,4,train,3,False
14646,4,train,3,False
14647,5,train,4,False
14648,5,train,4,False
14649,5,train,4,False
14657,7,test,,False
14658,7,test,,False
14659,7,test,,False
14661,10,train,1,False
14662,29,train,1,False
14674,453,train,1,True
14675,1,train,0,False
14676,454,train,1,False
14677,10,train,1,False
14678,10,train,1,False
14679,455,train,4,False
14680,1,train,0,False
14681,1,train,0,False
14682,1,train,0,False
14683,1,train,0,False
14684,1,train,0,True
14687,1,train,0,False
14688,1,train,0,False
14689,1,train,0,False
14690,1,train,0,False
14691,1,train,0,False
14700,9,train,2,False
14701,5,train,4,False
14712,9,train,2,False
14713,2,train,1,False
14716,8,train,3,False
14717,2,train,1,True
14719,17,train,4,False
14720,17,train,4,False
14721,17,train,4,False
14722,17,train,4,False
14723,17,train,4,False
14724,17,train,4,False
14725,17,train,4,False
14726,17,train,4,False
14727,17,train,4,False
14728,17,train,4,False
14729,17,train,4,False
14730,17,train,4,False
14731,17,train,4,False
14732,17,train,4,False
14733,17,train,4,False
14734,17,train,4,False
14735,17,train,4,False
14736,1,train,0,True
14737,1,train,0,True
14738,1,train,0,True
14739,1,train,0,True
14740,1,train,0,True
14741,1,train,0,True
14742,1,train,0,True
14743,1,train,0,True
14744,8,train,3,True
14745,5,train,4,False
14746,5,train,4,False
14747,33,train,3,True
14748,33,train,3,True
14749,133,train,3,True
14750,33,train,3,True
14751,33,train,3,True
14752,133,train,3,True
14753,33,train,3,True
14764,33,train,3,True
14765,112,test,,False
14766,112,test,,False
14767,112,test,,False
14768,33,train,3,True
14770,23,train,4,True
14774,51,train,3,True
14776,51,train,3,True
14777,51,train,3,True
14778,51,train,3,True
14779,1,train,0,True
14780,3,train,2,False
14781,3,train,2,False
14782,3,train,2,False
14784,3,train,2,False
14785,3,train,2,False
14787,3,train,2,True
14788,3,train,2,True
14789,0,test,,True
14790,3,train,2,True
14791,3,train,2,True
14792,0,test,,True
14795,26,train,0,True
14796,26,train,0,True
14797,26,train,0,True
14798,26,train,0,True
14799,26,train,0,True
14801,26,train,0,True
14802,26,train,0,True
14804,33,train,3,True
14805,33,train,3,True
14806,33,train,3,True
14807,33,train,3,True
14808,33,train,3,True
14810,33,train,3,True
14811,26,train,0,True
14815,26,train,0,True
14817,26,train,0,True
14819,26,train,0,True
14820,26,train,0,True
14821,26,train,0,True
14822,26,train,0,True
14824,26,train,0,True
14829,174,test,,False
14830,174,test,,False
14831,456,train,4,False
14832,457,train,1,False
14835,458,train,2,True
14836,143,test,,False
14837,143,test,,True
14843,26,train,0,True
14844,26,train,0,True
14845,26,train,0,True
14846,26,train,0,True
14847,26,train,0,True
14848,26,train,0,True
14849,26,train,0,True
14850,26,train,0,True
14851,26,train,0,True
14852,26,train,0,True
14853,26,train,0,True
14855,26,train,0,True
14856,26,train,0,True
14857,26,train,0,True
14858,26,train,0,True
14859,26,train,0,True
14860,26,train,0,True
14867,3,train,2,False
14868,3,train,2,False
14869,3,train,2,False
14871,13,train,2,False
14872,13,train,2,False
14873,13,train,2,False
14874,13,train,2,False
14875,13,train,2,False
14876,13,train,2,False
14877,1,train,0,False
14878,1,train,0,False
14879,1,train,0,False
14880,1,train,0,False
14881,1,train,0,False
14882,1,train,0,False
14883,1,train,0,False
14884,1,train,0,False
14885,1,train,0,False
14886,3,train,2,False
14887,3,train,2,False
14888,3,train,2,False
14889,1,train,0,False
14890,3,train,2,False
14891,3,train,2,False
14892,3,train,2,False
14896,1,train,0,False
14897,1,train,0,False
14903,11,train,0,False
14904,11,train,0,False
14905,11,train,0,False
14906,11,train,0,False
14907,459,train,2,True
14908,11,train,0,False
14909,11,train,0,False
14910,11,train,0,False
14911,11,train,0,False
14912,11,train,0,False
14913,11,train,0,False
14914,11,train,0,False
14915,11,train,0,False
14916,11,train,0,False
14917,11,train,0,False
14918,11,train,0,False
14919,11,train,0,False
14920,11,train,0,False
14921,11,train,0,False
14922,11,train,0,False
14924,11,train,0,True
14925,11,train,0,False
14927,11,train,0,True
14928,11,train,0,True
14929,11,train,0,True
14930,11,train,0,True
14932,11,train,0,False
14933,11,train,0,False
14934,11,train,0,False
14935,11,train,0,False
14936,11,train,0,False
14937,11,train,0,False
14938,11,train,0,False
14939,11,train,0,False
14940,11,train,0,False
14941,11,train,0,False
14942,11,train,0,False
14943,11,train,0,False
14944,11,train,0,False
14946,11,train,0,False
14947,11,train,0,False
14948,6,train,4,False
14949,6,train,4,False
14950,6,train,4,False
14959,4,train,3,False
14963,0,test,,False
14964,0,test,,False
14965,9,train,2,False
14966,0,test,,False
14967,460,train,2,True
14968,6,train,4,False
14969,10,train,1,False
14970,78,train,4,False
14971,9,train,2,False
14972,9,train,2,False
14973,9,train,2,False
14974,9,train,2,False
14975,9,train,2,False
14976,9,train,2,False
14977,9,train,2,True
14978,9,train,2,True
14979,9,train,2,True
14980,1,train,0,False
14981,1,train,0,False
14982,1,train,0,False
14983,1,train,0,False
14984,3,train,2,False
14985,1,train,0,False
14986,8,train,3,False
14987,2,train,1,True
14988,2,train,1,False
14989,2,train,1,True
14991,9,train,2,False
14992,9,train,2,False
14993,9,train,2,False
14994,9,train,2,False
14995,9,train,2,False
14996,9,train,2,False
14998,9,train,2,False
14999,9,train,2,False
15000,6,train,4,False
15001,8,train,3,False
15002,9,train,2,False
15003,7,test,,False
15004,461,train,1,False
15005,462,test,,False
15006,175,train,0,False
15007,175,train,0,False
15008,6,train,4,True
15009,6,train,4,True
15010,6,train,4,True
15017,27,train,1,False
15021,6,train,4,True
15022,6,train,4,True
15024,6,train,4,True
15025,6,train,4,True
15026,6,train,4,True
15029,1,train,0,False
15034,3,train,2,False
15035,3,train,2,False
15036,3,train,2,False
15037,3,train,2,False
15038,3,train,2,False
15039,3,train,2,False
15040,3,train,2,False
15041,3,train,2,False
15042,3,train,2,False
15043,3,train,2,False
15044,3,train,2,False
15045,3,train,2,False
15046,3,train,2,False
15047,3,train,2,False
15048,3,train,2,False
15049,3,train,2,False
15053,3,train,2,False
15054,3,train,2,False
15055,3,train,2,False
15057,3,train,2,False
15058,3,train,2,False
15059,3,train,2,False
15060,3,train,2,False
15061,3,train,2,False
15062,3,train,2,False
15063,3,train,2,False
15064,3,train,2,False
15065,3,train,2,False
15066,3,train,2,False
15067,3,train,2,False
15068,3,train,2,False
15069,3,train,2,False
15070,3,train,2,False
15071,3,train,2,False
15072,3,train,2,False
15073,3,train,2,False
15074,3,train,2,False
15075,3,train,2,False
15076,8,train,3,False
15082,9,train,2,True
15083,9,train,2,True
15084,9,train,2,True
15085,9,train,2,True
15088,37,train,3,False
15089,10,train,1,False
15090,10,train,1,False
15091,10,train,1,False
15092,10,train,1,False
15094,21,train,0,False
15101,0,test,,False
15102,0,test,,False
15103,3,train,2,False
15104,176,test,,False
15105,176,test,,False
15110,2,train,1,False
15113,4,train,3,False
15114,4,train,3,False
15115,1,train,0,False
15117,463,train,4,False
15118,464,test,,False
15119,0,test,,False
15120,0,test,,False
15121,1,train,0,False
15122,0,test,,False
15123,1,train,0,False
15124,2,train,1,False
15125,465,train,0,False
15126,466,train,0,False
15127,13,train,2,False
15128,9,train,2,False
15129,3,train,2,False
15130,1,train,0,False
15131,1,train,0,False
15132,1,train,0,False
15143,467,train,4,False
15144,6,train,4,False
15145,12,train,3,False
15146,12,train,3,False
15147,6,train,4,False
15148,12,train,3,False
15149,6,train,4,False
15150,12,train,3,False
15151,12,train,3,False
15563,21,train,0,False
15602,16,train,1,False
15606,1,train,0,False
15607,1,train,0,False
15608,6,train,4,False
15609,6,train,4,False
15621,1,train,0,False
15622,1,train,0,False
15623,10,train,1,False
15624,468,train,3,False
15625,21,train,0,False
15626,10,train,1,False
15627,10,train,1,False
15628,10,train,1,False
15633,5,train,4,False
15634,5,train,4,False
15635,5,train,4,False
15798,1,train,0,False
15799,1,train,0,False
15800,1,train,0,False
15801,7,test,,False
15805,5,train,4,False
15806,5,train,4,False
15824,11,train,0,False
15825,11,train,0,False
15826,11,train,0,False
15830,11,train,0,True
15832,11,train,0,True
15833,11,train,0,False
15834,3,train,2,False
15835,3,train,2,False
15836,11,train,0,False
15837,11,train,0,False
15838,11,train,0,False
15840,10,train,1,False
15841,8,train,3,False
15842,10,train,1,False
15843,4,train,3,False
15844,4,train,3,False
15846,4,train,3,False
15847,4,train,3,False
15848,4,train,3,False
15849,4,train,3,False
15865,128,train,0,False
15866,128,train,0,False
15870,8,train,3,False
15871,4,train,3,False
15872,3,train,2,False
15873,3,train,2,False
15888,2,train,1,False
15889,2,train,1,False
15890,2,train,1,False
15891,2,train,1,False
15892,2,train,1,False
15893,2,train,1,False
15894,2,train,1,False
15895,2,train,1,False
15896,2,train,1,False
15897,2,train,1,False
15898,2,train,1,False
15899,4,train,3,False
15901,10,train,1,False
15902,10,train,1,False
15903,3,train,2,False
15904,10,train,1,False
15905,10,train,1,False
15906,1,train,0,False
15908,1,train,0,False
15909,1,train,0,False
15910,6,train,4,False
15911,6,train,4,False
15913,0,test,,False
15914,0,test,,False
15915,10,train,1,False
15916,10,train,1,False
15918,0,test,,False
15922,0,test,,False
15923,0,test,,True
15924,0,test,,False
15925,0,test,,False
15926,0,test,,False
15927,0,test,,False
15928,0,test,,False
15929,0,test,,False
15930,0,test,,False
15931,0,test,,False
15932,12,train,3,False
15933,12,train,3,False
15942,0,test,,False
15943,0,test,,False
15944,0,test,,False
15945,0,test,,False
15946,0,test,,False
15947,0,test,,False
15949,0,test,,False
15950,0,test,,False
15952,0,test,,False
15953,0,test,,False
15954,0,test,,False
15955,0,test,,False
15957,0,test,,False
15958,0,test,,False
15959,0,test,,False
15960,0,test,,False
15962,0,test,,False
15963,0,test,,False
15964,0,test,,False
15965,0,test,,False
15969,5,train,4,False
15970,5,train,4,False
15971,5,train,4,False
15972,5,train,4,False
15973,5,train,4,False
15975,0,test,,False
15976,0,test,,False
15977,0,test,,False
15980,0,test,,False
15981,0,test,,False
15982,0,test,,False
15984,0,test,,False
15987,0,test,,False
15988,0,test,,False
15989,0,test,,False
15994,7,test,,False
15995,0,test,,False
15996,469,train,1,False
15997,1,train,0,False
15998,1,train,0,False
15999,3,train,2,False
16001,1,train,0,False
16002,1,train,0,False
16003,1,train,0,False
16004,1,train,0,False
16007,0,test,,False
16008,0,test,,False
16009,0,test,,False
16010,0,test,,False
16011,0,test,,False
16012,0,test,,False
16014,0,test,,False
16015,0,test,,False
16016,0,test,,False
16017,12,train,3,False
16019,0,test,,False
16020,10,train,1,False
16027,1,train,0,True
16028,2,train,1,True
16029,2,train,1,True
16030,2,train,1,True
16031,2,train,1,False
16032,2,train,1,True
16034,0,test,,False
16035,0,test,,False
16036,0,test,,False
16037,0,test,,False
16038,1,train,0,False
16040,1,train,0,False
16041,53,train,2,False
16043,53,train,2,True
16045,53,train,2,True
16046,10,train,1,False
16050,5,train,4,True
16051,470,train,3,False
16055,471,train,2,False
16056,2,train,1,False
16057,4,train,3,True
16058,2,train,1,False
16059,2,train,1,False
16060,2,train,1,False
16061,2,train,1,False
16062,17,train,4,True
16063,17,train,4,True
16066,17,train,4,True
16068,17,train,4,True
16069,17,train,4,True
16070,17,train,4,True
16071,17,train,4,True
16072,17,train,4,True
16076,17,train,4,True
16079,17,train,4,True
16082,2,train,1,False
16083,17,train,4,True
16086,17,train,4,True
16088,2,train,1,False
16090,2,train,1,False
16091,17,train,4,False
16092,17,train,4,False
16093,4,train,3,False
16094,4,train,3,False
16095,4,train,3,False
16096,4,train,3,False
16097,4,train,3,True
16101,16,train,1,False
16102,16,train,1,False
16103,16,train,1,False
16104,17,train,4,True
16105,17,train,4,True
16106,17,train,4,True
16107,17,train,4,True
16108,17,train,4,True
16109,17,train,4,True
16111,17,train,4,True
16112,17,train,4,True
16113,17,train,4,True
16114,17,train,4,True
16115,472,train,1,True
16116,177,test,,True
16118,1,train,0,False
16119,8,train,3,False
16120,3,train,2,False
16121,3,train,2,False
16123,3,train,2,False
16125,2,train,1,False
16127,2,train,1,False
16128,2,train,1,False
16129,2,train,1,False
16130,2,train,1,False
16131,2,train,1,False
16138,4,train,3,False
16139,1,train,0,False
16140,1,train,0,False
16141,24,test,,False
16142,10,train,1,False
16143,7,test,,False
16145,0,test,,False
16146,0,test,,False
16147,0,test,,False
16148,0,test,,False
16149,7,test,,False
16150,7,test,,False
16151,7,test,,False
16152,2,train,1,True
16153,16,train,1,False
16154,16,train,1,False
16155,16,train,1,False
16156,16,train,1,False
16157,16,train,1,False
16158,16,train,1,False
16159,16,train,1,False
16160,16,train,1,False
16161,16,train,1,False
16162,7,test,,False
16163,21,train,0,False
16164,21,train,0,False
16165,21,train,0,False
16167,21,train,0,False
16168,21,train,0,False
16169,21,train,0,False
16174,6,train,4,False
16175,6,train,4,False
16176,6,train,4,False
16178,2,train,1,False
16179,2,train,1,False
16180,4,train,3,False
16181,2,train,1,False
16182,2,train,1,False
16183,2,train,1,False
16184,2,train,1,False
16185,2,train,1,False
16186,6,train,4,False
16187,2,train,1,False
16188,6,train,4,False
16189,6,train,4,False
16190,2,train,1,False
16191,2,train,1,False
16192,6,train,4,False
16193,6,train,4,False
16194,8,train,3,False
16195,8,train,3,False
16196,3,train,2,False
16197,6,train,4,False
16198,473,train,4,False
16201,6,train,4,False
16202,1,train,0,False
16203,13,train,2,False
16204,7,test,,False
16330,4,train,3,False
16331,15,test,,False
16332,10,train,1,False
16333,10,train,1,False
16336,6,train,4,False
16349,178,train,1,False
16350,178,train,1,False
16351,9,train,2,False
16352,9,train,2,False
16354,15,test,,False
16355,15,test,,False
16356,4,train,3,False
16357,3,train,2,False
16358,10,train,1,False
16359,3,train,2,False
16365,11,train,0,False
16369,35,test,,True
16370,35,test,,True
16374,35,test,,True
16375,35,test,,True
16378,35,test,,True
16379,35,test,,True
16380,35,test,,True
16381,35,test,,True
16382,35,test,,True
16383,35,test,,True
16384,35,test,,True
16385,35,test,,True
16386,35,test,,True
16387,35,test,,True
16389,1,train,0,False
16390,1,train,0,False
16391,1,train,0,False
16392,1,train,0,False
16395,9,train,2,True
16396,9,train,2,True
16397,9,train,2,True
16398,9,train,2,True
16399,9,train,2,True
16400,9,train,2,True
16401,9,train,2,True
16402,9,train,2,True
16403,9,train,2,True
16404,9,train,2,True
16405,9,train,2,True
16406,9,train,2,False
16407,10,train,1,True
16408,10,train,1,True
16409,10,train,1,True
16410,10,train,1,True
16411,9,train,2,False
16413,9,train,2,False
16414,9,train,2,False
16415,9,train,2,False
16417,9,train,2,False
16418,9,train,2,False
16419,9,train,2,False
16420,9,train,2,False
16421,9,train,2,False
16422,9,train,2,False
16423,9,train,2,False
16424,9,train,2,False
16425,9,train,2,False
16426,9,train,2,False
16427,9,train,2,False
16428,9,train,2,False
16429,9,train,2,False
16430,9,train,2,False
16431,9,train,2,False
16432,9,train,2,False
16433,9,train,2,False
16434,84,test,,True
16435,84,test,,True
16436,84,test,,True
16442,1,train,0,False
16446,3,train,2,False
16447,3,train,2,False
16448,3,train,2,False
16449,3,train,2,False
16453,10,train,1,False
16454,10,train,1,False
16455,10,train,1,False
16456,13,train,2,False
16458,5,train,4,False
16459,1,train,0,False
16461,10,train,1,True
16462,16,train,1,False
16463,7,test,,False
16464,7,test,,False
16465,7,test,,False
16466,0,test,,False
16467,0,test,,False
16468,0,test,,False
16469,1,train,0,False
16470,1,train,0,False
16471,10,train,1,True
16472,1,train,0,False
16475,1,train,0,False
16476,1,train,0,False
16477,1,train,0,False
16478,1,train,0,False
16479,1,train,0,False
16481,1,train,0,False
16483,1,train,0,False
16485,1,train,0,False
16486,1,train,0,False
16488,1,train,0,False
16489,7,test,,False
16490,3,train,2,False
16494,1,train,0,False
16499,7,test,,False
16520,474,train,4,False
16521,475,train,1,False
16523,476,train,0,True
16524,0,test,,True
16526,4,train,3,False
16527,4,train,3,True
16528,4,train,3,False
16530,5,train,4,False
16531,5,train,4,False
16532,5,train,4,False
16533,5,train,4,False
16534,5,train,4,True
16535,5,train,4,True
16566,0,test,,True
16567,0,test,,True
16568,0,test,,True
16584,9,train,2,False
16585,9,train,2,False
16586,9,train,2,False
16587,9,train,2,False
16588,9,train,2,False
16593,477,test,,False
16630,6,train,4,False
16631,16,train,1,False
16632,6,train,4,False
16636,8,train,3,False
16641,4,train,3,False
16642,2,train,1,False
16644,18,test,,False
16645,18,test,,False
16646,18,test,,False
16647,18,test,,False
16648,15,test,,False
16649,15,test,,False
16650,18,test,,False
16651,15,test,,False
16652,18,test,,False
16653,18,test,,False
16654,478,train,4,False
16655,8,train,3,False
16658,2,train,1,False
16659,2,train,1,False
16660,2,train,1,False
16661,2,train,1,False
16662,2,train,1,False
16663,2,train,1,False
16664,2,train,1,False
16665,2,train,1,False
16666,2,train,1,False
16667,2,train,1,False
16668,2,train,1,False
16669,2,train,1,False
16670,2,train,1,False
16671,2,train,1,False
16672,2,train,1,False
16673,2,train,1,False
16674,2,train,1,False
16675,2,train,1,False
16676,2,train,1,False
16677,2,train,1,False
16678,2,train,1,False
16679,2,train,1,False
16680,2,train,1,False
16681,2,train,1,False
16682,2,train,1,False
16683,2,train,1,False
16684,2,train,1,False
16685,2,train,1,False
16686,2,train,1,False
16687,2,train,1,False
16688,2,train,1,False
16689,2,train,1,False
16690,2,train,1,False
16691,2,train,1,False
16692,35,test,,True
16693,35,test,,True
16694,35,test,,True
16699,35,test,,True
16700,35,test,,True
16701,35,test,,True
16705,35,test,,True
16706,35,test,,True
16707,35,test,,True
16708,35,test,,True
16709,35,test,,True
16710,2,train,1,False
16711,2,train,1,False
16712,2,train,1,False
16713,2,train,1,False
16714,2,train,1,False
16715,2,train,1,False
16716,2,train,1,False
16717,2,train,1,False
16718,2,train,1,False
16719,2,train,1,False
16720,2,train,1,False
16721,2,train,1,False
16722,2,train,1,False
16723,2,train,1,False
16724,2,train,1,False
16725,2,train,1,False
16726,2,train,1,False
16727,2,train,1,False
16728,2,train,1,False
16729,2,train,1,False
16730,2,train,1,False
16731,2,train,1,False
16732,2,train,1,False
16733,2,train,1,False
16734,2,train,1,False
16735,2,train,1,False
16736,2,train,1,False
16737,2,train,1,False
16739,2,train,1,False
16740,2,train,1,False
16741,2,train,1,False
16742,2,train,1,False
16743,2,train,1,False
16744,2,train,1,False
16745,2,train,1,False
16746,2,train,1,False
16747,2,train,1,False
16748,4,train,3,False
16754,2,train,1,False
16755,2,train,1,False
16758,2,train,1,False
16759,2,train,1,False
16760,5,train,4,False
16761,5,train,4,False
16762,5,train,4,False
16763,5,train,4,False
16764,5,train,4,False
16765,5,train,4,False
16766,5,train,4,False
16767,5,train,4,False
16768,5,train,4,False
16769,5,train,4,False
16770,5,train,4,False
16771,5,train,4,False
16772,5,train,4,False
16773,5,train,4,False
16774,5,train,4,False
16775,5,train,4,False
16776,5,train,4,False
16777,5,train,4,False
16778,5,train,4,False
16779,5,train,4,False
16780,5,train,4,False
16781,5,train,4,False
16782,5,train,4,False
16783,5,train,4,False
16784,2,train,1,False
16785,2,train,1,True
16786,2,train,1,True
16787,2,train,1,True
16791,7,test,,False
16792,7,test,,False
16793,7,test,,False
16794,7,test,,False
16796,0,test,,False
16797,0,test,,False
16801,1,train,0,False
16804,1,train,0,False
16809,0,test,,False
16810,0,test,,False
16811,0,test,,False
16812,0,test,,False
16813,0,test,,False
16815,22,train,3,True
16817,12,train,3,False
16818,7,test,,False
16820,1,train,0,False
16821,7,test,,False
16822,7,test,,False
16827,179,train,1,True
16844,2,train,1,False
16845,8,train,3,False
16846,10,train,1,False
16847,10,train,1,False
16851,3,train,2,True
16863,6,train,4,False
16864,6,train,4,True
16865,6,train,4,False
16866,6,train,4,False
16867,6,train,4,False
16868,6,train,4,False
16869,6,train,4,False
16870,6,train,4,False
16871,6,train,4,True
16872,6,train,4,False
16873,6,train,4,False
16874,6,train,4,False
16875,6,train,4,False
16876,6,train,4,True
16877,6,train,4,False
16879,6,train,4,False
16880,6,train,4,False
16881,6,train,4,False
16882,6,train,4,False
16883,180,train,3,True
16884,180,train,3,True
16886,9,train,2,False
16887,2,train,1,False
16888,11,train,0,False
16889,11,train,0,False
16890,11,train,0,False
16891,11,train,0,False
16892,1,train,0,False
16893,3,train,2,False
16894,2,train,1,False
16895,2,train,1,False
16896,2,train,1,False
16897,2,train,1,False
16898,2,train,1,False
16899,144,train,3,False
16900,144,train,3,False
16904,4,train,3,False
16906,7,test,,False
16907,0,test,,False
16908,3,train,2,False
16910,17,train,4,False
16913,0,test,,False
16917,2,train,1,False
16918,2,train,1,False
16920,4,train,3,False
16921,4,train,3,False
16924,4,train,3,False
16925,4,train,3,False
16926,4,train,3,False
16927,0,test,,False
16940,7,test,,False
16941,14,train,4,False
16942,14,train,4,True
16943,14,train,4,True
16944,14,train,4,True
16945,14,train,4,True
16946,14,train,4,True
16947,14,train,4,True
16948,14,train,4,True
16949,14,train,4,True
16951,6,train,4,False
16952,6,train,4,False
16953,6,train,4,False
16954,6,train,4,False
16955,479,train,4,False
16956,5,train,4,False
16957,5,train,4,False
16958,5,train,4,False
16974,7,test,,False
16977,480,test,,False
16980,38,train,4,False
16982,38,train,4,False
16983,4,train,3,False
16984,4,train,3,False
16985,4,train,3,True
16986,4,train,3,False
16987,4,train,3,False
16988,4,train,3,False
16989,4,train,3,True
16990,4,train,3,False
16991,4,train,3,False
16992,4,train,3,True
16993,0,test,,False
16994,0,test,,False
16995,0,test,,False
16996,0,test,,False
16997,0,test,,False
16998,0,test,,False
16999,0,test,,False
17000,0,test,,False
17003,0,test,,False
17004,0,test,,False
17005,0,test,,False
17006,0,test,,False
17007,0,test,,False
17008,0,test,,False
17010,0,test,,False
17011,0,test,,False
17021,4,train,3,False
17022,32,train,0,False
17023,32,train,0,False
17024,80,test,,False
17025,5,train,4,False
17026,5,train,4,False
17027,5,train,4,False
17028,5,train,4,False
17030,1,train,0,False
17031,481,train,0,False
17032,8,train,3,False
17033,8,train,3,True
17034,8,train,3,True
17036,8,train,3,True
17037,8,train,3,True
17038,8,train,3,True
17039,8,train,3,True
17040,9,train,2,False
17041,9,train,2,False
17043,9,train,2,False
17044,9,train,2,False
17045,6,train,4,False
17046,5,train,4,False
17049,0,test,,False
17050,0,test,,False
17051,0,test,,False
17052,0,test,,False
17053,0,test,,False
17054,0,test,,False
17055,0,test,,False
17056,0,test,,False
17057,0,test,,False
17058,0,test,,False
17059,0,test,,False
17060,0,test,,False
17061,0,test,,False
17062,0,test,,False
17063,0,test,,False
17064,0,test,,False
17065,0,test,,False
17066,3,train,2,False
17067,3,train,2,False
17068,3,train,2,False
17069,3,train,2,False
17070,3,train,2,False
17071,3,train,2,False
17072,3,train,2,False
17073,3,train,2,False
17074,3,train,2,False
17075,3,train,2,False
17076,3,train,2,False
17077,3,train,2,False
17078,3,train,2,False
17079,3,train,2,False
17080,3,train,2,False
17081,3,train,2,False
17082,3,train,2,False
17083,3,train,2,False
17084,3,train,2,False
17085,3,train,2,False
17086,3,train,2,False
17111,1,train,0,False
17112,5,train,4,False
17119,0,test,,False
17120,0,test,,False
17121,3,train,2,False
17122,0,test,,True
17123,0,test,,True
17124,0,test,,True
17125,0,test,,True
17126,0,test,,True
17127,0,test,,True
17128,0,test,,True
17129,64,train,3,True
17130,64,train,3,True
17131,64,train,3,True
17132,64,train,3,True
17133,64,train,3,True
17134,64,train,3,True
17135,6,train,4,False
17136,6,train,4,False
17137,6,train,4,False
17138,6,train,4,False
17139,6,train,4,False
17140,6,train,4,False
17141,6,train,4,False
17142,6,train,4,False
17143,6,train,4,False
17144,6,train,4,False
17145,6,train,4,False
17146,6,train,4,False
17147,6,train,4,False
17148,6,train,4,False
17149,6,train,4,False
17150,6,train,4,False
17151,6,train,4,False
17152,6,train,4,False
17153,6,train,4,False
17154,6,train,4,False
17155,6,train,4,False
17156,6,train,4,False
17157,6,train,4,False
17158,6,train,4,False
17159,6,train,4,False
17160,6,train,4,False
17161,6,train,4,False
17162,6,train,4,False
17163,6,train,4,False
17164,6,train,4,False
17165,6,train,4,False
17166,6,train,4,False
17167,6,train,4,False
17168,6,train,4,False
17169,6,train,4,False
17170,6,train,4,False
17171,6,train,4,False
17172,6,train,4,False
17173,6,train,4,False
17174,6,train,4,False
17175,6,train,4,False
17176,6,train,4,False
17177,6,train,4,False
17178,6,train,4,False
17179,6,train,4,False
17180,6,train,4,False
17183,3,train,2,False
17184,38,train,4,False
17212,19,train,2,True
17217,6,train,4,False
17218,24,test,,False
17219,24,test,,False
17220,24,test,,False
17221,24,test,,False
17222,24,test,,False
17223,24,test,,False
17224,24,test,,False
17225,24,test,,False
17226,24,test,,False
17227,19,train,2,False
17228,19,train,2,False
17229,19,train,2,False
17230,19,train,2,False
17231,19,train,2,False
17232,19,train,2,False
17233,37,train,3,False
17235,0,test,,True
17236,0,test,,False
17237,19,train,2,False
17238,8,train,3,False
17239,0,test,,False
17240,0,test,,False
17241,0,test,,False
17242,0,test,,False
17245,0,test,,False
17246,0,test,,False
17247,0,test,,False
17248,0,test,,False
17249,0,test,,False
17250,0,test,,False
17251,0,test,,False
17252,0,test,,False
17253,0,test,,False
17254,0,test,,False
17255,0,test,,False
17256,0,test,,False
17257,0,test,,True
17258,0,test,,True
17262,0,test,,True
17274,6,train,4,False
17275,24,test,,False
17276,24,test,,False
17277,24,test,,False
17278,24,test,,False
17279,24,test,,False
17280,24,test,,False
17281,21,train,0,False
17282,4,train,3,True
17283,4,train,3,False
17284,4,train,3,True
17285,4,train,3,False
17286,4,train,3,True
17287,4,train,3,False
17288,4,train,3,True
17289,4,train,3,True
17290,4,train,3,False
17291,4,train,3,True
17292,4,train,3,False
17293,4,train,3,True
17294,4,train,3,False
17295,4,train,3,True
17296,4,train,3,False
17297,4,train,3,True
17298,4,train,3,False
17299,4,train,3,True
17300,4,train,3,False
17301,4,train,3,False
17302,4,train,3,True
17303,4,train,3,False
17304,4,train,3,False
17306,7,test,,False
17307,4,train,3,True
17308,3,train,2,False
17309,1,train,0,False
17310,24,test,,False
17311,24,test,,True
17312,24,test,,False
17313,24,test,,False
17314,24,test,,True
17315,4,train,3,False
17316,2,train,1,False
17317,2,train,1,False
17318,3,train,2,False
17319,0,test,,False
17320,3,train,2,False
17321,4,train,3,False
17322,15,test,,False
17324,1,train,0,False
17325,1,train,0,False
17326,1,train,0,False
17327,1,train,0,False
17328,1,train,0,False
17329,1,train,0,False
17330,1,train,0,False
17331,1,train,0,False
17332,1,train,0,False
17333,1,train,0,False
17334,1,train,0,False
17339,4,train,3,True
17347,48,train,0,False
17349,8,train,3,False
17350,8,train,3,False
17352,0,test,,False
17353,0,test,,False
17355,0,test,,False
17356,0,test,,False
17357,0,test,,False
17358,0,test,,False
17359,0,test,,False
17360,0,test,,False
17362,1,train,0,False
17363,1,train,0,False
17364,1,train,0,False
17365,1,train,0,False
17366,1,train,0,False
17367,1,train,0,False
17369,1,train,0,False
17371,1,train,0,False
17372,1,train,0,False
17373,1,train,0,False
17374,1,train,0,False
17375,0,test,,True
17376,0,test,,True
17378,1,train,0,False
17379,1,train,0,False
17381,482,train,3,True
17382,145,train,1,True
17383,145,train,1,False
17392,5,train,4,False
17393,1,train,0,False
17394,5,train,4,False
17395,5,train,4,False
17396,5,train,4,False
17397,25,train,2,False
17398,0,test,,False
17399,5,train,4,False
17400,0,test,,False
17401,25,train,2,False
17402,12,train,3,False
17403,1,train,0,False
17404,7,test,,False
17405,7,test,,False
17406,12,train,3,False
17407,12,train,3,False
17408,7,test,,False
17411,2,train,1,False
17412,2,train,1,False
17413,2,train,1,False
17414,2,train,1,False
17415,2,train,1,False
17416,2,train,1,False
17417,2,train,1,False
17418,2,train,1,True
17419,2,train,1,True
17420,483,train,1,False
17427,11,train,0,False
17428,11,train,0,False
17429,11,train,0,False
17430,11,train,0,False
17432,11,train,0,False
17433,11,train,0,True
17434,11,train,0,False
17435,11,train,0,True
17436,11,train,0,False
17437,11,train,0,False
17439,11,train,0,False
17440,11,train,0,False
17447,484,train,3,True
17448,2,train,1,False
17449,6,train,4,False
17450,48,train,0,False
17453,11,train,0,False
17455,48,train,0,False
17456,48,train,0,False
17457,48,train,0,False
17509,2,train,1,False
17510,2,train,1,False
17513,2,train,1,False
17514,2,train,1,False
17515,2,train,1,False
17516,2,train,1,False
17517,2,train,1,False
17519,2,train,1,False
17520,2,train,1,False
17521,2,train,1,False
17523,2,train,1,False
17526,7,test,,False
17528,10,train,1,False
17529,70,train,4,False
17530,70,train,4,False
17531,70,train,4,False
17532,0,test,,False
17544,2,train,1,True
17545,4,train,3,True
17546,0,test,,True
17547,0,test,,True
17548,0,test,,True
17549,0,test,,True
17553,485,train,3,True
17554,486,test,,True
17555,487,train,3,True
17556,488,train,2,True
17557,489,test,,True
17558,1,train,0,True
17559,0,test,,True
17560,490,train,0,True
17561,491,test,,True
17562,492,test,,True
17563,493,test,,True
17564,1,train,0,False
17566,1,train,0,False
17567,1,train,0,False
17568,1,train,0,False
17569,1,train,0,False
17570,1,train,0,False
17571,1,train,0,False
17573,2,train,1,False
17574,10,train,1,False
17598,4,train,3,False
17599,2,train,1,False
17601,2,train,1,False
17602,2,train,1,True
17603,2,train,1,False
17604,2,train,1,True
17605,2,train,1,False
17609,2,train,1,True
17612,2,train,1,False
17615,2,train,1,True
17616,3,train,2,True
17618,10,train,1,False
17619,10,train,1,False
17621,8,train,3,False
17622,10,train,1,False
17636,2,train,1,False
17637,2,train,1,False
17652,17,train,4,False
17653,17,train,4,False
17654,17,train,4,False
17655,17,train,4,False
17656,17,train,4,False
17657,17,train,4,False
17658,17,train,4,False
17659,17,train,4,False
17660,17,train,4,False
17661,17,train,4,False
17662,17,train,4,False
17663,17,train,4,False
17664,17,train,4,False
17665,2,train,1,False
17666,2,train,1,False
17667,11,train,0,False
17668,0,test,,False
17673,4,train,3,False
17674,4,train,3,False
17675,3,train,2,False
17676,17,train,4,False
17677,3,train,2,False
17678,4,train,3,False
17679,0,test,,False
17681,2,train,1,False
17682,2,train,1,False
17683,2,train,1,False
17684,4,train,3,False
17685,4,train,3,False
17686,4,train,3,False
17687,4,train,3,False
17688,4,train,3,False
17689,4,train,3,False
17690,4,train,3,False
17691,4,train,3,False
17692,4,train,3,False
17693,4,train,3,False
17694,4,train,3,False
17695,4,train,3,False
17696,4,train,3,False
17698,4,train,3,False
17699,4,train,3,False
17700,494,train,1,True
17701,181,train,0,True
17702,181,train,0,True
17703,495,train,3,True
17704,182,train,0,True
17705,182,train,0,True
17706,2,train,1,False
17707,2,train,1,True
17708,11,train,0,True
17709,11,train,0,True
17710,11,train,0,True
17711,11,train,0,True
17712,2,train,1,False
17713,2,train,1,True
17714,11,train,0,True
17715,11,train,0,True
17716,11,train,0,True
17717,11,train,0,True
17720,15,test,,False
17721,15,test,,False
17722,15,test,,False
17723,15,test,,False
17724,15,test,,False
17725,496,train,0,True
17732,11,train,0,False
17733,11,train,0,False
17734,11,train,0,False
17735,11,train,0,False
17736,11,train,0,False
17737,11,train,0,False
17738,11,train,0,False
17739,11,train,0,False
17740,11,train,0,False
17741,11,train,0,False
17742,11,train,0,False
17743,11,train,0,False
17745,8,train,3,False
17746,1,train,0,False
17747,1,train,0,False
17748,8,train,3,False
17749,1,train,0,False
17750,1,train,0,False
17751,1,train,0,False
17752,9,train,2,False
17753,8,train,3,False
17754,9,train,2,False
17755,1,train,0,False
17756,1,train,0,False
17757,8,train,3,False
17758,1,train,0,False
17759,8,train,3,False
17760,12,train,3,False
17762,1,train,0,False
17763,497,train,0,False
17764,498,test,,False
17765,499,train,4,False
17767,500,train,0,False
17768,501,train,0,False
17769,104,train,3,False
17770,104,train,3,False
17771,502,train,0,False
17772,503,train,3,False
17773,18,test,,False
17774,504,train,1,False
17775,505,train,3,False
17776,506,test,,False
17777,507,train,2,False
17778,0,test,,False
17779,11,train,0,False
17780,11,train,0,False
17781,11,train,0,False
17782,11,train,0,False
17783,11,train,0,False
17784,11,train,0,False
17785,11,train,0,False
17786,11,train,0,False
17787,11,train,0,False
17793,3,train,2,False
17796,3,train,2,False
17797,3,train,2,False
17798,3,train,2,False
17799,3,train,2,False
17800,3,train,2,False
17801,3,train,2,False
17802,3,train,2,False
17803,6,train,4,True
17804,0,test,,False
17805,508,train,4,False
17806,509,train,4,False
17807,0,test,,False
17808,510,train,2,False
17810,4,train,3,True
17811,5,train,4,False
17812,5,train,4,False
17813,5,train,4,False
17814,9,train,2,False
17815,9,train,2,False
17816,9,train,2,False
17817,9,train,2,False
17818,9,train,2,False
17819,9,train,2,False
17820,9,train,2,False
17822,4,train,3,False
17823,4,train,3,False
17824,0,test,,False
17829,17,train,4,False
17830,17,train,4,False
17831,17,train,4,False
17832,17,train,4,False
17833,17,train,4,False
17834,17,train,4,False
17835,17,train,4,False
17836,17,train,4,False
17837,17,train,4,False
17838,17,train,4,False
17839,17,train,4,False
17840,17,train,4,False
17841,0,test,,False
17842,3,train,2,False
17843,3,train,2,False
17844,3,train,2,False
17845,3,train,2,False
17846,3,train,2,False
17847,0,test,,False
17848,3,train,2,False
17849,3,train,2,False
17850,3,train,2,False
17851,3,train,2,False
17852,3,train,2,False
17853,4,train,3,False
17854,2,train,1,False
17855,4,train,3,False
17856,4,train,3,False
17857,4,train,3,False
17859,4,train,3,False
17860,4,train,3,False
17861,4,train,3,False
17862,4,train,3,False
17863,4,train,3,False
17864,4,train,3,False
17865,4,train,3,False
17866,4,train,3,False
17867,4,train,3,False
17868,4,train,3,False
17869,4,train,3,False
17870,4,train,3,False
17871,4,train,3,False
17872,4,train,3,False
17873,4,train,3,False
17874,0,test,,False
17875,0,test,,False
17876,0,test,,False
17877,0,test,,False
17878,0,test,,False
17879,0,test,,False
17880,63,train,3,False
17881,63,train,3,False
17882,104,train,3,False
17884,44,train,1,True
17885,44,train,1,True
17887,44,train,1,True
17888,44,train,1,True
17890,44,train,1,True
17891,44,train,1,True
17892,44,train,1,True
17895,44,train,1,True
17896,44,train,1,True
17897,44,train,1,True
17898,44,train,1,True
17899,44,train,1,True
17900,44,train,1,True
17903,44,train,1,True
17904,44,train,1,True
17905,44,train,1,True
17906,85,train,1,True
17907,85,train,1,True
17908,85,train,1,True
17909,85,train,1,True
17910,4,train,3,False
17911,4,train,3,False
17912,4,train,3,True
17913,0,test,,True
17915,4,train,3,False
17917,4,train,3,False
17918,4,train,3,True
17919,4,train,3,True
17920,4,train,3,True
17921,4,train,3,True
17922,4,train,3,True
17923,4,train,3,True
17924,81,train,0,True
17925,81,train,0,True
17926,81,train,0,True
17927,81,train,0,True
17928,59,train,3,True
17929,1,train,0,False
17930,1,train,0,False
17931,1,train,0,False
17932,1,train,0,False
17933,13,train,2,False
17934,2,train,1,False
17938,0,test,,False
17939,0,test,,False
17940,0,test,,False
17943,0,test,,False
17948,0,test,,False
17949,0,test,,False
17954,0,test,,False
17956,0,test,,False
17961,0,test,,False
17975,0,test,,False
18024,21,train,0,False
18032,5,train,4,False
18035,5,train,4,False
18036,0,test,,False
18038,4,train,3,False
18039,15,test,,False
18040,12,train,3,False
18041,6,train,4,False
18042,10,train,1,False
18043,10,train,1,False
18044,10,train,1,False
18045,10,train,1,False
18047,10,train,1,False
18048,10,train,1,False
18049,10,train,1,False
18051,15,test,,False
18052,15,test,,False
18053,15,test,,False
18054,15,test,,False
18056,15,test,,False
18057,15,test,,False
18058,15,test,,False
18059,15,test,,False
18060,15,test,,False
18067,15,test,,False
18068,15,test,,False
18069,6,train,4,False
18070,10,train,1,False
18071,10,train,1,False
18072,10,train,1,False
18073,2,train,1,False
18078,2,train,1,False
18079,2,train,1,False
18081,5,train,4,False
18082,2,train,1,False
18083,2,train,1,False
18084,2,train,1,False
18085,3,train,2,False
18087,2,train,1,False
18088,2,train,1,False
18091,2,train,1,True
18092,2,train,1,False
18095,55,train,0,True
18096,55,train,0,True
18097,55,train,0,True
18098,55,train,0,True
18099,55,train,0,True
18100,55,train,0,True
18101,55,train,0,True
18102,55,train,0,True
18103,55,train,0,True
18121,12,train,3,False
18122,12,train,3,False
18123,12,train,3,False
18124,12,train,3,False
18125,12,train,3,False
18126,12,train,3,False
18127,12,train,3,False
18128,12,train,3,False
18129,12,train,3,False
18130,12,train,3,False
18131,12,train,3,False
18132,12,train,3,False
18152,7,test,,False
18153,7,test,,False
18154,7,test,,False
18155,7,test,,True
18156,5,train,4,False
18157,5,train,4,False
18159,5,train,4,False
18160,5,train,4,False
18161,1,train,0,False
18163,5,train,4,False
18164,12,train,3,False
18165,5,train,4,False
18166,5,train,4,False
18167,0,test,,False
18168,5,train,4,False
18169,6,train,4,False
18170,6,train,4,False
18172,6,train,4,False
18173,6,train,4,False
18174,6,train,4,False
18175,6,train,4,False
18176,6,train,4,False
18177,6,train,4,False
18178,6,train,4,False
18182,0,test,,False
18184,9,train,2,False
18187,6,train,4,True
18190,7,test,,False
18191,7,test,,False
18194,6,train,4,True
18200,109,train,4,False
18201,109,train,4,False
18202,511,train,4,False
18203,12,train,3,False
18205,109,train,4,False
18209,7,test,,False
18210,7,test,,False
18216,512,train,0,False
18217,0,test,,False
18218,0,test,,False
18219,0,test,,False
18220,0,test,,False
18221,0,test,,False
18222,0,test,,False
18223,0,test,,False
18224,0,test,,False
18225,0,test,,False
18226,0,test,,False
18227,0,test,,False
18228,0,test,,False
18229,0,test,,False
18230,0,test,,False
18231,0,test,,False
18232,3,train,2,False
18233,3,train,2,True
18234,5,train,4,False
18235,1,train,0,False
18236,513,test,,False
18237,8,train,3,False
18238,3,train,2,True
18239,3,train,2,True
18240,3,train,2,True
18241,6,train,4,True
18242,6,train,4,True
18243,6,train,4,True
18244,6,train,4,True
18246,8,train,3,True
18247,8,train,3,True
18249,8,train,3,True
18250,10,train,1,False
18251,1,train,0,True
18252,1,train,0,True
18261,2,train,1,False
18262,3,train,2,False
18263,3,train,2,False
18264,3,train,2,False
18265,3,train,2,False
18266,3,train,2,False
18267,3,train,2,False
18268,3,train,2,False
18269,3,train,2,False
18270,3,train,2,False
18271,3,train,2,False
18272,3,train,2,False
18273,3,train,2,False
18274,3,train,2,True
18275,3,train,2,False
18276,3,train,2,False
18277,3,train,2,False
18278,3,train,2,False
18279,3,train,2,True
18280,3,train,2,False
18283,3,train,2,False
18284,3,train,2,False
18288,9,train,2,False
18289,3,train,2,True
18290,3,train,2,True
18291,3,train,2,True
18292,1,train,0,False
18294,514,train,3,False
18295,21,train,0,False
18297,515,train,0,False
18298,516,test,,False
18304,3,train,2,False
18311,517,train,2,False
18312,518,train,4,False
18313,7,test,,False
18314,519,train,0,False
18316,8,train,3,False
18319,52,train,4,False
18321,3,train,2,True
18322,1,train,0,True
18324,8,train,3,False
18325,9,train,2,False
18326,9,train,2,False
18327,9,train,2,False
18328,9,train,2,False
18329,9,train,2,False
18330,9,train,2,False
18331,9,train,2,False
18334,6,train,4,True
18336,6,train,4,True
18340,2,train,1,False
18341,2,train,1,False
18342,2,train,1,True
18347,2,train,1,False
18363,2,train,1,False
18366,1,train,0,False
18367,9,train,2,False
18370,5,train,4,False
18373,6,train,4,False
18374,6,train,4,False
18375,6,train,4,False
18376,6,train,4,False
18377,6,train,4,False
18378,6,train,4,False
18379,6,train,4,False
18380,6,train,4,False
18381,6,train,4,False
18382,6,train,4,False
18383,6,train,4,False
18384,6,train,4,True
18385,6,train,4,False
18386,6,train,4,False
18387,6,train,4,False
18388,6,train,4,False
18389,6,train,4,False
18390,6,train,4,False
18391,6,train,4,False
18392,6,train,4,False
18393,6,train,4,False
18394,6,train,4,False
18395,6,train,4,False
18396,6,train,4,False
18397,6,train,4,False
18436,12,train,3,False
18437,12,train,3,False
18438,12,train,3,False
18439,12,train,3,False
18440,12,train,3,False
18441,12,train,3,False
18442,12,train,3,False
18462,7,test,,False
18463,7,test,,False
18464,7,test,,False
18474,520,train,4,False
18493,10,train,1,False
18510,10,train,1,False
18512,163,train,3,False
18513,8,train,3,False
18519,7,test,,False
18526,13,train,2,False
18535,39,test,,True
18566,134,test,,False
18567,134,test,,False
18569,146,train,0,True
18573,146,train,0,True
18590,10,train,1,False
18591,10,train,1,False
18592,21,train,0,False
18593,21,train,0,False
18601,183,test,,False
18602,183,test,,False
18609,10,train,1,False
18611,4,train,3,False
18612,88,test,,False
18613,0,test,,False
18622,88,test,,False
18623,88,test,,False
18624,88,test,,False
18625,1,train,0,False
18627,3,train,2,False
18630,21,train,0,False
18631,10,train,1,False
18632,10,train,1,False
18633,10,train,1,False
18634,10,train,1,False
18635,10,train,1,False
18636,10,train,1,False
18637,10,train,1,False
18638,10,train,1,False
18639,10,train,1,False
18640,10,train,1,False
18641,10,train,1,False
18642,10,train,1,False
18644,10,train,1,False
18645,2,train,1,False
18646,2,train,1,False
18647,2,train,1,False
18648,4,train,3,False
18649,4,train,3,False
18650,4,train,3,False
18651,4,train,3,False
18652,4,train,3,False
18653,4,train,3,False
18654,9,train,2,False
18655,1,train,0,False
18656,1,train,0,False
18657,1,train,0,False
18658,1,train,0,False
18666,1,train,0,False
18685,10,train,1,False
18686,12,train,3,False
18687,12,train,3,False
18688,12,train,3,False
18689,12,train,3,False
18690,12,train,3,False
18691,12,train,3,False
18692,12,train,3,False
18693,12,train,3,False
18694,12,train,3,False
18695,12,train,3,False
18696,12,train,3,False
18697,12,train,3,False
18727,12,train,3,False
18728,5,train,4,False
18729,5,train,4,False
18730,5,train,4,False
18731,5,train,4,False
18732,5,train,4,False
18733,5,train,4,False
18734,7,test,,False
18737,7,test,,False
18739,4,train,3,False
18740,4,train,3,False
18743,3,train,2,False
18746,8,train,3,False
18747,8,train,3,False
18754,31,train,0,False
18755,31,train,0,False
18756,31,train,0,False
18757,31,train,0,False
18781,1,train,0,False
18782,1,train,0,False
18783,0,test,,False
18784,9,train,2,False
18786,9,train,2,False
18787,7,test,,False
18789,17,train,4,False
18790,17,train,4,False
18810,6,train,4,True
18811,6,train,4,False
18812,6,train,4,False
18813,6,train,4,False
18814,6,train,4,False
18815,6,train,4,False
18816,6,train,4,False
18817,6,train,4,False
18818,6,train,4,False
18819,6,train,4,False
18820,6,train,4,False
18821,6,train,4,False
18822,6,train,4,False
18823,6,train,4,True
18825,6,train,4,True
18826,4,train,3,False
18827,6,train,4,True
18828,4,train,3,False
18829,6,train,4,True
18830,4,train,3,False
18831,6,train,4,True
18832,6,train,4,False
18833,6,train,4,True
18834,6,train,4,False
18835,11,train,0,False
18836,11,train,0,False
18837,11,train,0,False
18838,11,train,0,False
18839,11,train,0,False
18840,11,train,0,False
18841,11,train,0,False
18842,11,train,0,False
18843,11,train,0,False
18844,11,train,0,False
18845,11,train,0,False
18846,11,train,0,False
18847,11,train,0,False
18855,11,train,0,False
18858,521,train,4,False
18861,11,train,0,False
18874,14,train,4,True
18875,14,train,4,True
18876,14,train,4,True
18877,14,train,4,True
18878,14,train,4,True
18879,11,train,0,True
18880,14,train,4,True
18881,14,train,4,True
18882,89,train,3,True
18883,14,train,4,True
18884,14,train,4,True
18885,14,train,4,True
18886,11,train,0,True
18887,4,train,3,False
18888,4,train,3,True
18891,124,train,0,True
18892,27,train,1,False
18893,4,train,3,False
18904,5,train,4,True
18905,5,train,4,True
18911,14,train,4,True
18912,14,train,4,True
18913,14,train,4,True
18916,14,train,4,True
18917,14,train,4,True
18918,14,train,4,True
18919,14,train,4,True
18920,14,train,4,True
18921,14,train,4,True
18922,14,train,4,True
18923,14,train,4,True
18924,14,train,4,True
18925,14,train,4,True
18926,14,train,4,True
18932,14,train,4,True
18934,14,train,4,True
18937,14,train,4,True
18938,14,train,4,True
18939,14,train,4,True
18940,14,train,4,True
18941,14,train,4,True
18942,14,train,4,True
18943,14,train,4,True
18944,14,train,4,True
18945,14,train,4,True
18946,14,train,4,True
18947,14,train,4,True
18948,14,train,4,True
18949,14,train,4,True
18950,14,train,4,True
18951,14,train,4,True
18952,14,train,4,True
18953,14,train,4,True
18954,522,train,3,True
18955,523,train,3,True
18956,524,train,2,True
18957,105,train,0,True
18958,27,train,1,False
18959,105,train,0,True
18960,105,train,0,True
18968,525,test,,True
18969,3,train,2,True
18970,3,train,2,True
18971,3,train,2,True
18982,11,train,0,False
18984,13,train,2,False
18985,13,train,2,False
18986,13,train,2,False
18987,13,train,2,False
18988,5,train,4,False
18989,5,train,4,False
18990,5,train,4,False
18991,5,train,4,False
18992,5,train,4,False
18999,526,train,2,True
19001,8,train,3,False
19005,8,train,3,False
19008,5,train,4,False
19009,5,train,4,False
19010,5,train,4,False
19011,5,train,4,False
19012,5,train,4,False
19013,5,train,4,False
19014,5,train,4,False
19015,1,train,0,False
19016,10,train,1,False
19017,10,train,1,False
19019,8,train,3,False
19020,7,test,,False
19021,7,test,,False
19022,7,test,,False
19023,7,test,,False
19024,7,test,,False
19025,7,test,,False
19026,7,test,,False
19035,6,train,4,False
19071,2,train,1,False
19072,2,train,1,False
19073,2,train,1,False
19077,124,train,0,True
19080,527,train,2,True
19081,184,train,2,True
19082,184,train,2,True
19083,528,test,,True
19084,529,train,4,False
19085,530,test,,True
19086,27,train,1,True
19096,2,train,1,False
19097,2,train,1,False
19098,6,train,4,False
19103,7,test,,False
19115,1,train,0,False
19116,5,train,4,False
19117,6,train,4,False
19118,8,train,3,False
19119,3,train,2,False
19120,8,train,3,False
19122,1,train,0,False
19123,2,train,1,False
19124,1,train,0,False
19125,1,train,0,False
19126,1,train,0,False
19128,3,train,2,False
19129,3,train,2,False
19132,0,test,,False
19134,8,train,3,False
19135,8,train,3,False
19136,4,train,3,False
19137,6,train,4,False
19138,531,train,3,False
19139,1,train,0,False
19140,3,train,2,False
19141,8,train,3,False
19142,12,train,3,False
19143,6,train,4,False
19144,6,train,4,False
19153,6,train,4,False
19154,8,train,3,False
19155,10,train,1,False
19156,8,train,3,False
19157,3,train,2,False
19158,3,train,2,False
19159,7,test,,False
19160,7,test,,False
19161,10,train,1,False
19193,10,train,1,False
19196,6,train,4,False
19197,6,train,4,False
19198,6,train,4,False
19199,6,train,4,False
19200,6,train,4,False
19201,6,train,4,False
19202,6,train,4,False
19203,6,train,4,False
19204,10,train,1,False
19205,6,train,4,False
19206,10,train,1,False
19207,6,train,4,False
19214,18,test,,False
19215,18,test,,False
19216,21,train,0,False
19217,8,train,3,False
19219,532,train,2,True
19222,2,train,1,False
19223,2,train,1,False
19233,7,test,,False
19234,7,test,,False
19243,0,test,,False
19244,0,test,,False
19246,533,train,4,False
19247,15,test,,False
19248,15,test,,False
19249,15,test,,False
19250,12,train,3,False
19251,15,test,,False
19252,15,test,,False
19253,12,train,3,False
19255,15,test,,False
19256,12,train,3,False
19257,12,train,3,False
19263,4,train,3,False
19264,4,train,3,False
19269,534,train,1,True
19284,13,train,2,False
19285,13,train,2,False
19286,13,train,2,False
19287,12,train,3,True
19288,8,train,3,False
19289,8,train,3,False
19291,1,train,0,False
19292,1,train,0,False
19293,1,train,0,False
19294,0,test,,True
19296,0,test,,True
19297,0,test,,True
19298,0,test,,True
19299,0,test,,True
19300,0,test,,True
19319,0,test,,False
19352,8,train,3,False
19353,535,train,0,False
19354,7,test,,False
19355,536,train,4,False
19356,12,train,3,False
19358,10,train,1,False
19366,1,train,0,False
19367,10,train,1,False
19369,8,train,3,False
19370,6,train,4,False
19371,537,train,2,False
19372,15,test,,False
19400,8,train,3,False
19411,8,train,3,False
19413,538,train,1,False
19461,3,train,2,False
19462,3,train,2,False
19463,3,train,2,False
19464,3,train,2,False
19465,3,train,2,False
19466,3,train,2,False
19467,0,test,,False
19468,3,train,2,False
19469,3,train,2,False
19470,3,train,2,False
19471,3,train,2,False
19472,3,train,2,False
19473,3,train,2,False
19474,3,train,2,False
19475,3,train,2,False
19476,3,train,2,False
19477,10,train,1,False
19480,0,test,,False
19485,0,test,,False
19486,0,test,,False
19487,0,test,,False
19488,0,test,,False
19489,0,test,,False
19494,5,train,4,False
19495,539,train,4,False
19500,5,train,4,False
19501,5,train,4,False
19502,5,train,4,False
19512,8,train,3,False
19513,2,train,1,False
19514,3,train,2,False
19515,0,test,,False
19516,0,test,,False
19517,0,test,,False
19518,0,test,,False
19519,0,test,,False
19520,0,test,,False
19521,0,test,,False
19522,0,test,,False
19523,0,test,,False
19524,0,test,,False
19525,0,test,,False
19526,0,test,,False
19527,0,test,,False
19528,0,test,,False
19551,0,test,,False
19552,0,test,,False
19553,0,test,,False
19555,0,test,,False
19556,0,test,,False
19557,0,test,,False
19560,0,test,,False
19571,0,test,,False
19572,0,test,,False
19573,9,train,2,False
19575,9,train,2,False
19576,0,test,,False
19578,9,train,2,False
19579,9,train,2,False
19581,10,train,1,True
19582,10,train,1,True
19583,10,train,1,True
19584,10,train,1,True
19585,10,train,1,True
19586,10,train,1,True
19587,1,train,0,False
19588,1,train,0,False
19589,1,train,0,False
19590,1,train,0,False
19591,1,train,0,False
19592,7,test,,False
19593,5,train,4,False
19594,5,train,4,False
19597,540,test,,False
19599,8,train,3,False
19601,8,train,3,False
19602,9,train,2,False
19603,3,train,2,False
19604,3,train,2,False
19605,4,train,3,False
19606,3,train,2,False
19607,3,train,2,False
19608,4,train,3,False
19609,3,train,2,False
19610,3,train,2,False
19611,9,train,2,False
19612,4,train,3,False
19613,3,train,2,False
19614,3,train,2,False
19615,3,train,2,False
19616,4,train,3,False
19618,10,train,1,False
19630,3,train,2,False
19634,0,test,,False
19635,0,test,,False
19636,0,test,,False
19637,0,test,,False
19638,0,test,,False
19639,0,test,,False
19640,0,test,,False
19641,0,test,,False
19642,0,test,,False
19643,0,test,,False
19644,10,train,1,False
19645,1,train,0,False
19646,5,train,4,False
19647,5,train,4,False
19648,5,train,4,True
19649,5,train,4,True
19650,5,train,4,True
19651,3,train,2,True
19652,3,train,2,True
19653,3,train,2,True
19668,24,test,,False
19669,24,test,,False
19670,24,test,,False
19671,24,test,,False
19672,24,test,,False
19673,24,test,,False
19674,24,test,,False
19675,0,test,,False
19676,24,test,,False
19677,4,train,3,False
19678,4,train,3,False
19679,24,test,,False
19680,0,test,,False
19681,4,train,3,False
19682,4,train,3,False
19683,24,test,,False
19684,24,test,,False
19685,24,test,,False
19686,24,test,,False
19687,0,test,,False
19688,0,test,,False
19689,0,test,,False
19690,0,test,,False
19691,0,test,,False
19692,0,test,,False
19693,0,test,,False
19694,0,test,,False
19696,0,test,,False
19697,0,test,,False
19698,0,test,,False
19699,0,test,,False
19700,0,test,,False
19701,19,train,2,False
19702,19,train,2,False
19703,19,train,2,False
19704,19,train,2,False
19705,19,train,2,False
19706,19,train,2,False
19707,541,train,4,False
19718,59,train,3,True
19719,61,train,3,True
19725,61,train,3,True
19726,59,train,3,True
19727,3,train,2,True
19728,542,train,2,True
19734,19,train,2,False
19738,61,train,3,True
19739,59,train,3,True
19742,61,train,3,True
19743,59,train,3,True
19746,61,train,3,True
19747,59,train,3,True
19758,61,train,3,True
19759,59,train,3,True
19760,61,train,3,True
19761,59,train,3,True
19763,32,train,0,False
19764,32,train,0,False
19766,32,train,0,False
19767,32,train,0,False
19768,32,train,0,False
19769,32,train,0,False
19772,110,train,3,True
19773,74,test,,False
19776,6,train,4,False
19777,2,train,1,False
19784,86,train,0,False
19826,4,train,3,False
19830,6,train,4,False
19831,5,train,4,False
19832,3,train,2,False
19833,3,train,2,False
19834,2,train,1,False
19835,1,train,0,False
19842,7,test,,False
19843,7,test,,False
19844,7,test,,False
19845,7,test,,False
19846,7,test,,False
19847,7,test,,False
19848,7,test,,False
19849,7,test,,False
19850,7,test,,False
19851,7,test,,False
19852,7,test,,False
19853,7,test,,False
19854,7,test,,False
19855,7,test,,False
19856,7,test,,False
19857,7,test,,False
19858,7,test,,False
19859,7,test,,False
19860,7,test,,False
19861,7,test,,False
19862,7,test,,False
19863,7,test,,False
19864,7,test,,False
19865,9,train,2,False
19866,9,train,2,False
19867,9,train,2,False
19868,9,train,2,False
19869,1,train,0,False
19870,1,train,0,False
19871,1,train,0,False
19872,17,train,4,False
19873,1,train,0,False
19874,1,train,0,False
19875,9,train,2,False
19876,9,train,2,False
19877,9,train,2,False
19878,9,train,2,False
19879,9,train,2,False
19881,9,train,2,False
19882,9,train,2,False
19883,9,train,2,False
19884,9,train,2,False
19885,9,train,2,False
19886,9,train,2,False
19887,9,train,2,False
19888,9,train,2,False
19889,13,train,2,False
19890,12,train,3,False
19891,12,train,3,True
19895,3,train,2,False
19896,2,train,1,False
19897,5,train,4,False
19898,3,train,2,False
19899,3,train,2,False
19900,4,train,3,False
19901,2,train,1,False
19902,2,train,1,False
19903,2,train,1,False
19904,9,train,2,False
19905,0,test,,False
19906,2,train,1,False
19907,3,train,2,False
19908,0,test,,False
19909,7,test,,False
19910,6,train,4,False
19911,1,train,0,False
19912,1,train,0,False
19913,3,train,2,False
19914,2,train,1,False
19916,9,train,2,False
19921,2,train,1,False
19923,5,train,4,False
19924,5,train,4,False
19925,5,train,4,False
19926,5,train,4,False
19927,5,train,4,False
19928,5,train,4,False
19929,5,train,4,False
19931,110,train,3,True
19932,110,train,3,True
19933,6,train,4,True
19937,4,train,3,False
19938,4,train,3,False
19939,4,train,3,False
19940,4,train,3,False
19941,4,train,3,False
19942,4,train,3,False
19943,4,train,3,False
19944,4,train,3,False
19945,4,train,3,False
19946,4,train,3,False
19947,4,train,3,False
19948,4,train,3,False
19949,4,train,3,False
19950,4,train,3,False
19951,4,train,3,False
19960,5,train,4,False
19961,5,train,4,True
19962,0,test,,False
19963,5,train,4,False
19985,1,train,0,False
19986,1,train,0,False
19988,14,train,4,False
19991,0,test,,False
19992,5,train,4,False
19993,5,train,4,True
19994,0,test,,False
19995,3,train,2,False
19996,0,test,,False
19997,0,test,,True
19998,5,train,4,True
20000,5,train,4,True
20001,4,train,3,False
20004,3,train,2,False
20005,3,train,2,False
20006,3,train,2,False
20007,3,train,2,False
20008,3,train,2,False
20009,3,train,2,False
20010,3,train,2,False
20011,3,train,2,False
20012,3,train,2,False
20013,3,train,2,False
20014,3,train,2,False
20017,6,train,4,False
20018,2,train,1,False
20019,2,train,1,False
20020,543,train,1,False
20040,4,train,3,False
20041,2,train,1,False
20042,4,train,3,False
20043,4,train,3,False
20044,4,train,3,False
20045,4,train,3,False
20054,4,train,3,False
20055,4,train,3,False
20056,4,train,3,False
20057,4,train,3,False
20058,4,train,3,False
20059,4,train,3,False
20060,4,train,3,False
20061,4,train,3,False
20062,544,train,1,False
20065,545,train,3,False
20066,4,train,3,False
20067,4,train,3,False
20068,546,train,0,False
20069,6,train,4,False
20075,4,train,3,False
20076,4,train,3,False
20077,4,train,3,False
20078,4,train,3,False
20079,4,train,3,False
20080,4,train,3,False
20081,4,train,3,False
20083,52,train,4,False
20100,7,test,,False
20101,9,train,2,False
20102,7,test,,False
20103,9,train,2,False
20104,7,test,,False
20105,7,test,,False
20106,9,train,2,False
20107,7,test,,False
20108,16,train,1,False
20120,3,train,2,False
20121,3,train,2,False
20122,3,train,2,False
20123,20,train,1,True
20134,0,test,,False
20137,0,test,,False
20142,0,test,,False
20143,0,test,,False
20144,0,test,,False
20145,0,test,,False
20146,0,test,,False
20147,0,test,,False
20148,0,test,,False
20149,0,test,,False
20150,0,test,,False
20151,0,test,,False
20152,0,test,,False
20153,0,test,,False
20154,0,test,,False
20155,0,test,,False
20156,0,test,,False
20157,0,test,,False
20158,6,train,4,False
20159,6,train,4,False
20160,6,train,4,False
20161,5,train,4,False
20162,7,test,,False
20163,7,test,,False
20164,0,test,,False
20165,3,train,2,False
20166,6,train,4,False
20167,10,train,1,False
20168,10,train,1,False
20169,6,train,4,False
20171,2,train,1,False
20173,3,train,2,False
20175,10,train,1,False
20177,8,train,3,False
20179,24,test,,False
20180,9,train,2,False
20181,9,train,2,False
20182,9,train,2,False
20183,9,train,2,False
20184,4,train,3,False
20185,4,train,3,False
20186,4,train,3,False
20187,9,train,2,False
20192,2,train,1,True
20193,2,train,1,True
20194,2,train,1,True
20195,9,train,2,False
20196,9,train,2,False
20197,9,train,2,False
20198,9,train,2,False
20199,9,train,2,False
20200,4,train,3,False
20201,4,train,3,False
20202,4,train,3,False
20203,9,train,2,False
20204,9,train,2,False
20205,9,train,2,False
20206,9,train,2,False
20207,9,train,2,False
20208,9,train,2,False
20209,4,train,3,False
20211,4,train,3,False
20212,2,train,1,True
20213,2,train,1,False
20214,2,train,1,False
20215,2,train,1,True
20216,2,train,1,True
20218,2,train,1,True
20219,2,train,1,True
20221,2,train,1,True
20224,2,train,1,True
20225,5,train,4,True
20231,4,train,3,False
20232,1,train,0,False
20234,1,train,0,False
20239,2,train,1,True
20242,2,train,1,True
20243,2,train,1,True
20244,2,train,1,True
20245,2,train,1,True
20246,2,train,1,True
20247,2,train,1,True
20248,2,train,1,True
20249,8,train,3,False
20252,2,train,1,False
20253,2,train,1,False
20254,2,train,1,False
20255,2,train,1,True
20256,2,train,1,True
20257,2,train,1,True
20258,2,train,1,True
20259,2,train,1,True
20260,2,train,1,True
20261,2,train,1,True
20262,2,train,1,True
20263,2,train,1,True
20265,2,train,1,False
20266,2,train,1,False
20267,9,train,2,False
20268,9,train,2,False
20269,9,train,2,False
20270,9,train,2,False
20271,9,train,2,False
20272,6,train,4,False
20273,6,train,4,False
20274,6,train,4,False
20275,1,train,0,False
20276,12,train,3,False
20277,2,train,1,False
20278,6,train,4,False
20279,7,test,,False
20280,4,train,3,True
20281,4,train,3,True
20282,2,train,1,True
20283,4,train,3,True
20284,2,train,1,True
20287,2,train,1,True
20288,547,train,0,False
20289,5,train,4,False
20290,5,train,4,False
20291,5,train,4,False
20292,5,train,4,False
20295,548,train,4,False
20297,2,train,1,True
20298,2,train,1,True
20299,2,train,1,True
20300,2,train,1,True
20301,2,train,1,True
20302,2,train,1,True
20303,4,train,3,True
20307,4,train,3,False
20308,0,test,,False
20309,4,train,3,False
20312,4,train,3,False
20316,13,train,2,False
20317,13,train,2,False
20318,6,train,4,False
20319,13,train,2,False
20320,13,train,2,False
20324,6,train,4,False
20325,12,train,3,False
20326,549,train,0,False
20327,12,train,3,False
20329,550,train,4,False
20331,8,train,3,False
20337,2,train,1,False
20338,2,train,1,False
20339,2,train,1,False
20340,2,train,1,False
20341,2,train,1,False
20342,5,train,4,False
20343,5,train,4,False
20344,5,train,4,False
20345,5,train,4,False
20346,5,train,4,False
20347,1,train,0,False
20348,1,train,0,False
20349,1,train,0,False
20350,0,test,,False
20352,18,test,,False
20353,10,train,1,False
20354,551,train,4,False
20368,1,train,0,False
20370,8,train,3,False
20373,6,train,4,False
20374,6,train,4,False
20376,3,train,2,False
20379,2,train,1,False
20381,13,train,2,False
20382,13,train,2,False
20384,13,train,2,False
20385,13,train,2,False
20386,13,train,2,False
20387,13,train,2,False
20390,13,train,2,False
20391,13,train,2,False
20392,13,train,2,False
20393,13,train,2,False
20394,18,test,,False
20395,13,train,2,False
20401,13,train,2,False
20402,1,train,0,False
20403,13,train,2,False
20404,13,train,2,False
20406,13,train,2,False
20407,13,train,2,False
20408,17,train,4,False
20409,17,train,4,False
20450,1,train,0,False
20453,13,train,2,False
20457,1,train,0,False
20459,16,train,1,False
20464,0,test,,False
20465,0,test,,False
20466,135,train,2,True
20467,552,train,2,True
20468,553,train,1,True
20477,554,train,2,True
20481,3,train,2,True
20482,2,train,1,True
20483,2,train,1,False
20484,2,train,1,False
20485,2,train,1,False
20486,5,train,4,False
20487,5,train,4,True
20488,5,train,4,True
20489,5,train,4,False
20490,5,train,4,True
20492,555,train,1,False
20494,0,test,,False
20495,0,test,,False
20497,6,train,4,False
20500,6,train,4,False
20501,2,train,1,False
20502,2,train,1,False
20503,2,train,1,False
20504,2,train,1,False
20505,0,test,,False
20506,556,train,2,True
20507,557,train,2,True
20510,0,test,,False
20511,1,train,0,False
20515,0,test,,False
20519,185,train,3,True
20520,185,train,3,True
20535,24,test,,False
20536,10,train,1,False
20537,8,train,3,False
20539,1,train,0,False
20540,558,train,0,False
20541,8,train,3,False
20542,8,train,3,False
20543,8,train,3,False
20557,4,train,3,False
20558,4,train,3,False
20559,4,train,3,False
20561,4,train,3,False
20562,4,train,3,False
20563,4,train,3,True
20564,4,train,3,False
20566,4,train,3,False
20567,4,train,3,False
20568,4,train,3,False
20569,4,train,3,False
20571,4,train,3,False
20572,4,train,3,False
20573,4,train,3,False
20574,4,train,3,False
20575,0,test,,False
20576,0,test,,False
20577,4,train,3,False
20578,0,test,,False
20579,4,train,3,False
20580,2,train,1,False
20581,2,train,1,False
20582,3,train,2,False
20584,3,train,2,False
20586,117,train,0,False
20588,3,train,2,False
20589,559,train,3,False
20593,147,train,2,True
20594,147,train,2,True
20595,3,train,2,False
20596,3,train,2,False
20597,3,train,2,False
20598,7,test,,False
20599,2,train,1,False
20601,0,test,,False
20602,0,test,,True
20603,0,test,,True
20604,0,test,,False
20605,0,test,,False
20606,0,test,,True
20607,0,test,,False
20608,0,test,,False
20609,0,test,,False
20610,0,test,,False
20611,108,test,,False
20612,24,test,,False
20613,24,test,,True
20614,24,test,,False
20615,24,test,,True
20616,560,train,0,False
20621,65,train,3,True
20622,65,train,3,True
20623,65,train,3,True
20624,65,train,3,True
20625,65,train,3,True
20627,65,train,3,True
20628,1,train,0,False
20629,1,train,0,False
20630,1,train,0,False
20631,1,train,0,False
20632,1,train,0,False
20641,561,train,4,False
20646,1,train,0,False
20710,11,train,0,True
20711,562,train,0,True
20712,100,train,1,True
20713,11,train,0,True
20714,563,train,2,True
20715,11,train,0,True
20716,100,train,1,True
20721,100,train,1,True
20722,51,train,3,True
20723,186,train,3,True
20724,186,train,3,True
20725,8,train,3,False
20726,0,test,,False
20727,0,test,,False
20728,0,test,,False
20729,9,train,2,False
20737,0,test,,False
20738,0,test,,False
20739,0,test,,False
20740,2,train,1,True
20741,2,train,1,True
20742,2,train,1,True
20743,2,train,1,True
20744,2,train,1,True
20745,2,train,1,True
20746,2,train,1,True
20747,2,train,1,True
20748,2,train,1,True
20750,2,train,1,False
20751,2,train,1,True
20752,2,train,1,True
20755,0,test,,False
20756,0,test,,False
20757,0,test,,False
20759,0,test,,False
20760,0,test,,False
20761,0,test,,False
20762,0,test,,False
20771,7,test,,False
20772,187,test,,False
20773,187,test,,False
20786,8,train,3,False
20787,29,train,1,False
20797,16,train,1,False
20800,9,train,2,False
20801,9,train,2,False
20802,9,train,2,False
20803,2,train,1,False
20805,9,train,2,False
20806,9,train,2,False
20807,9,train,2,False
20808,9,train,2,False
20809,9,train,2,False
20810,16,train,1,False
20811,7,test,,False
20812,7,test,,False
20814,10,train,1,False
20818,2,train,1,False
20819,2,train,1,False
20820,2,train,1,False
20821,10,train,1,False
20822,10,train,1,False
20823,154,train,1,False
20824,564,train,4,False
20825,8,train,3,False
20826,4,train,3,False
20827,4,train,3,False
20832,188,train,2,True
20833,188,train,2,True
20834,4,train,3,False
20837,4,train,3,False
20838,0,test,,False
20839,2,train,1,False
20840,2,train,1,False
20841,2,train,1,False
20842,2,train,1,False
20853,2,train,1,False
20854,2,train,1,False
20855,2,train,1,False
20856,2,train,1,False
20883,15,test,,False
20885,1,train,0,False
20889,4,train,3,False
20890,4,train,3,False
20907,135,train,2,True
20910,565,test,,True
20913,8,train,3,False
20915,10,train,1,False
20922,121,train,2,True
20923,121,train,2,True
20926,98,test,,True
20929,2,train,1,False
20930,1,train,0,False
20931,3,train,2,False
20932,2,train,1,False
20933,1,train,0,False
20934,2,train,1,False
20935,1,train,0,False
20936,1,train,0,False
20937,1,train,0,False
20938,1,train,0,False
20939,1,train,0,False
20941,566,train,4,False
20942,11,train,0,False
20952,1,train,0,False
20953,1,train,0,False
20954,1,train,0,False
20956,1,train,0,False
20957,1,train,0,False
20958,2,train,1,False
20959,2,train,1,False
20961,6,train,4,False
20962,6,train,4,False
20963,2,train,1,False
20964,12,train,3,False
20965,1,train,0,False
20966,4,train,3,False
20967,4,train,3,False
20973,20,train,1,True
20980,0,test,,True
20981,0,test,,True
20983,4,train,3,False
20986,3,train,2,True
20987,3,train,2,True
21002,567,train,3,True
21003,4,train,3,False
21005,4,train,3,False
21006,4,train,3,False
21007,4,train,3,False
21010,2,train,1,False
21011,2,train,1,False
21022,2,train,1,True
21023,68,train,3,True
21024,2,train,1,True
21025,68,train,3,True
21026,68,train,3,True
21027,68,train,3,True
21028,68,train,3,True
21029,4,train,3,False
21031,6,train,4,False
21032,2,train,1,False
21033,6,train,4,False
21035,568,train,1,False
21036,4,train,3,False
21037,25,train,2,True
21038,25,train,2,True
21039,25,train,2,True
21040,25,train,2,True
21041,25,train,2,True
21042,25,train,2,True
21043,25,train,2,True
21044,25,train,2,True
21045,25,train,2,True
21046,25,train,2,True
21047,569,train,0,True
21049,4,train,3,False
21050,0,test,,False
21051,0,test,,False
21055,7,test,,False
21056,7,test,,False
21057,7,test,,False
21058,7,test,,False
21059,3,train,2,False
21060,31,train,0,True
21068,0,test,,False
21069,0,test,,True
21070,0,test,,True
21071,0,test,,True
21072,0,test,,True
21075,32,train,0,False
21076,17,train,4,False
21077,6,train,4,False
21078,17,train,4,False
21079,6,train,4,False
21080,6,train,4,False
21081,38,train,4,False
21082,0,test,,True
21083,0,test,,True
21084,0,test,,True
21085,0,test,,True
21086,0,test,,True
21087,0,test,,True
21088,0,test,,True
21089,0,test,,True
21090,0,test,,True
21091,0,test,,True
21092,0,test,,True
21093,0,test,,True
21094,0,test,,True
21095,0,test,,True
21096,0,test,,True
21097,0,test,,True
21098,0,test,,True
21099,0,test,,True
21100,0,test,,True
21101,0,test,,True
21102,0,test,,True
21103,0,test,,True
21104,0,test,,True
21105,0,test,,True
21106,0,test,,True
21107,0,test,,True
21108,0,test,,True
21109,0,test,,True
21110,0,test,,True
21111,0,test,,True
21112,0,test,,False
21113,0,test,,True
21114,9,train,2,False
21115,9,train,2,True
21116,9,train,2,False
21117,9,train,2,True
21133,0,test,,False
21138,570,train,3,False
21141,1,train,0,False
21142,6,train,4,False
21150,42,train,4,False
21152,571,train,0,True
21156,572,train,2,True
21157,573,train,1,True
21161,0,test,,False
21162,5,train,4,False
21163,5,train,4,False
21164,5,train,4,False
21165,5,train,4,False
21166,5,train,4,False
21167,574,train,2,True
21168,575,test,,True
21170,16,train,1,False
21171,16,train,1,False
21172,0,test,,False
21173,0,test,,False
21174,0,test,,False
21175,0,test,,False
21176,0,test,,False
21177,0,test,,False
21178,0,test,,False
21179,0,test,,False
21181,0,test,,False
21182,4,train,3,False
21185,576,train,4,False
21188,3,train,2,False
21213,24,test,,False
21218,24,test,,False
21219,24,test,,True
21220,24,test,,False
21221,24,test,,True
21222,24,test,,False
21223,24,test,,True
21224,24,test,,False
21225,24,test,,True
21226,24,test,,False
21253,7,test,,False
21254,1,train,0,False
21255,577,train,0,False
21256,6,train,4,False
21268,4,train,3,False
21269,4,train,3,False
21270,11,train,0,False
21271,11,train,0,False
21272,4,train,3,True
21277,10,train,1,False
21278,10,train,1,False
21279,578,test,,False
21280,8,train,3,False
21281,1,train,0,False
21282,6,train,4,False
21285,8,train,3,False
21290,579,test,,False
21300,13,train,2,False
21301,1,train,0,False
21302,1,train,0,False
21303,1,train,0,False
21304,1,train,0,False
21305,1,train,0,False
21306,13,train,2,False
21307,13,train,2,False
21309,2,train,1,False
21310,14,train,4,False
21311,6,train,4,False
21312,14,train,4,False
21313,14,train,4,False
21314,6,train,4,False
21315,15,test,,False
21316,6,train,4,False
21317,15,test,,False
21318,6,train,4,False
21319,6,train,4,False
21320,27,train,1,True
21321,27,train,1,True
21322,27,train,1,True
21324,189,test,,False
21325,189,test,,False
21330,580,train,1,False
21331,581,train,2,False
21332,10,train,1,False
21333,37,train,3,False
21334,582,train,1,False
21341,583,test,,True
21342,90,train,1,True
21343,584,train,2,True
21344,585,train,1,True
21345,586,train,2,True
21346,90,train,1,True
21347,90,train,1,True
21348,587,train,3,True
21349,588,train,1,True
21410,7,test,,False
21411,7,test,,False
21412,7,test,,False
21414,589,test,,False
21445,590,train,4,False
21446,5,train,4,False
21447,591,train,1,False
21448,7,test,,False
21449,7,test,,False
21459,5,train,4,False
21460,592,train,3,False
21462,10,train,1,False
21463,1,train,0,False
21464,8,train,3,False
21467,8,train,3,False
21468,593,train,1,False
21470,10,train,1,False
21471,10,train,1,False
21472,10,train,1,False
21486,0,test,,False
21499,594,train,2,False
21500,3,train,2,False
21502,15,test,,False
21503,8,train,3,False
21504,595,train,0,False
21509,2,train,1,False
21510,2,train,1,False
21511,2,train,1,False
21512,2,train,1,False
21515,2,train,1,False
21516,2,train,1,True
21520,1,train,0,False
21521,0,test,,False
21523,1,train,0,False
21525,10,train,1,False
21526,10,train,1,False
21527,10,train,1,False
21528,10,train,1,False
21529,8,train,3,False
21530,10,train,1,False
21531,1,train,0,False
21532,10,train,1,False
21533,596,test,,False
21534,10,train,1,False
21536,10,train,1,False
21537,13,train,2,False
21538,13,train,2,False
21551,7,test,,False
21552,7,test,,False
21553,7,test,,False
21554,7,test,,False
21578,7,test,,False
21579,7,test,,False
21580,7,test,,False
21581,7,test,,False
21585,7,test,,False
21586,15,test,,False
21587,9,train,2,False
21615,12,train,3,False
21616,1,train,0,False
21617,2,train,1,False
21618,3,train,2,False
21620,3,train,2,False
21621,12,train,3,False
21622,0,test,,False
21623,7,test,,False
21624,8,train,3,False
21626,597,train,0,True
21627,8,train,3,False
21628,8,train,3,False
21629,1,train,0,False
21630,598,train,2,True
21632,599,train,2,True
21638,38,train,4,False
21645,3,train,2,False
21647,3,train,2,False
21652,3,train,2,False
21657,4,train,3,False
21658,4,train,3,False
21659,4,train,3,False
21660,3,train,2,False
21661,3,train,2,False
21663,3,train,2,False
21671,3,train,2,False
21672,3,train,2,False
21673,3,train,2,False
21674,3,train,2,False
21680,118,train,3,True
21681,118,train,3,True
21682,118,train,3,True
21685,140,test,,True
21686,140,test,,True
21688,3,train,2,True
21689,3,train,2,True
21690,3,train,2,True
21691,5,train,4,False
21697,3,train,2,False
21698,3,train,2,False
21699,3,train,2,False
21700,3,train,2,False
21701,3,train,2,False
21702,3,train,2,True
21703,3,train,2,True
21705,47,train,3,False
21706,47,train,3,True
21707,47,train,3,True
21708,47,train,3,True
21713,16,train,1,False
21714,16,train,1,True
21715,16,train,1,False
21716,16,train,1,True
21717,16,train,1,True
21718,16,train,1,True
21719,16,train,1,False
21720,16,train,1,True
21721,10,train,1,False
21722,10,train,1,False
21723,10,train,1,False
21724,10,train,1,False
21725,10,train,1,False
21726,10,train,1,False
21727,10,train,1,False
21728,10,train,1,False
21729,10,train,1,False
21730,16,train,1,True
21731,16,train,1,True
21732,16,train,1,True
21733,7,test,,False
21734,7,test,,False
21735,7,test,,False
21736,7,test,,False
21737,7,test,,False
21738,7,test,,True
21739,7,test,,True
21742,10,train,1,False
21743,10,train,1,False
21744,10,train,1,False
21745,10,train,1,False
21747,600,train,1,False
21752,1,train,0,True
21753,1,train,0,True
21754,1,train,0,True
21756,74,test,,False
21757,52,train,4,False
21758,52,train,4,False
21759,601,train,1,False
21760,22,train,3,False
21768,190,train,3,True
21769,190,train,3,True
21779,8,train,3,False
21788,3,train,2,False
21794,18,test,,False
21827,3,train,2,False
21829,3,train,2,False
21830,3,train,2,False
21831,0,test,,True
21834,34,train,4,False
21837,34,train,4,False
21838,34,train,4,False
21839,34,train,4,False
21840,34,train,4,False
21841,34,train,4,False
21842,34,train,4,False
21844,34,train,4,False
21845,34,train,4,False
21847,34,train,4,False
21849,34,train,4,False
21851,34,train,4,False
21852,34,train,4,False
21853,34,train,4,False
21854,34,train,4,False
21856,34,train,4,False
21858,34,train,4,False
21859,34,train,4,False
21860,34,train,4,False
21861,34,train,4,False
21862,34,train,4,False
21863,34,train,4,False
21864,34,train,4,False
21865,34,train,4,False
21866,34,train,4,False
21867,34,train,4,False
21884,34,train,4,False
21896,602,train,4,False
21912,3,train,2,False
21913,3,train,2,False
21914,3,train,2,False
21915,3,train,2,False
21916,3,train,2,False
21919,3,train,2,False
21920,3,train,2,False
21921,3,train,2,False
21922,2,train,1,False
21923,603,train,4,False
21924,12,train,3,False
21926,12,train,3,False
21928,12,train,3,False
21932,18,test,,True
21942,2,train,1,False
21943,2,train,1,False
21944,0,test,,False
21946,0,test,,False
21949,0,test,,False
21955,2,train,1,False
21956,2,train,1,False
21961,2,train,1,False
21962,4,train,3,False
21963,2,train,1,False
21964,2,train,1,False
21967,2,train,1,False
21968,3,train,2,False
21970,8,train,3,False
21971,8,train,3,False
21972,8,train,3,False
21980,4,train,3,False
21981,4,train,3,False
21982,4,train,3,False
21983,4,train,3,False
21984,4,train,3,False
21987,77,train,1,True
21988,77,train,1,True
21989,77,train,1,True
21990,77,train,1,True
21991,0,test,,False
21992,2,train,1,True
21993,2,train,1,True
21994,2,train,1,True
21998,6,train,4,False
22004,42,train,4,False
22005,42,train,4,False
22006,42,train,4,False
22007,42,train,4,False
22008,42,train,4,False
22009,42,train,4,False
22010,42,train,4,False
22011,42,train,4,False
22012,42,train,4,False
22013,42,train,4,False
22014,42,train,4,False
22018,3,train,2,False
22019,604,train,3,False
22020,0,test,,False
22023,0,test,,False
22024,0,test,,False
22025,0,test,,False
22026,0,test,,False
22027,0,test,,False
22035,83,train,3,False
22036,83,train,3,False
22037,83,train,3,True
22038,605,train,0,True
22049,1,train,0,False
22050,2,train,1,False
22051,1,train,0,False
22052,1,train,0,False
22053,1,train,0,False
22056,191,train,3,True
22057,191,train,3,True
22058,192,train,0,True
22059,192,train,0,True
22060,12,train,3,False
22061,6,train,4,False
22062,10,train,1,False
22079,15,test,,False
22081,15,test,,False
22085,606,train,2,True
22086,148,test,,False
22087,148,test,,False
22093,7,test,,False
22094,7,test,,False
22095,7,test,,False
22096,7,test,,False
22097,7,test,,False
22098,7,test,,False
22099,7,test,,False
22100,7,test,,False
22101,7,test,,False
22102,7,test,,False
22103,7,test,,False
22104,7,test,,False
22107,7,test,,False
22119,607,train,1,True
22125,0,test,,True
22126,0,test,,True
22128,0,test,,False
22129,0,test,,True
22130,0,test,,False
22150,608,test,,True
22151,609,train,0,True
22160,1,train,0,False
22161,7,test,,False
22165,5,train,4,False
22166,5,train,4,False
22201,16,train,1,False
22213,3,train,2,False
22214,6,train,4,False
22215,3,train,2,False
22216,2,train,1,False
22217,3,train,2,False
22218,2,train,1,False
22220,2,train,1,False
22223,4,train,3,False
22224,4,train,3,False
22225,4,train,3,False
22226,4,train,3,False
22227,4,train,3,False
22228,4,train,3,False
22229,4,train,3,False
22230,4,train,3,False
22234,4,train,3,False
22235,4,train,3,False
22236,4,train,3,False
22237,4,train,3,False
22238,4,train,3,False
22239,4,train,3,False
22240,4,train,3,False
22241,4,train,3,False
22246,138,train,0,False
22247,138,train,0,False
22277,3,train,2,False
22278,610,train,0,False
22279,17,train,4,False
22280,0,test,,False
22281,611,test,,False
22282,47,train,3,False
22283,47,train,3,False
22285,47,train,3,False
22286,47,train,3,False
22289,47,train,3,False
22290,47,train,3,False
22292,47,train,3,False
22293,47,train,3,False
22295,47,train,3,False
22296,47,train,3,False
22306,8,train,3,False
22307,3,train,2,False
22308,1,train,0,False
22309,6,train,4,False
22310,3,train,2,False
22311,12,train,3,False
22312,12,train,3,False
22313,12,train,3,False
22314,12,train,3,False
22315,12,train,3,False
22316,7,test,,False
22317,5,train,4,False
22318,9,train,2,False
22319,9,train,2,False
22320,9,train,2,False
22321,9,train,2,False
22322,9,train,2,False
22323,9,train,2,False
22324,9,train,2,False
22325,9,train,2,False
22326,9,train,2,False
22327,9,train,2,False
22328,9,train,2,False
22330,99,test,,True
22338,9,train,2,False
22339,9,train,2,False
22340,9,train,2,True
22341,9,train,2,True
22342,10,train,1,False
22343,10,train,1,False
22344,10,train,1,False
22345,10,train,1,False
22346,8,train,3,False
22347,8,train,3,False
22350,0,test,,True
22356,0,test,,True
22357,0,test,,True
22362,8,train,3,False
22363,8,train,3,False
22364,8,train,3,False
22365,8,train,3,False
22372,1,train,0,False
22373,3,train,2,False
22374,53,train,2,False
22375,8,train,3,False
22377,13,train,2,False
22378,13,train,2,False
22379,13,train,2,False
22380,13,train,2,False
22381,13,train,2,False
22382,13,train,2,False
22383,13,train,2,False
22384,13,train,2,False
22386,17,train,4,False
22387,17,train,4,False
22388,17,train,4,False
22389,17,train,4,False
22391,17,train,4,False
22392,17,train,4,False
22393,1,train,0,True
22394,8,train,3,False
22395,8,train,3,True
22396,71,train,3,False
22397,71,train,3,False
22398,71,train,3,False
22400,71,train,3,False
22401,71,train,3,False
22410,18,test,,True
22411,18,test,,True
22412,18,test,,True
22413,18,test,,True
22414,18,test,,True
22419,18,test,,False
22420,18,test,,False
22421,18,test,,False
22422,18,test,,False
22423,18,test,,False
22424,18,test,,False
22425,18,test,,False
22426,18,test,,False
22427,18,test,,False
22428,18,test,,False
22429,18,test,,False
22432,6,train,4,False
22433,6,train,4,False
22434,6,train,4,False
22435,6,train,4,False
22436,6,train,4,False
22437,6,train,4,False
22438,6,train,4,False
22439,31,train,0,False
22440,31,train,0,False
22441,31,train,0,False
22442,8,train,3,False
22443,3,train,2,False
22447,10,train,1,False
22449,612,train,3,False
22450,8,train,3,False
22451,1,train,0,False
22457,8,train,3,False
22458,32,train,0,False
22459,0,test,,False
22461,0,test,,False
22462,5,train,4,False
22463,2,train,1,False
22465,7,test,,False
22470,7,test,,False
22471,7,test,,False
22473,6,train,4,False
22481,19,train,2,False
22482,4,train,3,False
22495,4,train,3,False
22496,4,train,3,False
22497,4,train,3,False
22498,4,train,3,False
22499,4,train,3,False
22500,4,train,3,False
22501,4,train,3,False
22502,4,train,3,False
22503,4,train,3,False
22504,4,train,3,False
22505,4,train,3,False
22506,4,train,3,False
22507,4,train,3,False
22508,4,train,3,False
22509,4,train,3,False
22510,4,train,3,False
22511,4,train,3,False
22544,1,train,0,False
22545,613,train,1,False
22546,6,train,4,False
22547,2,train,1,False
22548,8,train,3,False
22550,614,train,2,False
22551,8,train,3,False
22555,615,train,3,False
22558,22,train,3,False
22560,0,test,,True
22561,0,test,,True
22562,0,test,,True
22564,0,test,,True
22565,0,test,,True
22566,0,test,,False
22567,0,test,,True
22571,1,train,0,False
22576,19,train,2,True
22578,19,train,2,False
22579,19,train,2,False
22585,8,train,3,False
22586,10,train,1,False
22587,10,train,1,False
22588,10,train,1,False
22589,6,train,4,False
22590,52,train,4,False
22614,11,train,0,False
22615,11,train,0,False
22616,11,train,0,False
22617,11,train,0,False
22618,11,train,0,False
22619,11,train,0,False
22620,11,train,0,False
22621,11,train,0,False
22622,616,train,2,True
22631,0,test,,False
22632,0,test,,False
22633,0,test,,False
22634,3,train,2,False
22635,3,train,2,False
22636,1,train,0,False
22637,0,test,,False
22638,0,test,,False
22639,0,test,,False
22650,617,train,2,True
22658,7,test,,False
22659,7,test,,False
22660,7,test,,False
22661,7,test,,False
22662,7,test,,True
22663,7,test,,True
22664,7,test,,False
22665,7,test,,True
22666,7,test,,True
22667,0,test,,False
22668,0,test,,False
22669,0,test,,False
22670,0,test,,False
22672,0,test,,False
22673,16,train,1,False
22675,0,test,,False
22676,0,test,,False
22677,0,test,,False
22678,13,train,2,False
22679,0,test,,False
22680,0,test,,False
22682,16,train,1,False
22683,16,train,1,False
22684,9,train,2,False
22685,16,train,1,False
22687,1,train,0,False
22688,1,train,0,False
22692,8,train,3,False
22693,136,train,1,False
22697,136,train,1,False
22700,7,test,,False
22703,618,train,2,False
22704,16,train,1,False
22715,0,test,,False
22717,0,test,,False
22723,0,test,,False
22725,21,train,0,False
22729,7,test,,False
22730,7,test,,False
22731,7,test,,False
22732,7,test,,False
22748,193,test,,False
22750,2,train,1,False
22751,2,train,1,False
22752,2,train,1,False
22753,2,train,1,False
22754,2,train,1,False
22755,2,train,1,False
22756,2,train,1,False
22757,2,train,1,False
22758,2,train,1,False
22759,2,train,1,False
22760,2,train,1,False
22761,2,train,1,False
22762,2,train,1,False
22763,2,train,1,False
22764,2,train,1,False
22765,2,train,1,False
22766,2,train,1,False
22767,2,train,1,False
22768,2,train,1,False
22769,2,train,1,False
22770,2,train,1,False
22771,2,train,1,False
22772,2,train,1,False
22773,2,train,1,False
22774,2,train,1,False
22775,2,train,1,False
22776,2,train,1,False
22777,2,train,1,False
22778,2,train,1,False
22780,8,train,3,False
22781,0,test,,False
22782,8,train,3,False
22783,8,train,3,False
22784,8,train,3,False
22785,8,train,3,False
22786,8,train,3,False
22787,8,train,3,False
22788,619,train,4,False
22792,3,train,2,False
22793,3,train,2,False
22810,7,test,,False
22811,7,test,,False
22812,7,test,,False
22814,16,train,1,False
22815,16,train,1,False
22816,16,train,1,False
22817,16,train,1,False
22818,16,train,1,False
22819,16,train,1,False
22820,16,train,1,False
22821,21,train,0,False
22822,2,train,1,False
22823,1,train,0,False
22824,6,train,4,False
22854,4,train,3,False
22855,39,test,,True
22856,39,test,,True
22857,39,test,,True
22858,39,test,,True
22859,620,train,2,True
22860,39,test,,True
22861,39,test,,True
22862,39,test,,True
22863,39,test,,True
22865,39,test,,True
22866,39,test,,True
22870,39,test,,True
22871,39,test,,True
22872,39,test,,True
22873,39,test,,True
22874,39,test,,True
22875,39,test,,True
22876,621,train,0,True
22877,7,test,,True
22878,7,test,,False
22880,7,test,,True
22881,7,test,,False
22882,7,test,,False
22883,7,test,,False
22884,7,test,,False
22885,7,test,,False
22886,18,test,,False
22887,18,test,,False
22888,18,test,,False
22889,18,test,,False
22890,18,test,,False
22891,18,test,,False
22892,18,test,,False
22893,18,test,,False
22894,18,test,,False
22895,18,test,,False
22896,18,test,,False
22897,7,test,,False
22898,7,test,,False
22899,18,test,,False
22900,18,test,,False
22901,18,test,,False
22902,18,test,,False
22903,18,test,,False
22904,18,test,,False
22905,18,test,,False
22906,18,test,,False
22908,6,train,4,False
22910,6,train,4,False
22911,6,train,4,False
22912,21,train,0,False
22913,21,train,0,False
22914,21,train,0,False
22916,4,train,3,False
22917,4,train,3,False
22918,2,train,1,False
22919,3,train,2,True
22920,4,train,3,False
22921,4,train,3,False
22922,4,train,3,True
22923,4,train,3,True
22924,3,train,2,True
22926,39,test,,True
22927,39,test,,True
22928,7,test,,False
22954,21,train,0,False
22955,21,train,0,False
22956,21,train,0,False
22957,21,train,0,False
22958,21,train,0,False
22959,21,train,0,False
22962,21,train,0,False
22963,21,train,0,False
22964,21,train,0,False
22965,21,train,0,False
22966,21,train,0,False
22967,21,train,0,False
22968,21,train,0,False
22969,21,train,0,False
22970,21,train,0,False
22972,21,train,0,False
22973,21,train,0,False
22974,21,train,0,False
22975,21,train,0,False
22977,21,train,0,False
22978,21,train,0,False
22979,21,train,0,False
22980,21,train,0,False
22981,21,train,0,False
22982,21,train,0,False
22983,10,train,1,False
22984,149,train,4,False
22985,9,train,2,False
22986,622,test,,False
22987,623,train,0,False
22988,624,train,1,False
22989,9,train,2,False
22990,625,train,0,False
22991,149,train,4,False
22992,626,train,1,False
22993,9,train,2,False
22994,9,train,2,False
22995,9,train,2,False
22996,9,train,2,True
22997,9,train,2,False
22998,3,train,2,False
23000,8,train,3,False
23001,3,train,2,False
23003,3,train,2,False
23004,3,train,2,False
23016,0,test,,False
23017,17,train,4,False
23018,17,train,4,False
23019,10,train,1,False
23020,5,train,4,False
23025,627,train,0,False
23028,628,train,1,False
23029,629,train,0,False
23032,19,train,2,False
23033,19,train,2,False
23035,0,test,,False
23036,2,train,1,False
23037,5,train,4,False
23038,1,train,0,False
23042,7,test,,False
23043,5,train,4,False
23044,9,train,2,False
23045,2,train,1,False
23046,17,train,4,False
23048,5,train,4,False
23051,5,train,4,False
23052,2,train,1,False
23053,2,train,1,False
23054,5,train,4,False
23055,2,train,1,False
23056,2,train,1,False
23068,5,train,4,True
23069,0,test,,True
23070,5,train,4,True
23077,22,train,3,False
23078,6,train,4,False
23079,630,train,0,False
23084,12,train,3,False
23086,12,train,3,False
23087,12,train,3,False
23090,12,train,3,False
23093,12,train,3,False
23094,12,train,3,False
23095,12,train,3,False
23096,12,train,3,False
23100,12,train,3,False
23101,12,train,3,False
23102,12,train,3,False
23103,12,train,3,True
23104,12,train,3,False
23108,12,train,3,False
23109,12,train,3,False
23110,12,train,3,False
23111,12,train,3,False
23112,12,train,3,False
23113,12,train,3,True
23114,12,train,3,True
23119,12,train,3,False
23131,0,test,,False
23132,0,test,,False
23133,10,train,1,False
23147,8,train,3,False
23150,21,train,0,False
23151,21,train,0,False
23152,21,train,0,False
23153,21,train,0,False
23154,21,train,0,False
23155,21,train,0,False
23156,631,train,4,False
23157,3,train,2,False
23158,632,train,0,False
23159,633,train,4,False
23202,13,train,2,False
23203,13,train,2,False
23204,13,train,2,False
23205,13,train,2,False
23206,13,train,2,False
23207,4,train,3,False
23213,634,train,3,False
23214,3,train,2,False
23216,635,test,,False
23218,22,train,3,False
23220,22,train,3,False
23221,2,train,1,False
23222,0,test,,False
23223,2,train,1,False
23224,19,train,2,False
23225,12,train,3,False
23226,12,train,3,False
23227,12,train,3,False
23228,0,test,,False
23229,21,train,0,False
23230,21,train,0,False
23231,21,train,0,False
23232,21,train,0,False
23233,21,train,0,False
23234,21,train,0,False
23235,21,train,0,False
23236,21,train,0,False
23237,21,train,0,False
23238,636,train,4,False
23240,21,train,0,False
23242,3,train,2,False
23243,22,train,3,False
23244,22,train,3,False
23245,22,train,3,False
23246,22,train,3,False
23247,22,train,3,False
23248,22,train,3,False
23249,22,train,3,False
23250,22,train,3,False
23252,22,train,3,False
23253,22,train,3,False
23254,22,train,3,False
23255,22,train,3,False
23256,22,train,3,False
23257,3,train,2,False
23258,3,train,2,False
23259,3,train,2,False
23260,5,train,4,False
23261,5,train,4,False
23262,12,train,3,False
23263,12,train,3,False
23264,12,train,3,False
23265,12,train,3,False
23266,6,train,4,False
23267,6,train,4,False
23268,6,train,4,False
23269,20,train,1,True
23272,12,train,3,False
23273,12,train,3,False
23274,12,train,3,False
23275,12,train,3,False
23276,12,train,3,False
23277,12,train,3,False
23281,10,train,1,True
23282,10,train,1,True
23283,10,train,1,True
23287,4,train,3,False
23288,4,train,3,False
23289,2,train,1,False
23290,4,train,3,False
23291,2,train,1,False
23292,2,train,1,False
23299,31,train,0,False
23304,98,test,,True
23305,98,test,,True
23330,3,train,2,False
23331,3,train,2,False
23332,3,train,2,False
23333,3,train,2,False
23334,3,train,2,False
23335,3,train,2,False
23336,3,train,2,False
23337,3,train,2,False
23338,3,train,2,False
23339,3,train,2,False
23341,3,train,2,False
23343,3,train,2,False
23344,3,train,2,False
23345,3,train,2,False
23346,3,train,2,False
23347,3,train,2,False
23348,3,train,2,False
23349,3,train,2,False
23350,3,train,2,False
23352,3,train,2,False
23353,8,train,3,False
23354,7,test,,False
23355,5,train,4,False
23356,10,train,1,False
23357,8,train,3,False
23358,13,train,2,False
23359,8,train,3,False
23362,637,train,4,False
23363,10,train,1,False
23364,6,train,4,False
23365,11,train,0,False
23366,11,train,0,True
23367,11,train,0,False
23368,11,train,0,False
23369,11,train,0,False
23370,9,train,2,False
23371,31,train,0,False
23372,638,train,3,False
23373,639,train,4,False
23384,28,train,1,False
23386,28,train,1,False
23387,28,train,1,False
23392,28,train,1,False
23393,28,train,1,False
23394,28,train,1,False
23395,28,train,1,False
23396,28,train,1,False
23397,9,train,2,False
23400,31,train,0,True
23402,7,test,,True
23403,7,test,,True
23404,7,test,,True
23405,4,train,3,False
23414,4,train,3,False
23415,3,train,2,False
23416,3,train,2,False
23417,3,train,2,False
23418,3,train,2,False
23421,9,train,2,False
23422,9,train,2,False
23423,9,train,2,False
23424,9,train,2,False
23425,9,train,2,False
23426,9,train,2,False
23427,9,train,2,False
23428,9,train,2,True
23429,9,train,2,True
23430,9,train,2,True
23431,0,test,,True
23432,3,train,2,True
23433,3,train,2,True
23434,3,train,2,True
23435,3,train,2,True
23465,37,train,3,False
23466,37,train,3,False
23467,37,train,3,False
23468,37,train,3,False
23469,37,train,3,False
23476,7,test,,False
23478,6,train,4,False
23479,37,train,3,False
23480,37,train,3,False
23481,37,train,3,False
23482,37,train,3,False
23495,640,train,1,False
23496,9,train,2,False
23506,11,train,0,False
23554,150,train,3,True
23555,79,train,3,True
23556,79,train,3,True
23557,79,train,3,True
23559,150,train,3,True
23560,79,train,3,True
23563,2,train,1,False
23564,8,train,3,False
23565,6,train,4,False
23566,2,train,1,False
23567,10,train,1,False
23568,0,test,,False
23569,6,train,4,False
23570,6,train,4,False
23571,2,train,1,False
23572,2,train,1,False
23573,1,train,0,False
23574,6,train,4,False
23575,5,train,4,False
23576,6,train,4,False
23577,3,train,2,False
23578,6,train,4,False
23579,7,test,,False
23580,6,train,4,False
23581,1,train,0,False
23582,1,train,0,False
23583,6,train,4,False
23586,641,train,2,False
23588,15,test,,False
23589,4,train,3,False
23591,9,train,2,False
23627,17,train,4,False
23628,9,train,2,False
23629,3,train,2,False
23630,0,test,,False
23631,9,train,2,False
23632,9,train,2,True
23633,3,train,2,False
23634,3,train,2,True
23635,0,test,,False
23636,0,test,,True
23637,0,test,,True
23638,5,train,4,True
23639,5,train,4,True
23640,5,train,4,True
23641,5,train,4,True
23642,5,train,4,True
23643,5,train,4,True
23644,5,train,4,True
23645,5,train,4,True
23646,5,train,4,True
23647,5,train,4,True
23648,5,train,4,True
23649,3,train,2,True
23650,3,train,2,True
23651,3,train,2,True
23652,3,train,2,True
23653,3,train,2,True
23654,3,train,2,True
23655,5,train,4,False
23656,5,train,4,False
23657,5,train,4,False
23658,5,train,4,False
23659,5,train,4,False
23660,5,train,4,False
23661,5,train,4,False
23662,5,train,4,False
23663,5,train,4,False
23664,5,train,4,False
23665,3,train,2,False
23666,3,train,2,False
23667,3,train,2,False
23668,3,train,2,False
23669,3,train,2,False
23670,12,train,3,False
23671,642,train,3,True
23673,8,train,3,False
23674,8,train,3,False
23675,8,train,3,False
23676,8,train,3,False
23677,8,train,3,False
23678,8,train,3,False
23679,8,train,3,False
23680,8,train,3,False
23681,8,train,3,False
23682,8,train,3,False
23683,8,train,3,False
23684,8,train,3,False
23685,8,train,3,False
23686,8,train,3,False
23687,8,train,3,False
23688,8,train,3,False
23689,8,train,3,False
23690,8,train,3,False
23691,8,train,3,False
23692,0,test,,False
23695,0,test,,False
23699,0,test,,False
23703,1,train,0,False
23705,0,test,,False
23706,16,train,1,False
23707,643,test,,False
23708,0,test,,False
23709,4,train,3,False
23710,15,test,,False
23714,644,train,3,False
23715,645,test,,False
23716,646,train,2,False
23717,647,train,1,False
23718,648,train,4,False
23719,649,train,0,False
23720,650,train,1,False
23721,651,test,,False
23723,0,test,,True
23724,0,test,,False
23725,0,test,,True
23726,0,test,,False
23727,9,train,2,False
23728,0,test,,True
23729,9,train,2,False
23730,9,train,2,False
23731,0,test,,False
23732,0,test,,False
23733,0,test,,False
23734,0,test,,True
23735,0,test,,False
23736,0,test,,False
23739,78,train,4,False
23740,652,train,1,True
23741,653,train,0,True
23769,15,test,,False
23787,6,train,4,False
23799,45,train,2,True
23800,45,train,2,True
23801,45,train,2,True
23802,45,train,2,True
23803,45,train,2,True
23804,45,train,2,True
23805,45,train,2,True
23806,45,train,2,True
23807,45,train,2,True
23808,45,train,2,True
23809,45,train,2,True
23810,45,train,2,True
23811,45,train,2,True
23812,45,train,2,True
23819,194,test,,True
23820,194,test,,True
23821,5,train,4,False
23822,5,train,4,False
23823,5,train,4,False
23824,5,train,4,False
23825,5,train,4,False
23826,5,train,4,False
23827,5,train,4,False
23828,5,train,4,False
23829,5,train,4,False
23830,5,train,4,False
23831,5,train,4,False
23832,5,train,4,False
23833,5,train,4,False
23834,5,train,4,False
23835,5,train,4,False
23842,8,train,3,False
23843,8,train,3,False
23844,654,train,0,True
23845,655,train,2,True
23847,106,train,0,True
23851,106,train,0,True
23852,106,train,0,True
23859,0,test,,False
23860,3,train,2,False
23861,3,train,2,False
23862,3,train,2,False
23863,1,train,0,False
23864,1,train,0,False
23865,1,train,0,False
23866,1,train,0,False
23867,1,train,0,False
23868,1,train,0,False
23869,1,train,0,False
23870,1,train,0,False
23871,1,train,0,False
23876,3,train,2,False
23878,1,train,0,False
23879,4,train,3,False
23880,4,train,3,False
23881,4,train,3,False
23882,4,train,3,True
23883,4,train,3,True
23884,4,train,3,True
23885,4,train,3,True
23886,4,train,3,True
23887,4,train,3,True
23888,4,train,3,True
23889,4,train,3,True
23902,11,train,0,False
23903,11,train,0,False
23904,11,train,0,False
23932,7,test,,False
23933,10,train,1,False
23976,3,train,2,False
23977,656,train,3,False
23978,3,train,2,False
23979,3,train,2,False
23980,3,train,2,False
23982,3,train,2,False
23984,3,train,2,False
23985,3,train,2,False
23986,3,train,2,False
23987,3,train,2,False
24014,195,train,3,False
24015,195,train,3,False
24016,8,train,3,False
24021,657,train,0,False
24022,658,train,1,False
24024,13,train,2,False
24025,10,train,1,False
24029,10,train,1,False
24031,8,train,3,False
24032,8,train,3,False
24034,10,train,1,False
24036,8,train,3,False
24037,10,train,1,False
24040,8,train,3,False
24044,659,test,,False
24046,10,train,1,False
24047,8,train,3,False
24048,8,train,3,False
24049,8,train,3,False
24054,1,train,0,False
24055,10,train,1,False
24067,10,train,1,False
24068,660,train,3,False
24069,0,test,,False
24070,10,train,1,False
24071,1,train,0,False
24072,1,train,0,False
24073,1,train,0,False
24074,1,train,0,False
24075,1,train,0,False
24076,1,train,0,True
24079,0,test,,True
24096,119,test,,True
24097,120,train,2,True
24098,119,test,,True
24099,120,train,2,True
24100,119,test,,True
24101,120,train,2,True
24127,45,train,2,True
24133,45,train,2,True
24149,2,train,1,False
24150,2,train,1,False
24160,661,train,1,True
24161,41,train,2,True
24162,41,train,2,True
24164,5,train,4,False
24165,5,train,4,True
24166,5,train,4,True
24167,5,train,4,True
24168,5,train,4,True
24169,0,test,,False
24170,6,train,4,False
24171,41,train,2,True
24176,41,train,2,True
24177,662,train,2,True
24178,41,train,2,True
24180,41,train,2,True
24181,41,train,2,True
24185,41,train,2,True
24186,41,train,2,True
24187,41,train,2,True
24188,41,train,2,True
24189,41,train,2,True
24190,41,train,2,True
24191,41,train,2,True
24192,41,train,2,True
24193,41,train,2,True
24194,41,train,2,True
24199,15,test,,False
24200,15,test,,False
24201,15,test,,False
24202,15,test,,False
24203,15,test,,False
24207,4,train,3,False
24208,10,train,1,False
24210,0,test,,False
24211,0,test,,False
24217,29,train,1,False
24238,5,train,4,False
24241,7,test,,False
24242,7,test,,False
24243,7,test,,True
24261,3,train,2,False
24268,6,train,4,False
24269,7,test,,False
24270,3,train,2,False
24272,6,train,4,False
24273,2,train,1,False
24274,2,train,1,False
24275,4,train,3,False
24277,6,train,4,False
24278,3,train,2,False
24279,3,train,2,False
24280,12,train,3,False
24281,6,train,4,False
24282,6,train,4,False
24284,6,train,4,False
24285,6,train,4,False
24286,3,train,2,False
24293,3,train,2,False
24297,6,train,4,False
24301,2,train,1,False
24304,6,train,4,False
24305,7,test,,False
24306,12,train,3,False
24307,6,train,4,False
24308,6,train,4,False
24309,6,train,4,False
24310,3,train,2,False
24312,3,train,2,False
24313,8,train,3,False
24315,3,train,2,False
24316,3,train,2,False
24317,7,test,,False
24318,10,train,1,False
24319,12,train,3,False
24320,12,train,3,False
24321,72,train,2,True
24322,72,train,2,True
24323,72,train,2,True
24324,72,train,2,True
24325,72,train,2,True
24327,9,train,2,False
24328,9,train,2,False
24329,9,train,2,False
24330,9,train,2,False
24334,6,train,4,False
24336,6,train,4,False
24337,10,train,1,False
24348,1,train,0,False
24349,1,train,0,False
24350,6,train,4,False
24353,663,train,0,False
24358,4,train,3,False
24359,2,train,1,False
24360,4,train,3,False
24361,4,train,3,False
24362,4,train,3,False
24363,4,train,3,False
24364,2,train,1,False
24365,4,train,3,False
24367,2,train,1,False
24370,3,train,2,False
24371,1,train,0,False
24372,3,train,2,False
24373,3,train,2,False
24374,3,train,2,False
24375,3,train,2,False
24376,8,train,3,False
24377,0,test,,True
24378,2,train,1,False
24379,10,train,1,False
24380,10,train,1,False
24381,3,train,2,False
24382,10,train,1,False
24383,10,train,1,False
24384,10,train,1,False
24385,3,train,2,True
24386,3,train,2,True
24387,3,train,2,True
24388,3,train,2,True
24389,3,train,2,True
24390,3,train,2,True
24391,3,train,2,True
24392,3,train,2,True
24393,3,train,2,True
24394,3,train,2,True
24395,664,test,,True
24398,137,test,,True
24399,137,test,,True
24400,3,train,2,False
24401,3,train,2,False
24402,3,train,2,False
24403,3,train,2,False
24404,16,train,1,False
24405,665,train,0,False
24406,8,train,3,False
24411,12,train,3,False
24412,6,train,4,False
24413,6,train,4,False
24414,6,train,4,False
24415,6,train,4,False
24416,6,train,4,False
24417,12,train,3,False
24418,12,train,3,False
24423,15,test,,False
24424,15,test,,False
24425,15,test,,False
24426,15,test,,False
24427,15,test,,False
24428,15,test,,False
24429,15,test,,False
24430,15,test,,False
24431,15,test,,False
24432,15,test,,False
24433,15,test,,False
24438,15,test,,False
24439,15,test,,False
24442,9,train,2,True
24443,9,train,2,False
24444,9,train,2,False
24445,9,train,2,False
24446,9,train,2,False
24449,666,test,,False
24451,1,train,0,False
24452,3,train,2,False
24453,6,train,4,False
24454,8,train,3,False
24455,10,train,1,False
24456,1,train,0,False
24457,3,train,2,False
24458,3,train,2,False
24459,3,train,2,False
24509,4,train,3,False
24510,4,train,3,False
24511,4,train,3,False
24512,4,train,3,False
24513,4,train,3,False
24514,4,train,3,False
24515,2,train,1,False
24516,4,train,3,False
24517,4,train,3,False
24518,4,train,3,False
24522,33,train,3,True
24525,33,train,3,True
24526,33,train,3,True
24527,33,train,3,True
24528,33,train,3,True
24534,16,train,1,False
24535,16,train,1,False
24536,16,train,1,False
24537,667,train,4,False
24568,4,train,3,False
24569,6,train,4,False
24614,14,train,4,False
24615,14,train,4,False
24616,14,train,4,False
24617,14,train,4,False
24618,1,train,0,False
24619,6,train,4,False
24620,6,train,4,False
24621,6,train,4,False
24622,3,train,2,False
24623,6,train,4,False
24624,1,train,0,False
24625,668,train,0,False
24626,669,test,,False
24627,670,train,4,False
24628,6,train,4,False
24629,1,train,0,False
24636,2,train,1,False
24639,2,train,1,False
24641,1,train,0,False
24642,2,train,1,False
24643,2,train,1,False
24644,2,train,1,False
24645,2,train,1,False
24646,2,train,1,False
24647,2,train,1,False
24648,2,train,1,False
24649,2,train,1,False
24650,2,train,1,False
24651,2,train,1,False
24652,2,train,1,False
24653,2,train,1,False
24654,2,train,1,False
24656,0,test,,False
24657,0,test,,False
24658,671,train,3,False
24659,1,train,0,False
24660,672,train,1,False
24661,10,train,1,False
24662,3,train,2,False
24676,1,train,0,False
24687,5,train,4,False
24688,5,train,4,False
24689,5,train,4,False
24690,3,train,2,False
24691,3,train,2,False
24692,3,train,2,False
24693,3,train,2,False
24694,3,train,2,False
24695,3,train,2,False
24696,3,train,2,False
24697,3,train,2,False
24698,3,train,2,False
24699,3,train,2,False
24700,3,train,2,False
24701,3,train,2,False
