peptide_id,bucket,category,reason
81,b3_excluded_residue_no_smiles,residue_based,position 1 ('7-NH2-C7'): unknown residue code '7-NH2-C7': no match in p2smi database (checked Code='7-NH2-C7')
19,b1_excluded_non_monomer,out_of_scope,"non-monomer complexity (dimer/multi-peptide) -- not a single-chain SMILES peptide, out of scope for this dataset"
24,b1_excluded_non_monomer,out_of_scope,"non-monomer complexity (dimer/multi-peptide) -- not a single-chain SMILES peptide, out of scope for this dataset"
31,b1_excluded_non_monomer,out_of_scope,"non-monomer complexity (dimer/multi-peptide) -- not a single-chain SMILES peptide, out of scope for this dataset"
21,b1_excluded_non_monomer,out_of_scope,"non-monomer complexity (dimer/multi-peptide) -- not a single-chain SMILES peptide, out of scope for this dataset"
30,b1_excluded_non_monomer,out_of_scope,"non-monomer complexity (dimer/multi-peptide) -- not a single-chain SMILES peptide, out of scope for this dataset"
22,b1_excluded_non_monomer,out_of_scope,"non-monomer complexity (dimer/multi-peptide) -- not a single-chain SMILES peptide, out of scope for this dataset"
35,b1_excluded_non_monomer,out_of_scope,"non-monomer complexity (dimer/multi-peptide) -- not a single-chain SMILES peptide, out of scope for this dataset"
27,b1_excluded_non_monomer,out_of_scope,"non-monomer complexity (dimer/multi-peptide) -- not a single-chain SMILES peptide, out of scope for this dataset"
86,b3_excluded_residue_no_smiles,residue_based,position 1 ('7-NH2-C7'): unknown residue code '7-NH2-C7': no match in p2smi database (checked Code='7-NH2-C7')
34,b1_excluded_non_monomer,out_of_scope,"non-monomer complexity (dimer/multi-peptide) -- not a single-chain SMILES peptide, out of scope for this dataset"
33,b1_excluded_non_monomer,out_of_scope,"non-monomer complexity (dimer/multi-peptide) -- not a single-chain SMILES peptide, out of scope for this dataset"
96,b3_excluded_residue_no_smiles,residue_based,position 1 ('7-NH2-C7'): unknown residue code '7-NH2-C7': no match in p2smi database (checked Code='7-NH2-C7')
91,b3_excluded_residue_no_smiles,residue_based,position 1 ('7-NH2-C7'): unknown residue code '7-NH2-C7': no match in p2smi database (checked Code='7-NH2-C7')
28,b1_excluded_non_monomer,out_of_scope,"non-monomer complexity (dimer/multi-peptide) -- not a single-chain SMILES peptide, out of scope for this dataset"
17,b1_excluded_non_monomer,out_of_scope,"non-monomer complexity (dimer/multi-peptide) -- not a single-chain SMILES peptide, out of scope for this dataset"
7,b1_excluded_non_monomer,out_of_scope,"non-monomer complexity (dimer/multi-peptide) -- not a single-chain SMILES peptide, out of scope for this dataset"
26,b1_excluded_non_monomer,out_of_scope,"non-monomer complexity (dimer/multi-peptide) -- not a single-chain SMILES peptide, out of scope for this dataset"
25,b1_excluded_non_monomer,out_of_scope,"non-monomer complexity (dimer/multi-peptide) -- not a single-chain SMILES peptide, out of scope for this dataset"
32,b1_excluded_non_monomer,out_of_scope,"non-monomer complexity (dimer/multi-peptide) -- not a single-chain SMILES peptide, out of scope for this dataset"
29,b1_excluded_non_monomer,out_of_scope,"non-monomer complexity (dimer/multi-peptide) -- not a single-chain SMILES peptide, out of scope for this dataset"
9,b1_excluded_non_monomer,out_of_scope,"non-monomer complexity (dimer/multi-peptide) -- not a single-chain SMILES peptide, out of scope for this dataset"
6,b1_excluded_non_monomer,out_of_scope,"non-monomer complexity (dimer/multi-peptide) -- not a single-chain SMILES peptide, out of scope for this dataset"
3,b1_excluded_non_monomer,out_of_scope,"non-monomer complexity (dimer/multi-peptide) -- not a single-chain SMILES peptide, out of scope for this dataset"
23,b1_excluded_non_monomer,out_of_scope,"non-monomer complexity (dimer/multi-peptide) -- not a single-chain SMILES peptide, out of scope for this dataset"
18,b1_excluded_non_monomer,out_of_scope,"non-monomer complexity (dimer/multi-peptide) -- not a single-chain SMILES peptide, out of scope for this dataset"
4,b1_excluded_non_monomer,out_of_scope,"non-monomer complexity (dimer/multi-peptide) -- not a single-chain SMILES peptide, out of scope for this dataset"
457,b3_excluded_residue_no_smiles,residue_based,position 1 ('LYS-ACT'): unknown residue code 'LYS-ACT': no match in p2smi database (checked Code='LYS-ACT')
576,b3_excluded_residue_no_smiles,residue_based,position 1 ('P-Ser'): unknown residue code 'P-Ser': no match in p2smi database (checked Code='P-SER'); position 5 ('LYS-ACT'): unknown residue code 'LYS-ACT': no match in p2smi database (checked Code='LYS-ACT')
647,b3_excluded_residue_no_smiles,residue_based,position 13 ('P-Ser'): unknown residue code 'P-Ser': no match in p2smi database (checked Code='P-SER'); position 15 ('P-Ser'): unknown residue code 'P-Ser': no match in p2smi database (checked Code='P-SER')
1,b1_excluded_non_monomer,out_of_scope,"non-monomer complexity (dimer/multi-peptide) -- not a single-chain SMILES peptide, out of scope for this dataset"
804,b2_excluded_unsupported_terminus,terminus_based,unsupported N-terminal modification 'SUC' (only free amine or ACT acetylation supported)
799,b2_excluded_unsupported_terminus,terminus_based,unsupported N-terminal modification 'SUC' (only free amine or ACT acetylation supported)
802,b2_excluded_unsupported_terminus,terminus_based,unsupported N-terminal modification 'SUC' (only free amine or ACT acetylation supported)
805,b2_excluded_unsupported_terminus,terminus_based,unsupported N-terminal modification 'SUC' (only free amine or ACT acetylation supported)
906,b2_excluded_unsupported_terminus,terminus_based,unsupported N-terminal modification 'TOS' (only free amine or ACT acetylation supported)
907,b2_excluded_unsupported_terminus,terminus_based,unsupported N-terminal modification 'BZA' (only free amine or ACT acetylation supported)
908,b2_excluded_unsupported_terminus,terminus_based,unsupported N-terminal modification 'Bn' (only free amine or ACT acetylation supported)
1081,b3_excluded_residue_no_smiles,residue_based,position 24 ('DHB'): unknown residue code 'DHB': no match in p2smi database (checked Code='DHB')
1109,b3_excluded_residue_no_smiles,residue_based,position 2 ('DHB'): unknown residue code 'DHB': no match in p2smi database (checked Code='DHB'); position 5 ('DHA'): unknown residue code 'DHA': no match in p2smi database (checked Code='DHA')
1162,b3_excluded_residue_no_smiles,residue_based,position 7 ('SER(GalNAc)'): unknown residue code 'SER(GalNAc)': no match in p2smi database (checked Code='SER(GALNAC)'); position 11 ('Thr(GalNAc)'): unknown residue code 'Thr(GalNAc)': no match in p2smi database (checked Code='THR(GALNAC)')
1205,b3_excluded_residue_no_smiles,residue_based,position 11 ('Thr(GalNAc)'): unknown residue code 'Thr(GalNAc)': no match in p2smi database (checked Code='THR(GALNAC)')
1366,b2_excluded_unsupported_terminus,terminus_based,unsupported N-terminal modification 'C11' (only free amine or ACT acetylation supported)
1475,b3_excluded_residue_no_smiles,residue_based,position 2 ('DHB'): unknown residue code 'DHB': no match in p2smi database (checked Code='DHB'); position 4 ('DHA'): unknown residue code 'DHA': no match in p2smi database (checked Code='DHA'); position 8 ('DHB'): unknown residue code 'DHB': no match in p2smi database (checked Code='DHB')
1474,b4_excluded_nonstandard_bond,bond_based,4 intrachain bonds present -- multi-bond (e.g. multiply-bridged / bicyclic) peptides are out of scope for automated generation in this pass
1719,b3_excluded_residue_no_smiles,residue_based,position 2 ('P-Ser'): unknown residue code 'P-Ser': no match in p2smi database (checked Code='P-SER')
1950,b3_excluded_residue_no_smiles,residue_based,position 1 ('PYA'): unknown residue code 'PYA': no match in p2smi database (checked Code='PYA'); position 8 ('P-Ser'): unknown residue code 'P-Ser': no match in p2smi database (checked Code='P-SER')
2052,b2_excluded_unsupported_terminus,terminus_based,unsupported N-terminal modification 'DNS' (only free amine or ACT acetylation supported)
2054,b2_excluded_unsupported_terminus,terminus_based,unsupported N-terminal modification 'DNS' (only free amine or ACT acetylation supported)
2061,b2_excluded_unsupported_terminus,terminus_based,unsupported N-terminal modification 'DNS' (only free amine or ACT acetylation supported)
2058,b2_excluded_unsupported_terminus,terminus_based,unsupported N-terminal modification 'DNS' (only free amine or ACT acetylation supported)
2059,b2_excluded_unsupported_terminus,terminus_based,unsupported N-terminal modification 'DNS' (only free amine or ACT acetylation supported)
2062,b2_excluded_unsupported_terminus,terminus_based,unsupported N-terminal modification 'DNS' (only free amine or ACT acetylation supported)
2057,b2_excluded_unsupported_terminus,terminus_based,unsupported N-terminal modification 'DNS' (only free amine or ACT acetylation supported)
2438,b3_excluded_residue_no_smiles,residue_based,position 1 ('D-PYA'): unknown residue code 'D-PYA': no match in p2smi database (checked Code='PYA')
2437,b3_excluded_residue_no_smiles,residue_based,position 1 ('D-PYA'): unknown residue code 'D-PYA': no match in p2smi database (checked Code='PYA')
2492,b3_excluded_residue_no_smiles,residue_based,position 22 ('5-Me-GLU'): unknown residue code '5-Me-GLU': no match in p2smi database (checked Code='5-ME-GLU')
2491,b3_excluded_residue_no_smiles,residue_based,position 22 ('Et-GLU'): unknown residue code 'Et-GLU': no match in p2smi database (checked Code='ET-GLU')
2794,b2_excluded_unsupported_terminus,terminus_based,unsupported N-terminal modification 'FMOC' (only free amine or ACT acetylation supported)
2790,b2_excluded_unsupported_terminus,terminus_based,unsupported N-terminal modification 'FMOC' (only free amine or ACT acetylation supported)
2750,b1_excluded_non_monomer,out_of_scope,"non-monomer complexity (dimer/multi-peptide) -- not a single-chain SMILES peptide, out of scope for this dataset"
2749,b1_excluded_non_monomer,out_of_scope,"non-monomer complexity (dimer/multi-peptide) -- not a single-chain SMILES peptide, out of scope for this dataset"
2764,b1_excluded_non_monomer,out_of_scope,"non-monomer complexity (dimer/multi-peptide) -- not a single-chain SMILES peptide, out of scope for this dataset"
2748,b1_excluded_non_monomer,out_of_scope,"non-monomer complexity (dimer/multi-peptide) -- not a single-chain SMILES peptide, out of scope for this dataset"
2759,b1_excluded_non_monomer,out_of_scope,"non-monomer complexity (dimer/multi-peptide) -- not a single-chain SMILES peptide, out of scope for this dataset"
2763,b1_excluded_non_monomer,out_of_scope,"non-monomer complexity (dimer/multi-peptide) -- not a single-chain SMILES peptide, out of scope for this dataset"
2761,b1_excluded_non_monomer,out_of_scope,"non-monomer complexity (dimer/multi-peptide) -- not a single-chain SMILES peptide, out of scope for this dataset"
2753,b1_excluded_non_monomer,out_of_scope,"non-monomer complexity (dimer/multi-peptide) -- not a single-chain SMILES peptide, out of scope for this dataset"
2762,b1_excluded_non_monomer,out_of_scope,"non-monomer complexity (dimer/multi-peptide) -- not a single-chain SMILES peptide, out of scope for this dataset"
2754,b1_excluded_non_monomer,out_of_scope,"non-monomer complexity (dimer/multi-peptide) -- not a single-chain SMILES peptide, out of scope for this dataset"
2831,b3_excluded_residue_no_smiles,residue_based,position 7 ('NLys'): unknown residue code 'NLys': no match in p2smi database (checked Code='NLYS'); position 11 ('NLys'): unknown residue code 'NLys': no match in p2smi database (checked Code='NLYS')
2830,b3_excluded_residue_no_smiles,residue_based,position 11 ('NLys'): unknown residue code 'NLys': no match in p2smi database (checked Code='NLYS'); position 13 ('NLys'): unknown residue code 'NLys': no match in p2smi database (checked Code='NLYS')
2747,b1_excluded_non_monomer,out_of_scope,"non-monomer complexity (dimer/multi-peptide) -- not a single-chain SMILES peptide, out of scope for this dataset"
2760,b1_excluded_non_monomer,out_of_scope,"non-monomer complexity (dimer/multi-peptide) -- not a single-chain SMILES peptide, out of scope for this dataset"
2755,b1_excluded_non_monomer,out_of_scope,"non-monomer complexity (dimer/multi-peptide) -- not a single-chain SMILES peptide, out of scope for this dataset"
2756,b1_excluded_non_monomer,out_of_scope,"non-monomer complexity (dimer/multi-peptide) -- not a single-chain SMILES peptide, out of scope for this dataset"
2752,b1_excluded_non_monomer,out_of_scope,"non-monomer complexity (dimer/multi-peptide) -- not a single-chain SMILES peptide, out of scope for this dataset"
2751,b1_excluded_non_monomer,out_of_scope,"non-monomer complexity (dimer/multi-peptide) -- not a single-chain SMILES peptide, out of scope for this dataset"
2757,b1_excluded_non_monomer,out_of_scope,"non-monomer complexity (dimer/multi-peptide) -- not a single-chain SMILES peptide, out of scope for this dataset"
2898,b2_excluded_unsupported_terminus,terminus_based,unsupported C-terminal modification 'OMe' (only free acid or AMD amidation supported)
2766,b1_excluded_non_monomer,out_of_scope,"non-monomer complexity (dimer/multi-peptide) -- not a single-chain SMILES peptide, out of scope for this dataset"
2767,b1_excluded_non_monomer,out_of_scope,"non-monomer complexity (dimer/multi-peptide) -- not a single-chain SMILES peptide, out of scope for this dataset"
2896,b2_excluded_unsupported_terminus,terminus_based,unsupported C-terminal modification 'OMe' (only free acid or AMD amidation supported)
2897,b2_excluded_unsupported_terminus,terminus_based,unsupported C-terminal modification 'OMe' (only free acid or AMD amidation supported)
2765,b1_excluded_non_monomer,out_of_scope,"non-monomer complexity (dimer/multi-peptide) -- not a single-chain SMILES peptide, out of scope for this dataset"
2963,b3_excluded_residue_no_smiles,residue_based,position 17 ('Me-ARG'): unknown residue code 'Me-ARG': no match in p2smi database (checked Code='ME-ARG')
2949,b2_excluded_unsupported_terminus,terminus_based,unsupported N-terminal modification 'PEG 3000' (only free amine or ACT acetylation supported)
2957,b2_excluded_unsupported_terminus,terminus_based,unsupported N-terminal modification '4Me-GUAN' (only free amine or ACT acetylation supported)
2958,b2_excluded_unsupported_terminus,terminus_based,unsupported N-terminal modification '4Me-GUAN' (only free amine or ACT acetylation supported)
2964,b3_excluded_residue_no_smiles,residue_based,position 17 ('Arg(NO2)'): unknown residue code 'Arg(NO2)': no match in p2smi database (checked Code='ARG(NO2)')
3179,b2_excluded_unsupported_terminus,terminus_based,unsupported N-terminal modification 'FMOC' (only free amine or ACT acetylation supported)
3185,b2_excluded_unsupported_terminus,terminus_based,unsupported N-terminal modification 'FMOC' (only free amine or ACT acetylation supported)
3183,b2_excluded_unsupported_terminus,terminus_based,unsupported N-terminal modification 'FMOC' (only free amine or ACT acetylation supported)
3181,b2_excluded_unsupported_terminus,terminus_based,unsupported N-terminal modification 'FMOC' (only free amine or ACT acetylation supported)
3227,b2_excluded_unsupported_terminus,terminus_based,unsupported C-terminal modification 'dc Delta DOPA' (only free acid or AMD amidation supported)
3239,b3_excluded_residue_no_smiles,residue_based,position 3 ('LYS-ACT'): unknown residue code 'LYS-ACT': no match in p2smi database (checked Code='LYS-ACT')
3245,b2_excluded_unsupported_terminus,terminus_based,unsupported N-terminal modification 'Ch' (only free amine or ACT acetylation supported)
3344,b2_excluded_unsupported_terminus,terminus_based,unsupported C-terminal modification 'NME' (only free acid or AMD amidation supported)
3421,b2_excluded_unsupported_terminus,terminus_based,unsupported C-terminal modification 'OMe' (only free acid or AMD amidation supported)
3459,b2_excluded_unsupported_terminus,terminus_based,unsupported N-terminal modification 'Fluo' (only free amine or ACT acetylation supported)
3510,b1_excluded_non_monomer,out_of_scope,"non-monomer complexity (dimer/multi-peptide) -- not a single-chain SMILES peptide, out of scope for this dataset"
3507,b1_excluded_non_monomer,out_of_scope,"non-monomer complexity (dimer/multi-peptide) -- not a single-chain SMILES peptide, out of scope for this dataset"
3504,b1_excluded_non_monomer,out_of_scope,"non-monomer complexity (dimer/multi-peptide) -- not a single-chain SMILES peptide, out of scope for this dataset"
3506,b1_excluded_non_monomer,out_of_scope,"non-monomer complexity (dimer/multi-peptide) -- not a single-chain SMILES peptide, out of scope for this dataset"
3513,b1_excluded_non_monomer,out_of_scope,"non-monomer complexity (dimer/multi-peptide) -- not a single-chain SMILES peptide, out of scope for this dataset"
3519,b1_excluded_non_monomer,out_of_scope,"non-monomer complexity (dimer/multi-peptide) -- not a single-chain SMILES peptide, out of scope for this dataset"
3503,b1_excluded_non_monomer,out_of_scope,"non-monomer complexity (dimer/multi-peptide) -- not a single-chain SMILES peptide, out of scope for this dataset"
3509,b1_excluded_non_monomer,out_of_scope,"non-monomer complexity (dimer/multi-peptide) -- not a single-chain SMILES peptide, out of scope for this dataset"
3496,b1_excluded_non_monomer,out_of_scope,"non-monomer complexity (dimer/multi-peptide) -- not a single-chain SMILES peptide, out of scope for this dataset"
3526,b1_excluded_non_monomer,out_of_scope,"non-monomer complexity (dimer/multi-peptide) -- not a single-chain SMILES peptide, out of scope for this dataset"
3515,b1_excluded_non_monomer,out_of_scope,"non-monomer complexity (dimer/multi-peptide) -- not a single-chain SMILES peptide, out of scope for this dataset"
3516,b1_excluded_non_monomer,out_of_scope,"non-monomer complexity (dimer/multi-peptide) -- not a single-chain SMILES peptide, out of scope for this dataset"
3518,b1_excluded_non_monomer,out_of_scope,"non-monomer complexity (dimer/multi-peptide) -- not a single-chain SMILES peptide, out of scope for this dataset"
3501,b1_excluded_non_monomer,out_of_scope,"non-monomer complexity (dimer/multi-peptide) -- not a single-chain SMILES peptide, out of scope for this dataset"
3500,b1_excluded_non_monomer,out_of_scope,"non-monomer complexity (dimer/multi-peptide) -- not a single-chain SMILES peptide, out of scope for this dataset"
3525,b1_excluded_non_monomer,out_of_scope,"non-monomer complexity (dimer/multi-peptide) -- not a single-chain SMILES peptide, out of scope for this dataset"
3530,b1_excluded_non_monomer,out_of_scope,"non-monomer complexity (dimer/multi-peptide) -- not a single-chain SMILES peptide, out of scope for this dataset"
3493,b1_excluded_non_monomer,out_of_scope,"non-monomer complexity (dimer/multi-peptide) -- not a single-chain SMILES peptide, out of scope for this dataset"
3512,b1_excluded_non_monomer,out_of_scope,"non-monomer complexity (dimer/multi-peptide) -- not a single-chain SMILES peptide, out of scope for this dataset"
3548,b1_excluded_non_monomer,out_of_scope,"non-monomer complexity (dimer/multi-peptide) -- not a single-chain SMILES peptide, out of scope for this dataset"
3528,b1_excluded_non_monomer,out_of_scope,"non-monomer complexity (dimer/multi-peptide) -- not a single-chain SMILES peptide, out of scope for this dataset"
3499,b1_excluded_non_monomer,out_of_scope,"non-monomer complexity (dimer/multi-peptide) -- not a single-chain SMILES peptide, out of scope for this dataset"
3531,b1_excluded_non_monomer,out_of_scope,"non-monomer complexity (dimer/multi-peptide) -- not a single-chain SMILES peptide, out of scope for this dataset"
3534,b1_excluded_non_monomer,out_of_scope,"non-monomer complexity (dimer/multi-peptide) -- not a single-chain SMILES peptide, out of scope for this dataset"
3529,b1_excluded_non_monomer,out_of_scope,"non-monomer complexity (dimer/multi-peptide) -- not a single-chain SMILES peptide, out of scope for this dataset"
3545,b1_excluded_non_monomer,out_of_scope,"non-monomer complexity (dimer/multi-peptide) -- not a single-chain SMILES peptide, out of scope for this dataset"
3547,b1_excluded_non_monomer,out_of_scope,"non-monomer complexity (dimer/multi-peptide) -- not a single-chain SMILES peptide, out of scope for this dataset"
3527,b1_excluded_non_monomer,out_of_scope,"non-monomer complexity (dimer/multi-peptide) -- not a single-chain SMILES peptide, out of scope for this dataset"
3544,b1_excluded_non_monomer,out_of_scope,"non-monomer complexity (dimer/multi-peptide) -- not a single-chain SMILES peptide, out of scope for this dataset"
3532,b1_excluded_non_monomer,out_of_scope,"non-monomer complexity (dimer/multi-peptide) -- not a single-chain SMILES peptide, out of scope for this dataset"
3551,b1_excluded_non_monomer,out_of_scope,"non-monomer complexity (dimer/multi-peptide) -- not a single-chain SMILES peptide, out of scope for this dataset"
3533,b1_excluded_non_monomer,out_of_scope,"non-monomer complexity (dimer/multi-peptide) -- not a single-chain SMILES peptide, out of scope for this dataset"
3546,b1_excluded_non_monomer,out_of_scope,"non-monomer complexity (dimer/multi-peptide) -- not a single-chain SMILES peptide, out of scope for this dataset"
3550,b1_excluded_non_monomer,out_of_scope,"non-monomer complexity (dimer/multi-peptide) -- not a single-chain SMILES peptide, out of scope for this dataset"
3549,b1_excluded_non_monomer,out_of_scope,"non-monomer complexity (dimer/multi-peptide) -- not a single-chain SMILES peptide, out of scope for this dataset"
3552,b1_excluded_non_monomer,out_of_scope,"non-monomer complexity (dimer/multi-peptide) -- not a single-chain SMILES peptide, out of scope for this dataset"
3573,b1_excluded_non_monomer,out_of_scope,"non-monomer complexity (dimer/multi-peptide) -- not a single-chain SMILES peptide, out of scope for this dataset"
3579,b1_excluded_non_monomer,out_of_scope,"non-monomer complexity (dimer/multi-peptide) -- not a single-chain SMILES peptide, out of scope for this dataset"
3572,b1_excluded_non_monomer,out_of_scope,"non-monomer complexity (dimer/multi-peptide) -- not a single-chain SMILES peptide, out of scope for this dataset"
3574,b1_excluded_non_monomer,out_of_scope,"non-monomer complexity (dimer/multi-peptide) -- not a single-chain SMILES peptide, out of scope for this dataset"
3591,b1_excluded_non_monomer,out_of_scope,"non-monomer complexity (dimer/multi-peptide) -- not a single-chain SMILES peptide, out of scope for this dataset"
3576,b1_excluded_non_monomer,out_of_scope,"non-monomer complexity (dimer/multi-peptide) -- not a single-chain SMILES peptide, out of scope for this dataset"
3575,b1_excluded_non_monomer,out_of_scope,"non-monomer complexity (dimer/multi-peptide) -- not a single-chain SMILES peptide, out of scope for this dataset"
3590,b1_excluded_non_monomer,out_of_scope,"non-monomer complexity (dimer/multi-peptide) -- not a single-chain SMILES peptide, out of scope for this dataset"
3593,b1_excluded_non_monomer,out_of_scope,"non-monomer complexity (dimer/multi-peptide) -- not a single-chain SMILES peptide, out of scope for this dataset"
3580,b1_excluded_non_monomer,out_of_scope,"non-monomer complexity (dimer/multi-peptide) -- not a single-chain SMILES peptide, out of scope for this dataset"
3578,b1_excluded_non_monomer,out_of_scope,"non-monomer complexity (dimer/multi-peptide) -- not a single-chain SMILES peptide, out of scope for this dataset"
3594,b1_excluded_non_monomer,out_of_scope,"non-monomer complexity (dimer/multi-peptide) -- not a single-chain SMILES peptide, out of scope for this dataset"
3602,b1_excluded_non_monomer,out_of_scope,"non-monomer complexity (dimer/multi-peptide) -- not a single-chain SMILES peptide, out of scope for this dataset"
3597,b1_excluded_non_monomer,out_of_scope,"non-monomer complexity (dimer/multi-peptide) -- not a single-chain SMILES peptide, out of scope for this dataset"
3577,b1_excluded_non_monomer,out_of_scope,"non-monomer complexity (dimer/multi-peptide) -- not a single-chain SMILES peptide, out of scope for this dataset"
3611,b1_excluded_non_monomer,out_of_scope,"non-monomer complexity (dimer/multi-peptide) -- not a single-chain SMILES peptide, out of scope for this dataset"
3601,b1_excluded_non_monomer,out_of_scope,"non-monomer complexity (dimer/multi-peptide) -- not a single-chain SMILES peptide, out of scope for this dataset"
3607,b1_excluded_non_monomer,out_of_scope,"non-monomer complexity (dimer/multi-peptide) -- not a single-chain SMILES peptide, out of scope for this dataset"
3608,b1_excluded_non_monomer,out_of_scope,"non-monomer complexity (dimer/multi-peptide) -- not a single-chain SMILES peptide, out of scope for this dataset"
3614,b1_excluded_non_monomer,out_of_scope,"non-monomer complexity (dimer/multi-peptide) -- not a single-chain SMILES peptide, out of scope for this dataset"
3596,b1_excluded_non_monomer,out_of_scope,"non-monomer complexity (dimer/multi-peptide) -- not a single-chain SMILES peptide, out of scope for this dataset"
3613,b1_excluded_non_monomer,out_of_scope,"non-monomer complexity (dimer/multi-peptide) -- not a single-chain SMILES peptide, out of scope for this dataset"
3604,b1_excluded_non_monomer,out_of_scope,"non-monomer complexity (dimer/multi-peptide) -- not a single-chain SMILES peptide, out of scope for this dataset"
3625,b1_excluded_non_monomer,out_of_scope,"non-monomer complexity (dimer/multi-peptide) -- not a single-chain SMILES peptide, out of scope for this dataset"
3605,b1_excluded_non_monomer,out_of_scope,"non-monomer complexity (dimer/multi-peptide) -- not a single-chain SMILES peptide, out of scope for this dataset"
3622,b1_excluded_non_monomer,out_of_scope,"non-monomer complexity (dimer/multi-peptide) -- not a single-chain SMILES peptide, out of scope for this dataset"
3624,b1_excluded_non_monomer,out_of_scope,"non-monomer complexity (dimer/multi-peptide) -- not a single-chain SMILES peptide, out of scope for this dataset"
3628,b1_excluded_non_monomer,out_of_scope,"non-monomer complexity (dimer/multi-peptide) -- not a single-chain SMILES peptide, out of scope for this dataset"
3621,b1_excluded_non_monomer,out_of_scope,"non-monomer complexity (dimer/multi-peptide) -- not a single-chain SMILES peptide, out of scope for this dataset"
3630,b1_excluded_non_monomer,out_of_scope,"non-monomer complexity (dimer/multi-peptide) -- not a single-chain SMILES peptide, out of scope for this dataset"
3637,b1_excluded_non_monomer,out_of_scope,"non-monomer complexity (dimer/multi-peptide) -- not a single-chain SMILES peptide, out of scope for this dataset"
3640,b1_excluded_non_monomer,out_of_scope,"non-monomer complexity (dimer/multi-peptide) -- not a single-chain SMILES peptide, out of scope for this dataset"
3634,b1_excluded_non_monomer,out_of_scope,"non-monomer complexity (dimer/multi-peptide) -- not a single-chain SMILES peptide, out of scope for this dataset"
3610,b1_excluded_non_monomer,out_of_scope,"non-monomer complexity (dimer/multi-peptide) -- not a single-chain SMILES peptide, out of scope for this dataset"
3631,b1_excluded_non_monomer,out_of_scope,"non-monomer complexity (dimer/multi-peptide) -- not a single-chain SMILES peptide, out of scope for this dataset"
3643,b1_excluded_non_monomer,out_of_scope,"non-monomer complexity (dimer/multi-peptide) -- not a single-chain SMILES peptide, out of scope for this dataset"
3627,b1_excluded_non_monomer,out_of_scope,"non-monomer complexity (dimer/multi-peptide) -- not a single-chain SMILES peptide, out of scope for this dataset"
3636,b1_excluded_non_monomer,out_of_scope,"non-monomer complexity (dimer/multi-peptide) -- not a single-chain SMILES peptide, out of scope for this dataset"
3639,b1_excluded_non_monomer,out_of_scope,"non-monomer complexity (dimer/multi-peptide) -- not a single-chain SMILES peptide, out of scope for this dataset"
3633,b1_excluded_non_monomer,out_of_scope,"non-monomer complexity (dimer/multi-peptide) -- not a single-chain SMILES peptide, out of scope for this dataset"
3642,b1_excluded_non_monomer,out_of_scope,"non-monomer complexity (dimer/multi-peptide) -- not a single-chain SMILES peptide, out of scope for this dataset"
3667,b1_excluded_non_monomer,out_of_scope,"non-monomer complexity (dimer/multi-peptide) -- not a single-chain SMILES peptide, out of scope for this dataset"
3665,b1_excluded_non_monomer,out_of_scope,"non-monomer complexity (dimer/multi-peptide) -- not a single-chain SMILES peptide, out of scope for this dataset"
3666,b1_excluded_non_monomer,out_of_scope,"non-monomer complexity (dimer/multi-peptide) -- not a single-chain SMILES peptide, out of scope for this dataset"
3830,b2_excluded_unsupported_terminus,terminus_based,unsupported C-terminal modification 'EN' (only free acid or AMD amidation supported)
3831,b2_excluded_unsupported_terminus,terminus_based,unsupported C-terminal modification 'EN' (only free acid or AMD amidation supported)
3832,b2_excluded_unsupported_terminus,terminus_based,unsupported C-terminal modification 'EN' (only free acid or AMD amidation supported)
3810,b1_excluded_non_monomer,out_of_scope,"non-monomer complexity (dimer/multi-peptide) -- not a single-chain SMILES peptide, out of scope for this dataset"
3829,b2_excluded_unsupported_terminus,terminus_based,unsupported C-terminal modification 'EN' (only free acid or AMD amidation supported)
3815,b1_excluded_non_monomer,out_of_scope,"non-monomer complexity (dimer/multi-peptide) -- not a single-chain SMILES peptide, out of scope for this dataset"
3811,b1_excluded_non_monomer,out_of_scope,"non-monomer complexity (dimer/multi-peptide) -- not a single-chain SMILES peptide, out of scope for this dataset"
3866,b2_excluded_unsupported_terminus,terminus_based,unsupported N-terminal modification 'C8' (only free amine or ACT acetylation supported)
3814,b1_excluded_non_monomer,out_of_scope,"non-monomer complexity (dimer/multi-peptide) -- not a single-chain SMILES peptide, out of scope for this dataset"
3812,b1_excluded_non_monomer,out_of_scope,"non-monomer complexity (dimer/multi-peptide) -- not a single-chain SMILES peptide, out of scope for this dataset"
3842,b1_excluded_non_monomer,out_of_scope,"non-monomer complexity (dimer/multi-peptide) -- not a single-chain SMILES peptide, out of scope for this dataset"
3865,b2_excluded_unsupported_terminus,terminus_based,unsupported N-terminal modification 'C8' (only free amine or ACT acetylation supported)
3813,b1_excluded_non_monomer,out_of_scope,"non-monomer complexity (dimer/multi-peptide) -- not a single-chain SMILES peptide, out of scope for this dataset"
3840,b1_excluded_non_monomer,out_of_scope,"non-monomer complexity (dimer/multi-peptide) -- not a single-chain SMILES peptide, out of scope for this dataset"
3845,b1_excluded_non_monomer,out_of_scope,"non-monomer complexity (dimer/multi-peptide) -- not a single-chain SMILES peptide, out of scope for this dataset"
3864,b2_excluded_unsupported_terminus,terminus_based,unsupported N-terminal modification 'C8' (only free amine or ACT acetylation supported)
3844,b1_excluded_non_monomer,out_of_scope,"non-monomer complexity (dimer/multi-peptide) -- not a single-chain SMILES peptide, out of scope for this dataset"
3843,b1_excluded_non_monomer,out_of_scope,"non-monomer complexity (dimer/multi-peptide) -- not a single-chain SMILES peptide, out of scope for this dataset"
3882,b2_excluded_unsupported_terminus,terminus_based,unsupported N-terminal modification 'PEG 2000' (only free amine or ACT acetylation supported)
3847,b1_excluded_non_monomer,out_of_scope,"non-monomer complexity (dimer/multi-peptide) -- not a single-chain SMILES peptide, out of scope for this dataset"
4090,b3_excluded_residue_no_smiles,residue_based,position 1 ('PYA'): unknown residue code 'PYA': no match in p2smi database (checked Code='PYA'); position 4 ('Y-SO3H'): unknown residue code 'Y-SO3H': no match in p2smi database (checked Code='Y-SO3H')
4087,b3_excluded_residue_no_smiles,residue_based,position 1 ('PYA'): unknown residue code 'PYA': no match in p2smi database (checked Code='PYA'); position 4 ('Y-SO3H'): unknown residue code 'Y-SO3H': no match in p2smi database (checked Code='Y-SO3H')
4089,b3_excluded_residue_no_smiles,residue_based,position 1 ('PYA'): unknown residue code 'PYA': no match in p2smi database (checked Code='PYA'); position 4 ('Y-SO3H'): unknown residue code 'Y-SO3H': no match in p2smi database (checked Code='Y-SO3H')
4088,b3_excluded_residue_no_smiles,residue_based,position 1 ('PYA'): unknown residue code 'PYA': no match in p2smi database (checked Code='PYA'); position 4 ('Y-SO3H'): unknown residue code 'Y-SO3H': no match in p2smi database (checked Code='Y-SO3H')
4344,b3_excluded_residue_no_smiles,residue_based,position 59 ('Asn(GlcNAc) '): unknown residue code 'Asn(GlcNAc) ': no match in p2smi database (checked Code='ASN(GLCNAC)')
4346,b3_excluded_residue_no_smiles,residue_based,position 62 ('Asn(GlcNAc) '): unknown residue code 'Asn(GlcNAc) ': no match in p2smi database (checked Code='ASN(GLCNAC)')
4419,b3_excluded_residue_no_smiles,residue_based,position 18 ('AGL'): unknown residue code 'AGL': no match in p2smi database (checked Code='AGL'); position 24 ('AGL'): unknown residue code 'AGL': no match in p2smi database (checked Code='AGL')
4856,b3_excluded_residue_no_smiles,residue_based,position 1 ('LYS-(CH3)3'): unknown residue code 'LYS-(CH3)3': no match in p2smi database (checked Code='LYS-(CH3)3')
4865,b3_excluded_residue_no_smiles,residue_based,position 1 ('LYS-(CH3)3'): unknown residue code 'LYS-(CH3)3': no match in p2smi database (checked Code='LYS-(CH3)3'); position 13 ('LYS-(CH3)3'): unknown residue code 'LYS-(CH3)3': no match in p2smi database (checked Code='LYS-(CH3)3')
4860,b3_excluded_residue_no_smiles,residue_based,position 13 ('LYS-(CH3)3'): unknown residue code 'LYS-(CH3)3': no match in p2smi database (checked Code='LYS-(CH3)3')
4861,b3_excluded_residue_no_smiles,residue_based,position 1 ('LYS-(CH3)3'): unknown residue code 'LYS-(CH3)3': no match in p2smi database (checked Code='LYS-(CH3)3'); position 3 ('LYS-(CH3)3'): unknown residue code 'LYS-(CH3)3': no match in p2smi database (checked Code='LYS-(CH3)3')
4858,b3_excluded_residue_no_smiles,residue_based,position 6 ('LYS-(CH3)3'): unknown residue code 'LYS-(CH3)3': no match in p2smi database (checked Code='LYS-(CH3)3')
4857,b3_excluded_residue_no_smiles,residue_based,position 3 ('LYS-(CH3)3'): unknown residue code 'LYS-(CH3)3': no match in p2smi database (checked Code='LYS-(CH3)3')
4859,b3_excluded_residue_no_smiles,residue_based,position 7 ('LYS-(CH3)3'): unknown residue code 'LYS-(CH3)3': no match in p2smi database (checked Code='LYS-(CH3)3')
4866,b3_excluded_residue_no_smiles,residue_based,position 1 ('LYS-(CH3)3'): unknown residue code 'LYS-(CH3)3': no match in p2smi database (checked Code='LYS-(CH3)3'); position 3 ('LYS-(CH3)3'): unknown residue code 'LYS-(CH3)3': no match in p2smi database (checked Code='LYS-(CH3)3'); position 6 ('LYS-(CH3)3'): unknown residue code 'LYS-(CH3)3': no match in p2smi database (checked Code='LYS-(CH3)3'); position 7 ('LYS-(CH3)3'): unknown residue code 'LYS-(CH3)3': no match in p2smi database (checked Code='LYS-(CH3)3'); position 13 ('LYS-(CH3)3'): unknown residue code 'LYS-(CH3)3': no match in p2smi database (checked Code='LYS-(CH3)3')
4877,b2_excluded_unsupported_terminus,terminus_based,unsupported N-terminal modification 'C8' (only free amine or ACT acetylation supported)
4862,b3_excluded_residue_no_smiles,residue_based,position 3 ('LYS-(CH3)3'): unknown residue code 'LYS-(CH3)3': no match in p2smi database (checked Code='LYS-(CH3)3'); position 6 ('LYS-(CH3)3'): unknown residue code 'LYS-(CH3)3': no match in p2smi database (checked Code='LYS-(CH3)3')
4879,b2_excluded_unsupported_terminus,terminus_based,unsupported N-terminal modification 'C8' (only free amine or ACT acetylation supported)
4863,b3_excluded_residue_no_smiles,residue_based,position 6 ('LYS-(CH3)3'): unknown residue code 'LYS-(CH3)3': no match in p2smi database (checked Code='LYS-(CH3)3'); position 7 ('LYS-(CH3)3'): unknown residue code 'LYS-(CH3)3': no match in p2smi database (checked Code='LYS-(CH3)3')
4878,b2_excluded_unsupported_terminus,terminus_based,unsupported N-terminal modification 'C8' (only free amine or ACT acetylation supported)
4890,b3_excluded_residue_no_smiles,residue_based,position 3 ('3-Me-Val'): unknown residue code '3-Me-Val': no match in p2smi database (checked Code='3-ME-VAL'); position 5 ('TERT BU ALA'): unknown residue code 'TERT BU ALA': no match in p2smi database (checked Code='TERT BU ALA'); position 8 ('3-Me-Val'): unknown residue code '3-Me-Val': no match in p2smi database (checked Code='3-ME-VAL'); position 10 ('TERT BU ALA'): unknown residue code 'TERT BU ALA': no match in p2smi database (checked Code='TERT BU ALA')
4876,b2_excluded_unsupported_terminus,terminus_based,unsupported N-terminal modification 'C8' (only free amine or ACT acetylation supported)
4937,b3_excluded_residue_no_smiles,residue_based,"position 2 ('6-Br-trp'): unknown residue code '6-Br-trp': no match in p2smi database (checked Code='6-BR-TRP'); position 4 ('3,4-OH-ARG'): unknown residue code '3,4-OH-ARG': no match in p2smi database (checked Code='3,4-OH-ARG'); position 5 ('4,5-OH-LYS'): unknown residue code '4,5-OH-LYS': no match in p2smi database (checked Code='4,5-OH-LYS'); position 8 ('4,5-OH-LYS'): unknown residue code '4,5-OH-LYS': no match in p2smi database (checked Code='4,5-OH-LYS'); position 12 ('4,5-OH-LYS'): unknown residue code '4,5-OH-LYS': no match in p2smi database (checked Code='4,5-OH-LYS'); position 14 ('DOPA'): unknown residue code 'DOPA': no match in p2smi database (checked Code='DOPA'); position 15 ('DOPA'): unknown residue code 'DOPA': no match in p2smi database (checked Code='DOPA'); position 16 ('4,5-OH-LYS'): unknown residue code '4,5-OH-LYS': no match in p2smi database (checked Code='4,5-OH-LYS'); position 18 ('5-OH-LYS'): unknown residue code '5-OH-LYS': no match in p2smi database (checked Code='5-OH-LYS'); position 19 ('DOPA'): unknown residue code 'DOPA': no match in p2smi database (checked Code='DOPA'); position 20 ('DOPA'): unknown residue code 'DOPA': no match in p2smi database (checked Code='DOPA'); position 22 ('5-OH-LYS'): unknown residue code '5-OH-LYS': no match in p2smi database (checked Code='5-OH-LYS')"
4985,b2_excluded_unsupported_terminus,terminus_based,unsupported N-terminal modification 'TOS' (only free amine or ACT acetylation supported)
4983,b2_excluded_unsupported_terminus,terminus_based,unsupported N-terminal modification 'TOS' (only free amine or ACT acetylation supported)
4979,b2_excluded_unsupported_terminus,terminus_based,unsupported N-terminal modification 'Bn' (only free amine or ACT acetylation supported)
4978,b2_excluded_unsupported_terminus,terminus_based,unsupported N-terminal modification 'BZA' (only free amine or ACT acetylation supported)
4989,b2_excluded_unsupported_terminus,terminus_based,unsupported N-terminal modification 'TOS' (only free amine or ACT acetylation supported)
4988,b2_excluded_unsupported_terminus,terminus_based,unsupported N-terminal modification 'TOS' (only free amine or ACT acetylation supported)
4991,b3_excluded_residue_no_smiles,residue_based,position 4 ('D-HPhe'): unknown residue code 'D-HPhe': no match in p2smi database (checked Code='HPHE'); position 9 ('D-HPhe'): unknown residue code 'D-HPhe': no match in p2smi database (checked Code='HPHE')
4986,b2_excluded_unsupported_terminus,terminus_based,unsupported N-terminal modification 'BZA' (only free amine or ACT acetylation supported)
4990,b2_excluded_unsupported_terminus,terminus_based,unsupported N-terminal modification 'BZA' (only free amine or ACT acetylation supported)
4996,b3_excluded_residue_no_smiles,residue_based,position 4 ('D-TIC'): unknown residue code 'D-TIC': no match in p2smi database (checked Code='TIC'); position 9 ('D-TIC'): unknown residue code 'D-TIC': no match in p2smi database (checked Code='TIC')
4994,b3_excluded_residue_no_smiles,residue_based,position 4 ('D-DIP'): unknown residue code 'D-DIP': no match in p2smi database (checked Code='DIP'); position 9 ('D-DIP'): unknown residue code 'D-DIP': no match in p2smi database (checked Code='DIP')
5063,b3_excluded_residue_no_smiles,residue_based,"position 1 ('APC'): unknown residue code 'APC': no match in p2smi database (checked Code='APC'); position 3 ('APC'): unknown residue code 'APC': no match in p2smi database (checked Code='APC'); position 5 ('(S,S)-ACPC'): unknown residue code '(S,S)-ACPC': no match in p2smi database (checked Code='(S,S)-ACPC'); position 7 ('(S,S)-ACPC'): unknown residue code '(S,S)-ACPC': no match in p2smi database (checked Code='(S,S)-ACPC'); position 9 ('(S,S)-ACPC'): unknown residue code '(S,S)-ACPC': no match in p2smi database (checked Code='(S,S)-ACPC'); position 11 ('APC'): unknown residue code 'APC': no match in p2smi database (checked Code='APC'); position 13 ('(S,S)-ACPC'): unknown residue code '(S,S)-ACPC': no match in p2smi database (checked Code='(S,S)-ACPC'); position 15 ('(S,S)-ACPC'): unknown residue code '(S,S)-ACPC': no match in p2smi database (checked Code='(S,S)-ACPC')"
5061,b3_excluded_residue_no_smiles,residue_based,"position 1 ('APC'): unknown residue code 'APC': no match in p2smi database (checked Code='APC'); position 3 ('(S,S)-ACPC'): unknown residue code '(S,S)-ACPC': no match in p2smi database (checked Code='(S,S)-ACPC'); position 5 ('APC'): unknown residue code 'APC': no match in p2smi database (checked Code='APC'); position 7 ('(S,S)-ACPC'): unknown residue code '(S,S)-ACPC': no match in p2smi database (checked Code='(S,S)-ACPC'); position 9 ('(S,S)-ACPC'): unknown residue code '(S,S)-ACPC': no match in p2smi database (checked Code='(S,S)-ACPC'); position 11 ('(S,S)-ACPC'): unknown residue code '(S,S)-ACPC': no match in p2smi database (checked Code='(S,S)-ACPC'); position 13 ('(S,S)-ACPC'): unknown residue code '(S,S)-ACPC': no match in p2smi database (checked Code='(S,S)-ACPC'); position 15 ('APC'): unknown residue code 'APC': no match in p2smi database (checked Code='APC')"
5070,b3_excluded_residue_no_smiles,residue_based,"position 1 ('APC'): unknown residue code 'APC': no match in p2smi database (checked Code='APC'); position 3 ('(S,S)-ACPC'): unknown residue code '(S,S)-ACPC': no match in p2smi database (checked Code='(S,S)-ACPC'); position 5 ('APC'): unknown residue code 'APC': no match in p2smi database (checked Code='APC'); position 7 ('(S,S)-ACPC'): unknown residue code '(S,S)-ACPC': no match in p2smi database (checked Code='(S,S)-ACPC'); position 9 ('APC'): unknown residue code 'APC': no match in p2smi database (checked Code='APC'); position 11 ('(S,S)-ACPC'): unknown residue code '(S,S)-ACPC': no match in p2smi database (checked Code='(S,S)-ACPC'); position 13 ('(S,S)-ACPC'): unknown residue code '(S,S)-ACPC': no match in p2smi database (checked Code='(S,S)-ACPC'); position 15 ('APC'): unknown residue code 'APC': no match in p2smi database (checked Code='APC')"
5071,b3_excluded_residue_no_smiles,residue_based,"position 1 ('APC'): unknown residue code 'APC': no match in p2smi database (checked Code='APC'); position 3 ('(S,S)-ACPC'): unknown residue code '(S,S)-ACPC': no match in p2smi database (checked Code='(S,S)-ACPC'); position 5 ('APC'): unknown residue code 'APC': no match in p2smi database (checked Code='APC'); position 7 ('(S,S)-ACPC'): unknown residue code '(S,S)-ACPC': no match in p2smi database (checked Code='(S,S)-ACPC'); position 9 ('APC'): unknown residue code 'APC': no match in p2smi database (checked Code='APC'); position 11 ('(S,S)-ACPC'): unknown residue code '(S,S)-ACPC': no match in p2smi database (checked Code='(S,S)-ACPC'); position 13 ('(S,S)-ACPC'): unknown residue code '(S,S)-ACPC': no match in p2smi database (checked Code='(S,S)-ACPC'); position 15 ('APC'): unknown residue code 'APC': no match in p2smi database (checked Code='APC')"
5072,b3_excluded_residue_no_smiles,residue_based,"position 1 ('APC'): unknown residue code 'APC': no match in p2smi database (checked Code='APC'); position 3 ('(S,S)-ACPC'): unknown residue code '(S,S)-ACPC': no match in p2smi database (checked Code='(S,S)-ACPC'); position 5 ('(S,S)-ACPC'): unknown residue code '(S,S)-ACPC': no match in p2smi database (checked Code='(S,S)-ACPC'); position 7 ('APC'): unknown residue code 'APC': no match in p2smi database (checked Code='APC'); position 9 ('(S,S)-ACPC'): unknown residue code '(S,S)-ACPC': no match in p2smi database (checked Code='(S,S)-ACPC'); position 11 ('(S,S)-ACPC'): unknown residue code '(S,S)-ACPC': no match in p2smi database (checked Code='(S,S)-ACPC'); position 13 ('APC'): unknown residue code 'APC': no match in p2smi database (checked Code='APC'); position 15 ('(S,S)-ACPC'): unknown residue code '(S,S)-ACPC': no match in p2smi database (checked Code='(S,S)-ACPC')"
5073,b3_excluded_residue_no_smiles,residue_based,"position 1 ('APC'): unknown residue code 'APC': no match in p2smi database (checked Code='APC'); position 3 ('(S,S)-ACPC'): unknown residue code '(S,S)-ACPC': no match in p2smi database (checked Code='(S,S)-ACPC'); position 5 ('APC'): unknown residue code 'APC': no match in p2smi database (checked Code='APC'); position 7 ('(S,S)-ACPC'): unknown residue code '(S,S)-ACPC': no match in p2smi database (checked Code='(S,S)-ACPC'); position 9 ('(S,S)-ACPC'): unknown residue code '(S,S)-ACPC': no match in p2smi database (checked Code='(S,S)-ACPC'); position 11 ('(S,S)-ACPC'): unknown residue code '(S,S)-ACPC': no match in p2smi database (checked Code='(S,S)-ACPC'); position 13 ('(S,S)-ACPC'): unknown residue code '(S,S)-ACPC': no match in p2smi database (checked Code='(S,S)-ACPC'); position 15 ('APC'): unknown residue code 'APC': no match in p2smi database (checked Code='APC')"
5074,b3_excluded_residue_no_smiles,residue_based,"position 1 ('(S,S)-ACPC'): unknown residue code '(S,S)-ACPC': no match in p2smi database (checked Code='(S,S)-ACPC'); position 3 ('APC'): unknown residue code 'APC': no match in p2smi database (checked Code='APC'); position 5 ('APC'): unknown residue code 'APC': no match in p2smi database (checked Code='APC'); position 7 ('(S,S)-ACPC'): unknown residue code '(S,S)-ACPC': no match in p2smi database (checked Code='(S,S)-ACPC'); position 9 ('APC'): unknown residue code 'APC': no match in p2smi database (checked Code='APC'); position 11 ('(S,S)-ACPC'): unknown residue code '(S,S)-ACPC': no match in p2smi database (checked Code='(S,S)-ACPC'); position 13 ('(S,S)-ACPC'): unknown residue code '(S,S)-ACPC': no match in p2smi database (checked Code='(S,S)-ACPC'); position 15 ('(S,S)-ACPC'): unknown residue code '(S,S)-ACPC': no match in p2smi database (checked Code='(S,S)-ACPC')"
5092,b2_excluded_unsupported_terminus,terminus_based,unsupported N-terminal modification 'pHCA' (only free amine or ACT acetylation supported)
5094,b2_excluded_unsupported_terminus,terminus_based,unsupported N-terminal modification 'HPPA' (only free amine or ACT acetylation supported)
5062,b3_excluded_residue_no_smiles,residue_based,"position 1 ('(S,S)-ACPC'): unknown residue code '(S,S)-ACPC': no match in p2smi database (checked Code='(S,S)-ACPC'); position 3 ('APC'): unknown residue code 'APC': no match in p2smi database (checked Code='APC'); position 5 ('APC'): unknown residue code 'APC': no match in p2smi database (checked Code='APC'); position 7 ('(S,S)-ACPC'): unknown residue code '(S,S)-ACPC': no match in p2smi database (checked Code='(S,S)-ACPC'); position 9 ('APC'): unknown residue code 'APC': no match in p2smi database (checked Code='APC'); position 11 ('(S,S)-ACPC'): unknown residue code '(S,S)-ACPC': no match in p2smi database (checked Code='(S,S)-ACPC'); position 13 ('(S,S)-ACPC'): unknown residue code '(S,S)-ACPC': no match in p2smi database (checked Code='(S,S)-ACPC'); position 15 ('(S,S)-ACPC'): unknown residue code '(S,S)-ACPC': no match in p2smi database (checked Code='(S,S)-ACPC')"
5090,b2_excluded_unsupported_terminus,terminus_based,unsupported N-terminal modification 'pHCA' (only free amine or ACT acetylation supported)
5093,b2_excluded_unsupported_terminus,terminus_based,unsupported N-terminal modification 'CIN' (only free amine or ACT acetylation supported)
5096,b2_excluded_unsupported_terminus,terminus_based,unsupported N-terminal modification 'pHCA' (only free amine or ACT acetylation supported)
5095,b2_excluded_unsupported_terminus,terminus_based,unsupported N-terminal modification 'pHCA' (only free amine or ACT acetylation supported)
5139,b3_excluded_residue_no_smiles,residue_based,position 2 ('P-Ser'): unknown residue code 'P-Ser': no match in p2smi database (checked Code='P-SER')
5181,b3_excluded_residue_no_smiles,residue_based,position 10 ('4-NH2-D-PRO'): unknown residue code '4-NH2-D-PRO': no match in p2smi database (checked Code='4-NH2-D-PRO')
5316,b3_excluded_residue_no_smiles,residue_based,position 1 ('CYS-S-CH3'): unknown residue code 'CYS-S-CH3': no match in p2smi database (checked Code='CYS-S-CH3'); position 14 ('CYS-S-CH3'): unknown residue code 'CYS-S-CH3': no match in p2smi database (checked Code='CYS-S-CH3')
5320,b3_excluded_residue_no_smiles,residue_based,position 1 ('CYS-S-CH3'): unknown residue code 'CYS-S-CH3': no match in p2smi database (checked Code='CYS-S-CH3'); position 14 ('CYS-S-CH3'): unknown residue code 'CYS-S-CH3': no match in p2smi database (checked Code='CYS-S-CH3')
5329,b3_excluded_residue_no_smiles,residue_based,position 5 ('S-ALA-4-pen'): unknown residue code 'S-ALA-4-pen': no match in p2smi database (checked Code='S-ALA-4-PEN'); position 9 ('S-ALA-4-pen'): unknown residue code 'S-ALA-4-pen': no match in p2smi database (checked Code='S-ALA-4-PEN'); position 13 ('S-ALA-4-pen'): unknown residue code 'S-ALA-4-pen': no match in p2smi database (checked Code='S-ALA-4-PEN'); position 17 ('S-ALA-4-pen'): unknown residue code 'S-ALA-4-pen': no match in p2smi database (checked Code='S-ALA-4-PEN')
5326,b3_excluded_residue_no_smiles,residue_based,position 13 ('S-ALA-4-pen'): unknown residue code 'S-ALA-4-pen': no match in p2smi database (checked Code='S-ALA-4-PEN'); position 17 ('S-ALA-4-pen'): unknown residue code 'S-ALA-4-pen': no match in p2smi database (checked Code='S-ALA-4-PEN')
5333,b3_excluded_residue_no_smiles,residue_based,position 5 ('S-ALA-4-pen'): unknown residue code 'S-ALA-4-pen': no match in p2smi database (checked Code='S-ALA-4-PEN'); position 9 ('S-ALA-4-pen'): unknown residue code 'S-ALA-4-pen': no match in p2smi database (checked Code='S-ALA-4-PEN'); position 13 ('S-ALA-4-pen'): unknown residue code 'S-ALA-4-pen': no match in p2smi database (checked Code='S-ALA-4-PEN'); position 17 ('S-ALA-4-pen'): unknown residue code 'S-ALA-4-pen': no match in p2smi database (checked Code='S-ALA-4-PEN')
5331,b3_excluded_residue_no_smiles,residue_based,position 3 ('R-ALA-7-oct'): unknown residue code 'R-ALA-7-oct': no match in p2smi database (checked Code='R-ALA-7-OCT'); position 10 ('S-ALA-4-pen'): unknown residue code 'S-ALA-4-pen': no match in p2smi database (checked Code='S-ALA-4-PEN')
5341,b3_excluded_residue_no_smiles,residue_based,position 3 ('R-ALA-7-oct'): unknown residue code 'R-ALA-7-oct': no match in p2smi database (checked Code='R-ALA-7-OCT'); position 10 ('S-ALA-4-pen'): unknown residue code 'S-ALA-4-pen': no match in p2smi database (checked Code='S-ALA-4-PEN')
5334,b3_excluded_residue_no_smiles,residue_based,position 6 ('S-ALA-4-pen'): unknown residue code 'S-ALA-4-pen': no match in p2smi database (checked Code='S-ALA-4-PEN'); position 10 ('S-ALA-4-pen'): unknown residue code 'S-ALA-4-pen': no match in p2smi database (checked Code='S-ALA-4-PEN')
5332,b3_excluded_residue_no_smiles,residue_based,position 5 ('S-ALA-4-pen'): unknown residue code 'S-ALA-4-pen': no match in p2smi database (checked Code='S-ALA-4-PEN'); position 9 ('S-ALA-4-pen'): unknown residue code 'S-ALA-4-pen': no match in p2smi database (checked Code='S-ALA-4-PEN'); position 13 ('S-ALA-4-pen'): unknown residue code 'S-ALA-4-pen': no match in p2smi database (checked Code='S-ALA-4-PEN'); position 17 ('S-ALA-4-pen'): unknown residue code 'S-ALA-4-pen': no match in p2smi database (checked Code='S-ALA-4-PEN')
5343,b3_excluded_residue_no_smiles,residue_based,position 3 ('S-ALA-4-pen'): unknown residue code 'S-ALA-4-pen': no match in p2smi database (checked Code='S-ALA-4-PEN'); position 7 ('S-ALA-4-pen'): unknown residue code 'S-ALA-4-pen': no match in p2smi database (checked Code='S-ALA-4-PEN'); position 10 ('S-ALA-4-pen'): unknown residue code 'S-ALA-4-pen': no match in p2smi database (checked Code='S-ALA-4-PEN'); position 14 ('R-ALA-7-oct'): unknown residue code 'R-ALA-7-oct': no match in p2smi database (checked Code='R-ALA-7-OCT')
5330,b3_excluded_residue_no_smiles,residue_based,position 3 ('R-ALA-7-oct'): unknown residue code 'R-ALA-7-oct': no match in p2smi database (checked Code='R-ALA-7-OCT'); position 10 ('S-ALA-4-pen'): unknown residue code 'S-ALA-4-pen': no match in p2smi database (checked Code='S-ALA-4-PEN')
5328,b3_excluded_residue_no_smiles,residue_based,position 5 ('S-ALA-4-pen'): unknown residue code 'S-ALA-4-pen': no match in p2smi database (checked Code='S-ALA-4-PEN'); position 9 ('S-ALA-4-pen'): unknown residue code 'S-ALA-4-pen': no match in p2smi database (checked Code='S-ALA-4-PEN')
5339,b3_excluded_residue_no_smiles,residue_based,position 2 ('S-ALA-4-pen'): unknown residue code 'S-ALA-4-pen': no match in p2smi database (checked Code='S-ALA-4-PEN'); position 6 ('S-ALA-4-pen'): unknown residue code 'S-ALA-4-pen': no match in p2smi database (checked Code='S-ALA-4-PEN')
5342,b3_excluded_residue_no_smiles,residue_based,position 3 ('R-ALA-7-oct'): unknown residue code 'R-ALA-7-oct': no match in p2smi database (checked Code='R-ALA-7-OCT'); position 10 ('S-ALA-4-pen'): unknown residue code 'S-ALA-4-pen': no match in p2smi database (checked Code='S-ALA-4-PEN')
5338,b3_excluded_residue_no_smiles,residue_based,position 10 ('S-ALA-4-pen'): unknown residue code 'S-ALA-4-pen': no match in p2smi database (checked Code='S-ALA-4-PEN'); position 14 ('S-ALA-4-pen'): unknown residue code 'S-ALA-4-pen': no match in p2smi database (checked Code='S-ALA-4-PEN')
5340,b3_excluded_residue_no_smiles,residue_based,position 3 ('S-ALA-4-pen'): unknown residue code 'S-ALA-4-pen': no match in p2smi database (checked Code='S-ALA-4-PEN'); position 7 ('S-ALA-4-pen'): unknown residue code 'S-ALA-4-pen': no match in p2smi database (checked Code='S-ALA-4-PEN'); position 10 ('S-ALA-4-pen'): unknown residue code 'S-ALA-4-pen': no match in p2smi database (checked Code='S-ALA-4-PEN'); position 14 ('S-ALA-4-pen'): unknown residue code 'S-ALA-4-pen': no match in p2smi database (checked Code='S-ALA-4-PEN')
5367,b2_excluded_unsupported_terminus,terminus_based,unsupported N-terminal modification 'B7' (only free amine or ACT acetylation supported)
5450,b2_excluded_unsupported_terminus,terminus_based,"unsupported N-terminal modification '3-OH-9,11-Me-C13' (only free amine or ACT acetylation supported)"
5460,b3_excluded_residue_no_smiles,residue_based,position 7 ('βASP'): unknown residue code 'βASP': no match in p2smi database (checked Code='ΒASP')
5449,b2_excluded_unsupported_terminus,terminus_based,unsupported N-terminal modification '3-OH-11-Me-C13' (only free amine or ACT acetylation supported)
5451,b2_excluded_unsupported_terminus,terminus_based,"unsupported N-terminal modification '7,9-Me-(E)2-C11' (only free amine or ACT acetylation supported)"
5514,b2_excluded_unsupported_terminus,terminus_based,"unsupported N-terminal modification '3-OH-8,10-Me-C12' (only free amine or ACT acetylation supported)"
5511,b2_excluded_unsupported_terminus,terminus_based,unsupported N-terminal modification '3-OH-11-Me-C13' (only free amine or ACT acetylation supported)
5507,b2_excluded_unsupported_terminus,terminus_based,unsupported N-terminal modification '3-OH-11-Me-C13' (only free amine or ACT acetylation supported)
5551,b2_excluded_unsupported_terminus,terminus_based,unsupported C-terminal modification 'EN' (only free acid or AMD amidation supported)
5552,b2_excluded_unsupported_terminus,terminus_based,unsupported C-terminal modification 'EN' (only free acid or AMD amidation supported)
5498,b1_excluded_non_monomer,out_of_scope,"non-monomer complexity (dimer/multi-peptide) -- not a single-chain SMILES peptide, out of scope for this dataset"
5550,b2_excluded_unsupported_terminus,terminus_based,unsupported C-terminal modification 'EN' (only free acid or AMD amidation supported)
5554,b2_excluded_unsupported_terminus,terminus_based,unsupported C-terminal modification 'EN' (only free acid or AMD amidation supported)
5553,b2_excluded_unsupported_terminus,terminus_based,unsupported C-terminal modification 'EN' (only free acid or AMD amidation supported)
5555,b3_excluded_residue_no_smiles,residue_based,position 16 ('Me-Ile'): unknown residue code 'Me-Ile': no match in p2smi database (checked Code='ME-ILE')
5597,b3_excluded_residue_no_smiles,residue_based,position 1 ('PYA'): unknown residue code 'PYA': no match in p2smi database (checked Code='PYA')
5598,b3_excluded_residue_no_smiles,residue_based,position 1 ('PYA'): unknown residue code 'PYA': no match in p2smi database (checked Code='PYA')
5599,b3_excluded_residue_no_smiles,residue_based,position 1 ('PYA'): unknown residue code 'PYA': no match in p2smi database (checked Code='PYA'); position 11 ('DAP'): unknown residue code 'DAP': no match in p2smi database (checked Code='DAP')
5595,b3_excluded_residue_no_smiles,residue_based,position 1 ('PYA'): unknown residue code 'PYA': no match in p2smi database (checked Code='PYA')
5596,b3_excluded_residue_no_smiles,residue_based,position 1 ('PYA'): unknown residue code 'PYA': no match in p2smi database (checked Code='PYA')
5601,b3_excluded_residue_no_smiles,residue_based,position 1 ('PYA'): unknown residue code 'PYA': no match in p2smi database (checked Code='PYA')
5602,b3_excluded_residue_no_smiles,residue_based,position 1 ('PYA'): unknown residue code 'PYA': no match in p2smi database (checked Code='PYA'); position 15 ('DAP'): unknown residue code 'DAP': no match in p2smi database (checked Code='DAP')
5600,b3_excluded_residue_no_smiles,residue_based,position 1 ('PYA'): unknown residue code 'PYA': no match in p2smi database (checked Code='PYA')
5594,b3_excluded_residue_no_smiles,residue_based,position 1 ('7-NH2-C7'): unknown residue code '7-NH2-C7': no match in p2smi database (checked Code='7-NH2-C7')
5779,b2_excluded_unsupported_terminus,terminus_based,unsupported N-terminal modification '3-OH-C7' (only free amine or ACT acetylation supported)
5780,b2_excluded_unsupported_terminus,terminus_based,unsupported N-terminal modification '3-OH-C6' (only free amine or ACT acetylation supported)
5868,b3_excluded_residue_no_smiles,residue_based,position 1 ('5-Br-TRP'): unknown residue code '5-Br-TRP': no match in p2smi database (checked Code='5-BR-TRP')
5873,b1_excluded_non_monomer,out_of_scope,"non-monomer complexity (dimer/multi-peptide) -- not a single-chain SMILES peptide, out of scope for this dataset"
6077,b3_excluded_residue_no_smiles,residue_based,position 28 ('D-Allo-Thr'): unknown residue code 'D-Allo-Thr': no match in p2smi database (checked Code='ALLO-THR')
6081,b1_excluded_non_monomer,out_of_scope,"non-monomer complexity (dimer/multi-peptide) -- not a single-chain SMILES peptide, out of scope for this dataset"
6133,b2_excluded_unsupported_terminus,terminus_based,unsupported N-terminal modification 'Boc' (only free amine or ACT acetylation supported)
6161,b2_excluded_unsupported_terminus,terminus_based,unsupported N-terminal modification '3MeACl' (only free amine or ACT acetylation supported)
6160,b2_excluded_unsupported_terminus,terminus_based,unsupported N-terminal modification '2MeACl' (only free amine or ACT acetylation supported)
6142,b3_excluded_residue_no_smiles,residue_based,"DSB bond references position 1 ('V' -> L-Valine), which is not a disulfide-capable residue -- inconsistent DBAASP bond annotation, flagged for manual review"
6158,b2_excluded_unsupported_terminus,terminus_based,unsupported N-terminal modification '2MeACl' (only free amine or ACT acetylation supported)
6162,b2_excluded_unsupported_terminus,terminus_based,unsupported N-terminal modification '3MeACl' (only free amine or ACT acetylation supported)
6157,b2_excluded_unsupported_terminus,terminus_based,unsupported N-terminal modification '3MeACl' (only free amine or ACT acetylation supported)
6076,b3_excluded_residue_no_smiles,residue_based,position 28 ('D-Allo-Thr'): unknown residue code 'D-Allo-Thr': no match in p2smi database (checked Code='ALLO-THR')
6159,b2_excluded_unsupported_terminus,terminus_based,unsupported N-terminal modification '3MeACl' (only free amine or ACT acetylation supported)
6229,b3_excluded_residue_no_smiles,residue_based,position 80 ('P-Ser'): unknown residue code 'P-Ser': no match in p2smi database (checked Code='P-SER')
6206,b1_excluded_non_monomer,out_of_scope,"non-monomer complexity (dimer/multi-peptide) -- not a single-chain SMILES peptide, out of scope for this dataset"
6307,b2_excluded_unsupported_terminus,terminus_based,unsupported N-terminal modification 'FOR' (only free amine or ACT acetylation supported)
6312,b2_excluded_unsupported_terminus,terminus_based,unsupported N-terminal modification 'FOR' (only free amine or ACT acetylation supported)
6310,b2_excluded_unsupported_terminus,terminus_based,unsupported N-terminal modification 'FOR' (only free amine or ACT acetylation supported)
6308,b2_excluded_unsupported_terminus,terminus_based,unsupported N-terminal modification 'FOR' (only free amine or ACT acetylation supported)
6311,b2_excluded_unsupported_terminus,terminus_based,unsupported N-terminal modification 'FOR' (only free amine or ACT acetylation supported)
6309,b2_excluded_unsupported_terminus,terminus_based,unsupported N-terminal modification 'FOR' (only free amine or ACT acetylation supported)
6306,b2_excluded_unsupported_terminus,terminus_based,unsupported N-terminal modification 'FOR' (only free amine or ACT acetylation supported)
6358,b3_excluded_residue_no_smiles,residue_based,position 4 ('NArg'): unknown residue code 'NArg': no match in p2smi database (checked Code='NARG')
6337,b3_excluded_residue_no_smiles,residue_based,position 17 ('NArg'): unknown residue code 'NArg': no match in p2smi database (checked Code='NARG')
6338,b3_excluded_residue_no_smiles,residue_based,position 12 ('NArg'): unknown residue code 'NArg': no match in p2smi database (checked Code='NARG')
6360,b3_excluded_residue_no_smiles,residue_based,position 17 ('NNar'): unknown residue code 'NNar': no match in p2smi database (checked Code='NNAR')
6361,b3_excluded_residue_no_smiles,residue_based,position 12 ('NNar'): unknown residue code 'NNar': no match in p2smi database (checked Code='NNAR')
6359,b3_excluded_residue_no_smiles,residue_based,position 4 ('NArg'): unknown residue code 'NArg': no match in p2smi database (checked Code='NARG'); position 12 ('NArg'): unknown residue code 'NArg': no match in p2smi database (checked Code='NARG'); position 17 ('NArg'): unknown residue code 'NArg': no match in p2smi database (checked Code='NARG')
6508,b3_excluded_residue_no_smiles,residue_based,position 4 ('CYS-mPEG750'): unknown residue code 'CYS-mPEG750': no match in p2smi database (checked Code='CYS-MPEG750')
6509,b3_excluded_residue_no_smiles,residue_based,position 4 ('CYS-mPEG2000'): unknown residue code 'CYS-mPEG2000': no match in p2smi database (checked Code='CYS-MPEG2000')
6515,b3_excluded_residue_no_smiles,residue_based,position 18 ('CYS-mPEG2000'): unknown residue code 'CYS-mPEG2000': no match in p2smi database (checked Code='CYS-MPEG2000')
6510,b3_excluded_residue_no_smiles,residue_based,position 11 ('CYS-mPEG750'): unknown residue code 'CYS-mPEG750': no match in p2smi database (checked Code='CYS-MPEG750')
6518,b3_excluded_residue_no_smiles,residue_based,position 29 ('CYS-mPEG750'): unknown residue code 'CYS-mPEG750': no match in p2smi database (checked Code='CYS-MPEG750')
6519,b3_excluded_residue_no_smiles,residue_based,position 29 ('CYS-mPEG2000'): unknown residue code 'CYS-mPEG2000': no match in p2smi database (checked Code='CYS-MPEG2000')
6514,b3_excluded_residue_no_smiles,residue_based,position 18 ('CYS-mPEG750'): unknown residue code 'CYS-mPEG750': no match in p2smi database (checked Code='CYS-MPEG750')
6507,b3_excluded_residue_no_smiles,residue_based,position 1 ('CYS-mPEG2000'): unknown residue code 'CYS-mPEG2000': no match in p2smi database (checked Code='CYS-MPEG2000')
6516,b3_excluded_residue_no_smiles,residue_based,position 22 ('CYS-mPEG750'): unknown residue code 'CYS-mPEG750': no match in p2smi database (checked Code='CYS-MPEG750')
6512,b3_excluded_residue_no_smiles,residue_based,position 15 ('CYS-mPEG750'): unknown residue code 'CYS-mPEG750': no match in p2smi database (checked Code='CYS-MPEG750')
6511,b3_excluded_residue_no_smiles,residue_based,position 11 ('CYS-mPEG2000'): unknown residue code 'CYS-mPEG2000': no match in p2smi database (checked Code='CYS-MPEG2000')
6522,b3_excluded_residue_no_smiles,residue_based,position 42 ('CYS-mPEG2000'): unknown residue code 'CYS-mPEG2000': no match in p2smi database (checked Code='CYS-MPEG2000')
6520,b3_excluded_residue_no_smiles,residue_based,position 42 ('CYS-mPEG750'): unknown residue code 'CYS-mPEG750': no match in p2smi database (checked Code='CYS-MPEG750')
6513,b3_excluded_residue_no_smiles,residue_based,position 15 ('CYS-mPEG2000'): unknown residue code 'CYS-mPEG2000': no match in p2smi database (checked Code='CYS-MPEG2000')
6523,b3_excluded_residue_no_smiles,residue_based,position 20 ('CYS-mPEG750'): unknown residue code 'CYS-mPEG750': no match in p2smi database (checked Code='CYS-MPEG750')
6517,b3_excluded_residue_no_smiles,residue_based,position 22 ('CYS-mPEG2000'): unknown residue code 'CYS-mPEG2000': no match in p2smi database (checked Code='CYS-MPEG2000')
6524,b3_excluded_residue_no_smiles,residue_based,position 20 ('CYS-mPEG2000'): unknown residue code 'CYS-mPEG2000': no match in p2smi database (checked Code='CYS-MPEG2000')
6554,b2_excluded_unsupported_terminus,terminus_based,unsupported C-terminal modification 'C16' (only free acid or AMD amidation supported)
6579,b3_excluded_residue_no_smiles,residue_based,position 1 ('Me-Val'): unknown residue code 'Me-Val': no match in p2smi database (checked Code='ME-VAL'); position 4 ('D-Me-Phe'): unknown residue code 'D-Me-Phe': no match in p2smi database (checked Code='ME-PHE'); position 7 ('Me-Thr'): unknown residue code 'Me-Thr': no match in p2smi database (checked Code='ME-THR'); position 9 ('Me-Thr'): unknown residue code 'Me-Thr': no match in p2smi database (checked Code='ME-THR'); position 11 ('D-Me-Ala'): unknown residue code 'D-Me-Ala': no match in p2smi database (checked Code='ME-ALA'); position 14 ('Me-Ser'): unknown residue code 'Me-Ser': no match in p2smi database (checked Code='ME-SER')
6582,b3_excluded_residue_no_smiles,residue_based,position 1 ('Me-Val'): unknown residue code 'Me-Val': no match in p2smi database (checked Code='ME-VAL'); position 4 ('D-Me-Phe'): unknown residue code 'D-Me-Phe': no match in p2smi database (checked Code='ME-PHE'); position 7 ('Me-Thr'): unknown residue code 'Me-Thr': no match in p2smi database (checked Code='ME-THR'); position 9 ('Me-Thr'): unknown residue code 'Me-Thr': no match in p2smi database (checked Code='ME-THR'); position 11 ('D-Me-Ala'): unknown residue code 'D-Me-Ala': no match in p2smi database (checked Code='ME-ALA'); position 14 ('Me-Ser'): unknown residue code 'Me-Ser': no match in p2smi database (checked Code='ME-SER')
6578,b3_excluded_residue_no_smiles,residue_based,position 1 ('Me-Ile'): unknown residue code 'Me-Ile': no match in p2smi database (checked Code='ME-ILE'); position 4 ('D-Me-Phe'): unknown residue code 'D-Me-Phe': no match in p2smi database (checked Code='ME-PHE'); position 7 ('Me-Thr'): unknown residue code 'Me-Thr': no match in p2smi database (checked Code='ME-THR'); position 9 ('Me-Thr'): unknown residue code 'Me-Thr': no match in p2smi database (checked Code='ME-THR'); position 11 ('D-Me-Ala'): unknown residue code 'D-Me-Ala': no match in p2smi database (checked Code='ME-ALA'); position 14 ('Me-Ser'): unknown residue code 'Me-Ser': no match in p2smi database (checked Code='ME-SER')
6580,b3_excluded_residue_no_smiles,residue_based,position 1 ('Me-Ile'): unknown residue code 'Me-Ile': no match in p2smi database (checked Code='ME-ILE'); position 4 ('D-Me-Phe'): unknown residue code 'D-Me-Phe': no match in p2smi database (checked Code='ME-PHE'); position 7 ('Me-Thr'): unknown residue code 'Me-Thr': no match in p2smi database (checked Code='ME-THR'); position 9 ('Me-Thr'): unknown residue code 'Me-Thr': no match in p2smi database (checked Code='ME-THR'); position 11 ('D-Me-Ala'): unknown residue code 'D-Me-Ala': no match in p2smi database (checked Code='ME-ALA'); position 14 ('Me-Ser'): unknown residue code 'Me-Ser': no match in p2smi database (checked Code='ME-SER')
6609,b2_excluded_unsupported_terminus,terminus_based,unsupported N-terminal modification '(CH3)2' (only free amine or ACT acetylation supported)
6663,b2_excluded_unsupported_terminus,terminus_based,unsupported N-terminal modification 'FMOC' (only free amine or ACT acetylation supported)
6652,b3_excluded_residue_no_smiles,residue_based,position 1 ('GABA'): unknown residue code 'GABA': no match in p2smi database (checked Code='GABA')
6660,b2_excluded_unsupported_terminus,terminus_based,unsupported N-terminal modification 'Ch' (only free amine or ACT acetylation supported)
6664,b2_excluded_unsupported_terminus,terminus_based,unsupported N-terminal modification 'SUC' (only free amine or ACT acetylation supported)
6685,b2_excluded_unsupported_terminus,terminus_based,unsupported C-terminal modification 'DAP' (only free acid or AMD amidation supported)
6682,b2_excluded_unsupported_terminus,terminus_based,unsupported C-terminal modification 'EN' (only free acid or AMD amidation supported)
6731,b2_excluded_unsupported_terminus,terminus_based,unsupported N-terminal modification 'B7' (only free amine or ACT acetylation supported)
6689,b3_excluded_residue_no_smiles,residue_based,position 1 ('GABA'): unknown residue code 'GABA': no match in p2smi database (checked Code='GABA'); position 3 ('Tic'): unknown residue code 'Tic': no match in p2smi database (checked Code='TIC'); position 4 ('Oic'): unknown residue code 'Oic': no match in p2smi database (checked Code='OIC'); position 5 ('GABA'): unknown residue code 'GABA': no match in p2smi database (checked Code='GABA'); position 7 ('Tic'): unknown residue code 'Tic': no match in p2smi database (checked Code='TIC'); position 8 ('Oic'): unknown residue code 'Oic': no match in p2smi database (checked Code='OIC'); position 9 ('GABA'): unknown residue code 'GABA': no match in p2smi database (checked Code='GABA'); position 11 ('Tic'): unknown residue code 'Tic': no match in p2smi database (checked Code='TIC'); position 12 ('Oic'): unknown residue code 'Oic': no match in p2smi database (checked Code='OIC'); position 13 ('GABA'): unknown residue code 'GABA': no match in p2smi database (checked Code='GABA'); position 15 ('Tic'): unknown residue code 'Tic': no match in p2smi database (checked Code='TIC')
6727,b3_excluded_residue_no_smiles,residue_based,position 1 ('GABA'): unknown residue code 'GABA': no match in p2smi database (checked Code='GABA'); position 3 ('Tic'): unknown residue code 'Tic': no match in p2smi database (checked Code='TIC'); position 4 ('Oic'): unknown residue code 'Oic': no match in p2smi database (checked Code='OIC'); position 5 ('GABA'): unknown residue code 'GABA': no match in p2smi database (checked Code='GABA'); position 7 ('Tic'): unknown residue code 'Tic': no match in p2smi database (checked Code='TIC'); position 8 ('Oic'): unknown residue code 'Oic': no match in p2smi database (checked Code='OIC'); position 9 ('GABA'): unknown residue code 'GABA': no match in p2smi database (checked Code='GABA'); position 11 ('Tic'): unknown residue code 'Tic': no match in p2smi database (checked Code='TIC'); position 12 ('Oic'): unknown residue code 'Oic': no match in p2smi database (checked Code='OIC'); position 13 ('GABA'): unknown residue code 'GABA': no match in p2smi database (checked Code='GABA'); position 15 ('Tic'): unknown residue code 'Tic': no match in p2smi database (checked Code='TIC')
6782,b3_excluded_residue_no_smiles,residue_based,position 1 ('Me-Val'): unknown residue code 'Me-Val': no match in p2smi database (checked Code='ME-VAL'); position 4 ('Me-Thr'): unknown residue code 'Me-Thr': no match in p2smi database (checked Code='ME-THR'); position 6 ('Me-Leu'): unknown residue code 'Me-Leu': no match in p2smi database (checked Code='ME-LEU'); position 8 ('Me-Val'): unknown residue code 'Me-Val': no match in p2smi database (checked Code='ME-VAL'); position 9 ('Me-OMe-Trp'): unknown residue code 'Me-OMe-Trp': no match in p2smi database (checked Code='ME-OME-TRP'); position 11 ('3-OH-PHE'): unknown residue code '3-OH-PHE': no match in p2smi database (checked Code='3-OH-PHE')
6783,b2_excluded_unsupported_terminus,terminus_based,unsupported N-terminal modification '(CH3)2' (only free amine or ACT acetylation supported)
6808,b2_excluded_unsupported_terminus,terminus_based,unsupported C-terminal modification 'AM' (only free acid or AMD amidation supported)
6804,b2_excluded_unsupported_terminus,terminus_based,unsupported C-terminal modification 'AM' (only free acid or AMD amidation supported)
6809,b1_excluded_non_monomer,out_of_scope,"non-monomer complexity (dimer/multi-peptide) -- not a single-chain SMILES peptide, out of scope for this dataset"
6805,b1_excluded_non_monomer,out_of_scope,"non-monomer complexity (dimer/multi-peptide) -- not a single-chain SMILES peptide, out of scope for this dataset"
6866,b3_excluded_residue_no_smiles,residue_based,position 3 ('Tic'): unknown residue code 'Tic': no match in p2smi database (checked Code='TIC'); position 4 ('Oic'): unknown residue code 'Oic': no match in p2smi database (checked Code='OIC'); position 7 ('Tic'): unknown residue code 'Tic': no match in p2smi database (checked Code='TIC'); position 8 ('Oic'): unknown residue code 'Oic': no match in p2smi database (checked Code='OIC'); position 11 ('Tic'): unknown residue code 'Tic': no match in p2smi database (checked Code='TIC'); position 12 ('Oic'): unknown residue code 'Oic': no match in p2smi database (checked Code='OIC'); position 15 ('Tic'): unknown residue code 'Tic': no match in p2smi database (checked Code='TIC'); position 16 ('GABA'): unknown residue code 'GABA': no match in p2smi database (checked Code='GABA')
6915,b2_excluded_unsupported_terminus,terminus_based,unsupported N-terminal modification '3-OH-4-Me-C16' (only free amine or ACT acetylation supported)
6917,b2_excluded_unsupported_terminus,terminus_based,"unsupported N-terminal modification '3,4-OH-4-Me-C16' (only free amine or ACT acetylation supported)"
6889,b1_excluded_non_monomer,out_of_scope,"non-monomer complexity (dimer/multi-peptide) -- not a single-chain SMILES peptide, out of scope for this dataset"
6985,b2_excluded_unsupported_terminus,terminus_based,unsupported N-terminal modification 'C3' (only free amine or ACT acetylation supported)
6987,b2_excluded_unsupported_terminus,terminus_based,unsupported N-terminal modification 'C5' (only free amine or ACT acetylation supported)
7029,b3_excluded_residue_no_smiles,residue_based,position 1 ('TOAC'): unknown residue code 'TOAC': no match in p2smi database (checked Code='TOAC')
7002,b3_excluded_residue_no_smiles,residue_based,position 1 ('GABA'): unknown residue code 'GABA': no match in p2smi database (checked Code='GABA')
7030,b3_excluded_residue_no_smiles,residue_based,position 1 ('TOAC'): unknown residue code 'TOAC': no match in p2smi database (checked Code='TOAC')
6845,b1_excluded_non_monomer,out_of_scope,"non-monomer complexity (dimer/multi-peptide) -- not a single-chain SMILES peptide, out of scope for this dataset"
7207,b3_excluded_residue_no_smiles,residue_based,position 11 ('Thr(GalNAc)'): unknown residue code 'Thr(GalNAc)': no match in p2smi database (checked Code='THR(GALNAC)')
7306,b3_excluded_residue_no_smiles,residue_based,position 2 ('Me-Ser'): unknown residue code 'Me-Ser': no match in p2smi database (checked Code='ME-SER'); position 3 ('Me-Ser'): unknown residue code 'Me-Ser': no match in p2smi database (checked Code='ME-SER'); position 9 ('Me-Ser'): unknown residue code 'Me-Ser': no match in p2smi database (checked Code='ME-SER'); position 10 ('Me-Ser'): unknown residue code 'Me-Ser': no match in p2smi database (checked Code='ME-SER')
7409,b3_excluded_residue_no_smiles,residue_based,position 1 ('βALA'): unknown residue code 'βALA': no match in p2smi database (checked Code='ΒALA')
7411,b3_excluded_residue_no_smiles,residue_based,position 1 ('βALA'): unknown residue code 'βALA': no match in p2smi database (checked Code='ΒALA')
7428,b3_excluded_residue_no_smiles,residue_based,position 2 ('Me-Ser'): unknown residue code 'Me-Ser': no match in p2smi database (checked Code='ME-SER'); position 10 ('Me-Ser'): unknown residue code 'Me-Ser': no match in p2smi database (checked Code='ME-SER')
7410,b3_excluded_residue_no_smiles,residue_based,position 1 ('βALA'): unknown residue code 'βALA': no match in p2smi database (checked Code='ΒALA')
7491,b3_excluded_residue_no_smiles,residue_based,position 5 ('LYS-C4'): unknown residue code 'LYS-C4': no match in p2smi database (checked Code='LYS-C4')
7508,b3_excluded_residue_no_smiles,residue_based,position 10 ('DHV'): unknown residue code 'DHV': no match in p2smi database (checked Code='DHV')
7493,b3_excluded_residue_no_smiles,residue_based,position 5 ('LYS-C12-OH'): unknown residue code 'LYS-C12-OH': no match in p2smi database (checked Code='LYS-C12-OH')
7509,b3_excluded_residue_no_smiles,residue_based,position 10 ('DHA'): unknown residue code 'DHA': no match in p2smi database (checked Code='DHA')
7502,b3_excluded_residue_no_smiles,residue_based,position 10 ('DHL'): unknown residue code 'DHL': no match in p2smi database (checked Code='DHL')
7525,b2_excluded_unsupported_terminus,terminus_based,unsupported N-terminal modification 'FMOC' (only free amine or ACT acetylation supported)
7591,b2_excluded_unsupported_terminus,terminus_based,unsupported C-terminal modification 'Sprd' (only free acid or AMD amidation supported)
7592,b2_excluded_unsupported_terminus,terminus_based,unsupported C-terminal modification 'Sprd' (only free acid or AMD amidation supported)
7590,b2_excluded_unsupported_terminus,terminus_based,unsupported C-terminal modification 'Sprd' (only free acid or AMD amidation supported)
7594,b2_excluded_unsupported_terminus,terminus_based,unsupported N-terminal modification 'HPPA' (only free amine or ACT acetylation supported)
7593,b2_excluded_unsupported_terminus,terminus_based,unsupported N-terminal modification 'HPPA' (only free amine or ACT acetylation supported)
7614,b2_excluded_unsupported_terminus,terminus_based,unsupported N-terminal modification 'LIN' (only free amine or ACT acetylation supported)
7616,b2_excluded_unsupported_terminus,terminus_based,unsupported N-terminal modification 'LIN' (only free amine or ACT acetylation supported)
7620,b2_excluded_unsupported_terminus,terminus_based,unsupported N-terminal modification 'HPPA' (only free amine or ACT acetylation supported)
7615,b2_excluded_unsupported_terminus,terminus_based,unsupported N-terminal modification 'LIN' (only free amine or ACT acetylation supported)
7625,b2_excluded_unsupported_terminus,terminus_based,unsupported N-terminal modification 'C18' (only free amine or ACT acetylation supported)
7623,b2_excluded_unsupported_terminus,terminus_based,unsupported N-terminal modification 'LIN' (only free amine or ACT acetylation supported)
7626,b2_excluded_unsupported_terminus,terminus_based,unsupported N-terminal modification 'C18' (only free amine or ACT acetylation supported)
7621,b2_excluded_unsupported_terminus,terminus_based,unsupported N-terminal modification 'HPPA' (only free amine or ACT acetylation supported)
7627,b2_excluded_unsupported_terminus,terminus_based,unsupported N-terminal modification 'C18' (only free amine or ACT acetylation supported)
7622,b2_excluded_unsupported_terminus,terminus_based,unsupported N-terminal modification 'LIN' (only free amine or ACT acetylation supported)
7624,b2_excluded_unsupported_terminus,terminus_based,unsupported N-terminal modification 'LIN' (only free amine or ACT acetylation supported)
7687,b3_excluded_residue_no_smiles,residue_based,position 2 ('D-2-NAL'): unknown residue code 'D-2-NAL': no match in p2smi database (checked Code='2-NAL'); position 5 ('DEtGly'): unknown residue code 'DEtGly': no match in p2smi database (checked Code='DETGLY')
7697,b3_excluded_residue_no_smiles,residue_based,"position 2 ('D-2-NAL'): unknown residue code 'D-2-NAL': no match in p2smi database (checked Code='2-NAL'); position 5 ('(R,R)-ACPC'): unknown residue code '(R,R)-ACPC': no match in p2smi database (checked Code='(R,R)-ACPC')"
7738,b2_excluded_unsupported_terminus,terminus_based,unsupported N-terminal modification 'C8' (only free amine or ACT acetylation supported)
7740,b2_excluded_unsupported_terminus,terminus_based,unsupported C-terminal modification 'LEUol' (only free acid or AMD amidation supported)
7745,b2_excluded_unsupported_terminus,terminus_based,unsupported N-terminal modification 'C8' (only free amine or ACT acetylation supported)
7742,b2_excluded_unsupported_terminus,terminus_based,unsupported N-terminal modification 'C8' (only free amine or ACT acetylation supported)
7746,b2_excluded_unsupported_terminus,terminus_based,unsupported N-terminal modification 'C8' (only free amine or ACT acetylation supported)
7747,b2_excluded_unsupported_terminus,terminus_based,unsupported N-terminal modification 'C8' (only free amine or ACT acetylation supported)
7741,b2_excluded_unsupported_terminus,terminus_based,unsupported N-terminal modification 'C8' (only free amine or ACT acetylation supported)
7744,b2_excluded_unsupported_terminus,terminus_based,unsupported N-terminal modification 'C8' (only free amine or ACT acetylation supported)
7797,b2_excluded_unsupported_terminus,terminus_based,unsupported N-terminal modification 'DiMIQ' (only free amine or ACT acetylation supported)
7794,b2_excluded_unsupported_terminus,terminus_based,unsupported N-terminal modification 'DiMIQ' (only free amine or ACT acetylation supported)
7799,b2_excluded_unsupported_terminus,terminus_based,unsupported N-terminal modification 'DiMIQ' (only free amine or ACT acetylation supported)
7800,b2_excluded_unsupported_terminus,terminus_based,unsupported N-terminal modification 'DiMIQ' (only free amine or ACT acetylation supported)
7796,b2_excluded_unsupported_terminus,terminus_based,unsupported N-terminal modification 'DiMIQ' (only free amine or ACT acetylation supported)
7776,b2_excluded_unsupported_terminus,terminus_based,unsupported C-terminal modification 'DiMIQ' (only free acid or AMD amidation supported)
7775,b2_excluded_unsupported_terminus,terminus_based,unsupported C-terminal modification 'DiMIQ' (only free acid or AMD amidation supported)
7787,b2_excluded_unsupported_terminus,terminus_based,unsupported N-terminal modification 'DiMIQ' (only free amine or ACT acetylation supported)
7781,b2_excluded_unsupported_terminus,terminus_based,unsupported C-terminal modification 'DiMIQ' (only free acid or AMD amidation supported)
7779,b2_excluded_unsupported_terminus,terminus_based,unsupported C-terminal modification 'DiMIQ' (only free acid or AMD amidation supported)
7828,b3_excluded_residue_no_smiles,residue_based,"position 2 ('N,N-Me-Lys'): unknown residue code 'N,N-Me-Lys': no match in p2smi database (checked Code='N,N-ME-LYS'); position 3 ('N,N-Me-Lys'): unknown residue code 'N,N-Me-Lys': no match in p2smi database (checked Code='N,N-ME-LYS'); position 12 ('N,N-Me-Lys'): unknown residue code 'N,N-Me-Lys': no match in p2smi database (checked Code='N,N-ME-LYS'); position 13 ('N,N-Me-Lys'): unknown residue code 'N,N-Me-Lys': no match in p2smi database (checked Code='N,N-ME-LYS')"
7783,b2_excluded_unsupported_terminus,terminus_based,unsupported N-terminal modification 'DiMIQ' (only free amine or ACT acetylation supported)
7785,b2_excluded_unsupported_terminus,terminus_based,unsupported N-terminal modification 'DiMIQ' (only free amine or ACT acetylation supported)
7823,b3_excluded_residue_no_smiles,residue_based,position 2 ('ADMArg'): unknown residue code 'ADMArg': no match in p2smi database (checked Code='ADMARG'); position 3 ('ADMArg'): unknown residue code 'ADMArg': no match in p2smi database (checked Code='ADMARG'); position 12 ('ADMArg'): unknown residue code 'ADMArg': no match in p2smi database (checked Code='ADMARG'); position 13 ('ADMArg'): unknown residue code 'ADMArg': no match in p2smi database (checked Code='ADMARG')
7791,b2_excluded_unsupported_terminus,terminus_based,unsupported N-terminal modification 'DiMIQ' (only free amine or ACT acetylation supported)
7790,b2_excluded_unsupported_terminus,terminus_based,unsupported N-terminal modification 'DiMIQ' (only free amine or ACT acetylation supported)
7892,b2_excluded_unsupported_terminus,terminus_based,unsupported C-terminal modification 'C3H7-NH2' (only free acid or AMD amidation supported)
7888,b3_excluded_residue_no_smiles,residue_based,position 19 ('Arg(NO2)'): unknown residue code 'Arg(NO2)': no match in p2smi database (checked Code='ARG(NO2)')
7901,b3_excluded_residue_no_smiles,residue_based,position 19 ('AGP'): unknown residue code 'AGP': no match in p2smi database (checked Code='AGP')
7887,b3_excluded_residue_no_smiles,residue_based,position 19 ('AGP'): unknown residue code 'AGP': no match in p2smi database (checked Code='AGP')
7904,b3_excluded_residue_no_smiles,residue_based,position 15 ('AGP'): unknown residue code 'AGP': no match in p2smi database (checked Code='AGP')
7889,b3_excluded_residue_no_smiles,residue_based,position 19 ('Me-ARG'): unknown residue code 'Me-ARG': no match in p2smi database (checked Code='ME-ARG')
7906,b3_excluded_residue_no_smiles,residue_based,position 15 ('AGP'): unknown residue code 'AGP': no match in p2smi database (checked Code='AGP'); position 19 ('AGP'): unknown residue code 'AGP': no match in p2smi database (checked Code='AGP')
7911,b2_excluded_unsupported_terminus,terminus_based,unsupported C-terminal modification 'C3H7-NH2' (only free acid or AMD amidation supported)
7908,b3_excluded_residue_no_smiles,residue_based,position 19 ('AGP'): unknown residue code 'AGP': no match in p2smi database (checked Code='AGP')
7916,b2_excluded_unsupported_terminus,terminus_based,unsupported N-terminal modification 'C9B' (only free amine or ACT acetylation supported)
7917,b2_excluded_unsupported_terminus,terminus_based,unsupported N-terminal modification 'C11' (only free amine or ACT acetylation supported)
7971,b2_excluded_unsupported_terminus,terminus_based,unsupported N-terminal modification 'C11' (only free amine or ACT acetylation supported)
7953,b2_excluded_unsupported_terminus,terminus_based,unsupported N-terminal modification 'F7' (only free amine or ACT acetylation supported)
7957,b2_excluded_unsupported_terminus,terminus_based,unsupported N-terminal modification 'F9' (only free amine or ACT acetylation supported)
7970,b2_excluded_unsupported_terminus,terminus_based,unsupported N-terminal modification 'C9B' (only free amine or ACT acetylation supported)
7946,b2_excluded_unsupported_terminus,terminus_based,unsupported N-terminal modification 'C20' (only free amine or ACT acetylation supported)
7966,b2_excluded_unsupported_terminus,terminus_based,unsupported N-terminal modification 'F9B' (only free amine or ACT acetylation supported)
7967,b2_excluded_unsupported_terminus,terminus_based,unsupported N-terminal modification 'F11' (only free amine or ACT acetylation supported)
7990,b2_excluded_unsupported_terminus,terminus_based,unsupported N-terminal modification 'F7' (only free amine or ACT acetylation supported)
8011,b2_excluded_unsupported_terminus,terminus_based,unsupported C-terminal modification 'LEUol' (only free acid or AMD amidation supported)
8005,b2_excluded_unsupported_terminus,terminus_based,unsupported C-terminal modification 'PHEol' (only free acid or AMD amidation supported)
8007,b2_excluded_unsupported_terminus,terminus_based,unsupported C-terminal modification 'PHEol' (only free acid or AMD amidation supported)
8008,b2_excluded_unsupported_terminus,terminus_based,unsupported C-terminal modification 'PHEol' (only free acid or AMD amidation supported)
8013,b2_excluded_unsupported_terminus,terminus_based,unsupported C-terminal modification 'PHEol' (only free acid or AMD amidation supported)
7948,b2_excluded_unsupported_terminus,terminus_based,unsupported N-terminal modification '16-OH-C16' (only free amine or ACT acetylation supported)
8012,b2_excluded_unsupported_terminus,terminus_based,unsupported C-terminal modification 'LEUol' (only free acid or AMD amidation supported)
7855,b3_excluded_residue_no_smiles,residue_based,position 1 ('D-Me-Phe'): unknown residue code 'D-Me-Phe': no match in p2smi database (checked Code='ME-PHE'); position 5 ('D-Allo-ILE'): unknown residue code 'D-Allo-ILE': no match in p2smi database (checked Code='ALLO-ILE'); position 10 ('Allo-End'): unknown residue code 'Allo-End': no match in p2smi database (checked Code='ALLO-END')
8015,b2_excluded_unsupported_terminus,terminus_based,unsupported C-terminal modification 'PHEol' (only free acid or AMD amidation supported)
7991,b2_excluded_unsupported_terminus,terminus_based,unsupported N-terminal modification 'F9' (only free amine or ACT acetylation supported)
8006,b2_excluded_unsupported_terminus,terminus_based,unsupported C-terminal modification 'PHEol' (only free acid or AMD amidation supported)
7978,b1_excluded_non_monomer,out_of_scope,"non-monomer complexity (dimer/multi-peptide) -- not a single-chain SMILES peptide, out of scope for this dataset"
7974,b2_excluded_unsupported_terminus,terminus_based,unsupported N-terminal modification 'C20' (only free amine or ACT acetylation supported)
7982,b1_excluded_non_monomer,out_of_scope,"non-monomer complexity (dimer/multi-peptide) -- not a single-chain SMILES peptide, out of scope for this dataset"
7992,b2_excluded_unsupported_terminus,terminus_based,unsupported N-terminal modification 'F9B' (only free amine or ACT acetylation supported)
7988,b2_excluded_unsupported_terminus,terminus_based,unsupported N-terminal modification '16-OH-C16' (only free amine or ACT acetylation supported)
7980,b1_excluded_non_monomer,out_of_scope,"non-monomer complexity (dimer/multi-peptide) -- not a single-chain SMILES peptide, out of scope for this dataset"
8009,b2_excluded_unsupported_terminus,terminus_based,unsupported C-terminal modification 'PHEol' (only free acid or AMD amidation supported)
8014,b2_excluded_unsupported_terminus,terminus_based,unsupported C-terminal modification 'PHEol' (only free acid or AMD amidation supported)
7993,b2_excluded_unsupported_terminus,terminus_based,unsupported N-terminal modification 'F11' (only free amine or ACT acetylation supported)
8025,b2_excluded_unsupported_terminus,terminus_based,unsupported C-terminal modification 'TRPol' (only free acid or AMD amidation supported)
7984,b1_excluded_non_monomer,out_of_scope,"non-monomer complexity (dimer/multi-peptide) -- not a single-chain SMILES peptide, out of scope for this dataset"
7986,b1_excluded_non_monomer,out_of_scope,"non-monomer complexity (dimer/multi-peptide) -- not a single-chain SMILES peptide, out of scope for this dataset"
8023,b2_excluded_unsupported_terminus,terminus_based,unsupported C-terminal modification 'PHEol' (only free acid or AMD amidation supported)
8024,b2_excluded_unsupported_terminus,terminus_based,unsupported C-terminal modification 'TRPol' (only free acid or AMD amidation supported)
8028,b2_excluded_unsupported_terminus,terminus_based,unsupported C-terminal modification 'PHEol' (only free acid or AMD amidation supported)
8027,b2_excluded_unsupported_terminus,terminus_based,unsupported C-terminal modification 'PHEol' (only free acid or AMD amidation supported)
8026,b2_excluded_unsupported_terminus,terminus_based,unsupported C-terminal modification 'TRPol' (only free acid or AMD amidation supported)
7976,b1_excluded_non_monomer,out_of_scope,"non-monomer complexity (dimer/multi-peptide) -- not a single-chain SMILES peptide, out of scope for this dataset"
8000,b1_excluded_non_monomer,out_of_scope,"non-monomer complexity (dimer/multi-peptide) -- not a single-chain SMILES peptide, out of scope for this dataset"
8054,b3_excluded_residue_no_smiles,residue_based,position 1 ('D-PYA'): unknown residue code 'D-PYA': no match in p2smi database (checked Code='PYA')
8053,b3_excluded_residue_no_smiles,residue_based,position 1 ('D-PYA'): unknown residue code 'D-PYA': no match in p2smi database (checked Code='PYA')
7997,b1_excluded_non_monomer,out_of_scope,"non-monomer complexity (dimer/multi-peptide) -- not a single-chain SMILES peptide, out of scope for this dataset"
8060,b1_excluded_non_monomer,out_of_scope,"non-monomer complexity (dimer/multi-peptide) -- not a single-chain SMILES peptide, out of scope for this dataset"
8037,b2_excluded_unsupported_terminus,terminus_based,unsupported C-terminal modification 'PHEol' (only free acid or AMD amidation supported)
8213,b3_excluded_residue_no_smiles,residue_based,position 9 ('NLys'): unknown residue code 'NLys': no match in p2smi database (checked Code='NLYS')
8210,b1_excluded_non_monomer,out_of_scope,"non-monomer complexity (dimer/multi-peptide) -- not a single-chain SMILES peptide, out of scope for this dataset"
8284,b3_excluded_residue_no_smiles,residue_based,position 19 ('AzAla'): unknown residue code 'AzAla': no match in p2smi database (checked Code='AZALA')
8257,b1_excluded_non_monomer,out_of_scope,"non-monomer complexity (dimer/multi-peptide) -- not a single-chain SMILES peptide, out of scope for this dataset"
8246,b1_excluded_non_monomer,out_of_scope,"non-monomer complexity (dimer/multi-peptide) -- not a single-chain SMILES peptide, out of scope for this dataset"
8254,b1_excluded_non_monomer,out_of_scope,"non-monomer complexity (dimer/multi-peptide) -- not a single-chain SMILES peptide, out of scope for this dataset"
8251,b1_excluded_non_monomer,out_of_scope,"non-monomer complexity (dimer/multi-peptide) -- not a single-chain SMILES peptide, out of scope for this dataset"
8262,b1_excluded_non_monomer,out_of_scope,"non-monomer complexity (dimer/multi-peptide) -- not a single-chain SMILES peptide, out of scope for this dataset"
8258,b1_excluded_non_monomer,out_of_scope,"non-monomer complexity (dimer/multi-peptide) -- not a single-chain SMILES peptide, out of scope for this dataset"
8247,b1_excluded_non_monomer,out_of_scope,"non-monomer complexity (dimer/multi-peptide) -- not a single-chain SMILES peptide, out of scope for this dataset"
8264,b1_excluded_non_monomer,out_of_scope,"non-monomer complexity (dimer/multi-peptide) -- not a single-chain SMILES peptide, out of scope for this dataset"
8265,b1_excluded_non_monomer,out_of_scope,"non-monomer complexity (dimer/multi-peptide) -- not a single-chain SMILES peptide, out of scope for this dataset"
8276,b1_excluded_non_monomer,out_of_scope,"non-monomer complexity (dimer/multi-peptide) -- not a single-chain SMILES peptide, out of scope for this dataset"
8277,b1_excluded_non_monomer,out_of_scope,"non-monomer complexity (dimer/multi-peptide) -- not a single-chain SMILES peptide, out of scope for this dataset"
8318,b1_excluded_non_monomer,out_of_scope,"non-monomer complexity (dimer/multi-peptide) -- not a single-chain SMILES peptide, out of scope for this dataset"
8355,b2_excluded_unsupported_terminus,terminus_based,"unsupported N-terminal modification '2,2-Me-C4' (only free amine or ACT acetylation supported)"
8309,b1_excluded_non_monomer,out_of_scope,"non-monomer complexity (dimer/multi-peptide) -- not a single-chain SMILES peptide, out of scope for this dataset"
8356,b2_excluded_unsupported_terminus,terminus_based,"unsupported N-terminal modification '2,2-Me-C4' (only free amine or ACT acetylation supported)"
8315,b1_excluded_non_monomer,out_of_scope,"non-monomer complexity (dimer/multi-peptide) -- not a single-chain SMILES peptide, out of scope for this dataset"
8312,b1_excluded_non_monomer,out_of_scope,"non-monomer complexity (dimer/multi-peptide) -- not a single-chain SMILES peptide, out of scope for this dataset"
8324,b1_excluded_non_monomer,out_of_scope,"non-monomer complexity (dimer/multi-peptide) -- not a single-chain SMILES peptide, out of scope for this dataset"
8327,b1_excluded_non_monomer,out_of_scope,"non-monomer complexity (dimer/multi-peptide) -- not a single-chain SMILES peptide, out of scope for this dataset"
8321,b1_excluded_non_monomer,out_of_scope,"non-monomer complexity (dimer/multi-peptide) -- not a single-chain SMILES peptide, out of scope for this dataset"
8330,b1_excluded_non_monomer,out_of_scope,"non-monomer complexity (dimer/multi-peptide) -- not a single-chain SMILES peptide, out of scope for this dataset"
8372,b1_excluded_non_monomer,out_of_scope,"non-monomer complexity (dimer/multi-peptide) -- not a single-chain SMILES peptide, out of scope for this dataset"
8507,b2_excluded_unsupported_terminus,terminus_based,unsupported C-terminal modification 'BY' (only free acid or AMD amidation supported)
8511,b2_excluded_unsupported_terminus,terminus_based,unsupported C-terminal modification 'BY' (only free acid or AMD amidation supported)
8509,b2_excluded_unsupported_terminus,terminus_based,unsupported C-terminal modification 'BY' (only free acid or AMD amidation supported)
8514,b2_excluded_unsupported_terminus,terminus_based,unsupported C-terminal modification 'BY' (only free acid or AMD amidation supported)
8525,b3_excluded_residue_no_smiles,residue_based,position 2 ('ADMArg'): unknown residue code 'ADMArg': no match in p2smi database (checked Code='ADMARG')
8523,b3_excluded_residue_no_smiles,residue_based,position 1 ('ADMArg'): unknown residue code 'ADMArg': no match in p2smi database (checked Code='ADMARG'); position 2 ('ADMArg'): unknown residue code 'ADMArg': no match in p2smi database (checked Code='ADMARG')
8524,b3_excluded_residue_no_smiles,residue_based,position 1 ('ADMArg'): unknown residue code 'ADMArg': no match in p2smi database (checked Code='ADMARG')
8526,b3_excluded_residue_no_smiles,residue_based,position 1 ('Arg(NO2)'): unknown residue code 'Arg(NO2)': no match in p2smi database (checked Code='ARG(NO2)')
8527,b3_excluded_residue_no_smiles,residue_based,position 1 ('NArg'): unknown residue code 'NArg': no match in p2smi database (checked Code='NARG'); position 2 ('NArg'): unknown residue code 'NArg': no match in p2smi database (checked Code='NARG')
8545,b3_excluded_residue_no_smiles,residue_based,position 1 ('Ac6c'): unknown residue code 'Ac6c': no match in p2smi database (checked Code='AC6C'); position 19 ('Me-ARG'): unknown residue code 'Me-ARG': no match in p2smi database (checked Code='ME-ARG')
8549,b3_excluded_residue_no_smiles,residue_based,position 1 ('Piz'): unknown residue code 'Piz': no match in p2smi database (checked Code='PIZ'); position 19 ('Me-ARG'): unknown residue code 'Me-ARG': no match in p2smi database (checked Code='ME-ARG')
8542,b3_excluded_residue_no_smiles,residue_based,position 1 ('Ac6c'): unknown residue code 'Ac6c': no match in p2smi database (checked Code='AC6C'); position 20 ('DAP(Ac)'): unknown residue code 'DAP(Ac)': no match in p2smi database (checked Code='DAP(AC)')
8546,b3_excluded_residue_no_smiles,residue_based,position 1 ('Ac6c'): unknown residue code 'Ac6c': no match in p2smi database (checked Code='AC6C'); position 19 ('Me-ARG'): unknown residue code 'Me-ARG': no match in p2smi database (checked Code='ME-ARG')
8548,b3_excluded_residue_no_smiles,residue_based,position 1 ('Piz'): unknown residue code 'Piz': no match in p2smi database (checked Code='PIZ'); position 19 ('Me-ARG'): unknown residue code 'Me-ARG': no match in p2smi database (checked Code='ME-ARG')
8520,b1_excluded_non_monomer,out_of_scope,"non-monomer complexity (dimer/multi-peptide) -- not a single-chain SMILES peptide, out of scope for this dataset"
8531,b1_excluded_non_monomer,out_of_scope,"non-monomer complexity (dimer/multi-peptide) -- not a single-chain SMILES peptide, out of scope for this dataset"
8534,b1_excluded_non_monomer,out_of_scope,"non-monomer complexity (dimer/multi-peptide) -- not a single-chain SMILES peptide, out of scope for this dataset"
8537,b1_excluded_non_monomer,out_of_scope,"non-monomer complexity (dimer/multi-peptide) -- not a single-chain SMILES peptide, out of scope for this dataset"
8540,b1_excluded_non_monomer,out_of_scope,"non-monomer complexity (dimer/multi-peptide) -- not a single-chain SMILES peptide, out of scope for this dataset"
8571,b2_excluded_unsupported_terminus,terminus_based,unsupported N-terminal modification 'C8' (only free amine or ACT acetylation supported)
8570,b2_excluded_unsupported_terminus,terminus_based,unsupported N-terminal modification 'C8' (only free amine or ACT acetylation supported)
8575,b2_excluded_unsupported_terminus,terminus_based,unsupported N-terminal modification 'C8' (only free amine or ACT acetylation supported)
8578,b2_excluded_unsupported_terminus,terminus_based,unsupported N-terminal modification 'C8' (only free amine or ACT acetylation supported)
8574,b2_excluded_unsupported_terminus,terminus_based,unsupported N-terminal modification 'C8' (only free amine or ACT acetylation supported)
8576,b2_excluded_unsupported_terminus,terminus_based,unsupported N-terminal modification 'C8' (only free amine or ACT acetylation supported)
8573,b2_excluded_unsupported_terminus,terminus_based,unsupported N-terminal modification 'C8' (only free amine or ACT acetylation supported)
8577,b2_excluded_unsupported_terminus,terminus_based,unsupported N-terminal modification 'C8' (only free amine or ACT acetylation supported)
8572,b2_excluded_unsupported_terminus,terminus_based,unsupported N-terminal modification 'C8' (only free amine or ACT acetylation supported)
8547,b1_excluded_non_monomer,out_of_scope,"non-monomer complexity (dimer/multi-peptide) -- not a single-chain SMILES peptide, out of scope for this dataset"
8550,b1_excluded_non_monomer,out_of_scope,"non-monomer complexity (dimer/multi-peptide) -- not a single-chain SMILES peptide, out of scope for this dataset"
8582,b2_excluded_unsupported_terminus,terminus_based,unsupported N-terminal modification 'C8' (only free amine or ACT acetylation supported)
8583,b2_excluded_unsupported_terminus,terminus_based,unsupported N-terminal modification 'C8' (only free amine or ACT acetylation supported)
8581,b2_excluded_unsupported_terminus,terminus_based,unsupported N-terminal modification 'C8' (only free amine or ACT acetylation supported)
8580,b2_excluded_unsupported_terminus,terminus_based,unsupported N-terminal modification 'C8' (only free amine or ACT acetylation supported)
8544,b1_excluded_non_monomer,out_of_scope,"non-monomer complexity (dimer/multi-peptide) -- not a single-chain SMILES peptide, out of scope for this dataset"
8557,b1_excluded_non_monomer,out_of_scope,"non-monomer complexity (dimer/multi-peptide) -- not a single-chain SMILES peptide, out of scope for this dataset"
8563,b1_excluded_non_monomer,out_of_scope,"non-monomer complexity (dimer/multi-peptide) -- not a single-chain SMILES peptide, out of scope for this dataset"
8560,b1_excluded_non_monomer,out_of_scope,"non-monomer complexity (dimer/multi-peptide) -- not a single-chain SMILES peptide, out of scope for this dataset"
8566,b1_excluded_non_monomer,out_of_scope,"non-monomer complexity (dimer/multi-peptide) -- not a single-chain SMILES peptide, out of scope for this dataset"
8569,b1_excluded_non_monomer,out_of_scope,"non-monomer complexity (dimer/multi-peptide) -- not a single-chain SMILES peptide, out of scope for this dataset"
8622,b3_excluded_residue_no_smiles,residue_based,position 2 ('Me-Ser'): unknown residue code 'Me-Ser': no match in p2smi database (checked Code='ME-SER')
8554,b1_excluded_non_monomer,out_of_scope,"non-monomer complexity (dimer/multi-peptide) -- not a single-chain SMILES peptide, out of scope for this dataset"
8640,b3_excluded_residue_no_smiles,residue_based,position 6 ('2-NAL'): unknown residue code '2-NAL': no match in p2smi database (checked Code='2-NAL')
8638,b3_excluded_residue_no_smiles,residue_based,position 6 ('2-NAL'): unknown residue code '2-NAL': no match in p2smi database (checked Code='2-NAL')
8639,b3_excluded_residue_no_smiles,residue_based,position 6 ('2-NAL'): unknown residue code '2-NAL': no match in p2smi database (checked Code='2-NAL')
8663,b1_excluded_non_monomer,out_of_scope,"non-monomer complexity (dimer/multi-peptide) -- not a single-chain SMILES peptide, out of scope for this dataset"
8710,b3_excluded_residue_no_smiles,residue_based,position 8 ('6-F-TRP'): unknown residue code '6-F-TRP': no match in p2smi database (checked Code='6-F-TRP'); position 9 ('6-F-TRP'): unknown residue code '6-F-TRP': no match in p2smi database (checked Code='6-F-TRP'); position 10 ('6-F-TRP'): unknown residue code '6-F-TRP': no match in p2smi database (checked Code='6-F-TRP')
8711,b3_excluded_residue_no_smiles,residue_based,position 9 ('6-F-TRP'): unknown residue code '6-F-TRP': no match in p2smi database (checked Code='6-F-TRP'); position 10 ('6-F-TRP'): unknown residue code '6-F-TRP': no match in p2smi database (checked Code='6-F-TRP')
8712,b3_excluded_residue_no_smiles,residue_based,position 8 ('6-F-TRP'): unknown residue code '6-F-TRP': no match in p2smi database (checked Code='6-F-TRP'); position 10 ('6-F-TRP'): unknown residue code '6-F-TRP': no match in p2smi database (checked Code='6-F-TRP')
8659,b1_excluded_non_monomer,out_of_scope,"non-monomer complexity (dimer/multi-peptide) -- not a single-chain SMILES peptide, out of scope for this dataset"
8661,b1_excluded_non_monomer,out_of_scope,"non-monomer complexity (dimer/multi-peptide) -- not a single-chain SMILES peptide, out of scope for this dataset"
8713,b3_excluded_residue_no_smiles,residue_based,position 8 ('6-F-TRP'): unknown residue code '6-F-TRP': no match in p2smi database (checked Code='6-F-TRP'); position 9 ('6-F-TRP'): unknown residue code '6-F-TRP': no match in p2smi database (checked Code='6-F-TRP')
8669,b1_excluded_non_monomer,out_of_scope,"non-monomer complexity (dimer/multi-peptide) -- not a single-chain SMILES peptide, out of scope for this dataset"
8673,b1_excluded_non_monomer,out_of_scope,"non-monomer complexity (dimer/multi-peptide) -- not a single-chain SMILES peptide, out of scope for this dataset"
8716,b2_excluded_unsupported_terminus,terminus_based,unsupported N-terminal modification '4-Me-C6' (only free amine or ACT acetylation supported)
8667,b1_excluded_non_monomer,out_of_scope,"non-monomer complexity (dimer/multi-peptide) -- not a single-chain SMILES peptide, out of scope for this dataset"
8717,b2_excluded_unsupported_terminus,terminus_based,unsupported N-terminal modification 'C14' (only free amine or ACT acetylation supported)
8665,b1_excluded_non_monomer,out_of_scope,"non-monomer complexity (dimer/multi-peptide) -- not a single-chain SMILES peptide, out of scope for this dataset"
8685,b1_excluded_non_monomer,out_of_scope,"non-monomer complexity (dimer/multi-peptide) -- not a single-chain SMILES peptide, out of scope for this dataset"
8671,b1_excluded_non_monomer,out_of_scope,"non-monomer complexity (dimer/multi-peptide) -- not a single-chain SMILES peptide, out of scope for this dataset"
8690,b1_excluded_non_monomer,out_of_scope,"non-monomer complexity (dimer/multi-peptide) -- not a single-chain SMILES peptide, out of scope for this dataset"
8684,b1_excluded_non_monomer,out_of_scope,"non-monomer complexity (dimer/multi-peptide) -- not a single-chain SMILES peptide, out of scope for this dataset"
8688,b1_excluded_non_monomer,out_of_scope,"non-monomer complexity (dimer/multi-peptide) -- not a single-chain SMILES peptide, out of scope for this dataset"
8735,b2_excluded_unsupported_terminus,terminus_based,unsupported N-terminal modification 'GER' (only free amine or ACT acetylation supported)
8700,b1_excluded_non_monomer,out_of_scope,"non-monomer complexity (dimer/multi-peptide) -- not a single-chain SMILES peptide, out of scope for this dataset"
8731,b2_excluded_unsupported_terminus,terminus_based,unsupported N-terminal modification 'C14' (only free amine or ACT acetylation supported)
8730,b2_excluded_unsupported_terminus,terminus_based,unsupported N-terminal modification 'GER' (only free amine or ACT acetylation supported)
8748,b3_excluded_residue_no_smiles,residue_based,position 3 ('Ph-TRP'): unknown residue code 'Ph-TRP': no match in p2smi database (checked Code='PH-TRP')
8657,b1_excluded_non_monomer,out_of_scope,"non-monomer complexity (dimer/multi-peptide) -- not a single-chain SMILES peptide, out of scope for this dataset"
8696,b1_excluded_non_monomer,out_of_scope,"non-monomer complexity (dimer/multi-peptide) -- not a single-chain SMILES peptide, out of scope for this dataset"
8750,b3_excluded_residue_no_smiles,residue_based,position 6 ('Ph-TRP'): unknown residue code 'Ph-TRP': no match in p2smi database (checked Code='PH-TRP')
8749,b3_excluded_residue_no_smiles,residue_based,position 5 ('Ph-TRP'): unknown residue code 'Ph-TRP': no match in p2smi database (checked Code='PH-TRP')
8745,b2_excluded_unsupported_terminus,terminus_based,unsupported N-terminal modification '3-OH-6-Me-C8' (only free amine or ACT acetylation supported)
8692,b1_excluded_non_monomer,out_of_scope,"non-monomer complexity (dimer/multi-peptide) -- not a single-chain SMILES peptide, out of scope for this dataset"
8698,b1_excluded_non_monomer,out_of_scope,"non-monomer complexity (dimer/multi-peptide) -- not a single-chain SMILES peptide, out of scope for this dataset"
8694,b1_excluded_non_monomer,out_of_scope,"non-monomer complexity (dimer/multi-peptide) -- not a single-chain SMILES peptide, out of scope for this dataset"
8732,b2_excluded_unsupported_terminus,terminus_based,unsupported N-terminal modification '3-OH-6-Me-C8' (only free amine or ACT acetylation supported)
8879,b3_excluded_residue_no_smiles,residue_based,position 1 ('5-Br-TRP'): unknown residue code '5-Br-TRP': no match in p2smi database (checked Code='5-BR-TRP')
8844,b1_excluded_non_monomer,out_of_scope,"non-monomer complexity (dimer/multi-peptide) -- not a single-chain SMILES peptide, out of scope for this dataset"
8846,b1_excluded_non_monomer,out_of_scope,"non-monomer complexity (dimer/multi-peptide) -- not a single-chain SMILES peptide, out of scope for this dataset"
8845,b1_excluded_non_monomer,out_of_scope,"non-monomer complexity (dimer/multi-peptide) -- not a single-chain SMILES peptide, out of scope for this dataset"
8877,b1_excluded_non_monomer,out_of_scope,"non-monomer complexity (dimer/multi-peptide) -- not a single-chain SMILES peptide, out of scope for this dataset"
9011,b3_excluded_residue_no_smiles,residue_based,position 8 ('NLys'): unknown residue code 'NLys': no match in p2smi database (checked Code='NLYS')
9060,b3_excluded_residue_no_smiles,residue_based,position 5 ('LYS-Me-C5'): unknown residue code 'LYS-Me-C5': no match in p2smi database (checked Code='LYS-ME-C5')
9071,b3_excluded_residue_no_smiles,residue_based,position 1 ('LYS-C6'): unknown residue code 'LYS-C6': no match in p2smi database (checked Code='LYS-C6')
9076,b3_excluded_residue_no_smiles,residue_based,position 5 ('LYS-C6'): unknown residue code 'LYS-C6': no match in p2smi database (checked Code='LYS-C6')
9062,b3_excluded_residue_no_smiles,residue_based,position 7 ('LYS-C6'): unknown residue code 'LYS-C6': no match in p2smi database (checked Code='LYS-C6')
9063,b3_excluded_residue_no_smiles,residue_based,position 5 ('LYS-Me-C6'): unknown residue code 'LYS-Me-C6': no match in p2smi database (checked Code='LYS-ME-C6')
9061,b3_excluded_residue_no_smiles,residue_based,position 5 ('LYS-C6'): unknown residue code 'LYS-C6': no match in p2smi database (checked Code='LYS-C6')
9074,b3_excluded_residue_no_smiles,residue_based,position 5 ('LYS-C4'): unknown residue code 'LYS-C4': no match in p2smi database (checked Code='LYS-C4')
9067,b3_excluded_residue_no_smiles,residue_based,position 7 ('LYS-C6'): unknown residue code 'LYS-C6': no match in p2smi database (checked Code='LYS-C6')
9075,b3_excluded_residue_no_smiles,residue_based,position 7 ('LYS-C4'): unknown residue code 'LYS-C4': no match in p2smi database (checked Code='LYS-C4')
9059,b3_excluded_residue_no_smiles,residue_based,position 5 ('LYS-C5'): unknown residue code 'LYS-C5': no match in p2smi database (checked Code='LYS-C5')
9070,b3_excluded_residue_no_smiles,residue_based,position 2 ('LYS-C4'): unknown residue code 'LYS-C4': no match in p2smi database (checked Code='LYS-C4')
9077,b3_excluded_residue_no_smiles,residue_based,position 5 ('LYS-Me-C5'): unknown residue code 'LYS-Me-C5': no match in p2smi database (checked Code='LYS-ME-C5')
9066,b3_excluded_residue_no_smiles,residue_based,position 8 ('LYS-C6'): unknown residue code 'LYS-C6': no match in p2smi database (checked Code='LYS-C6')
9064,b3_excluded_residue_no_smiles,residue_based,position 5 ('LYS-Me-C8'): unknown residue code 'LYS-Me-C8': no match in p2smi database (checked Code='LYS-ME-C8')
9072,b3_excluded_residue_no_smiles,residue_based,position 1 ('LYS-C4'): unknown residue code 'LYS-C4': no match in p2smi database (checked Code='LYS-C4')
9068,b3_excluded_residue_no_smiles,residue_based,position 4 ('LYS-C6'): unknown residue code 'LYS-C6': no match in p2smi database (checked Code='LYS-C6')
9083,b3_excluded_residue_no_smiles,residue_based,position 1 ('LYS-C6'): unknown residue code 'LYS-C6': no match in p2smi database (checked Code='LYS-C6')
9065,b3_excluded_residue_no_smiles,residue_based,position 5 ('LYS-C18'): unknown residue code 'LYS-C18': no match in p2smi database (checked Code='LYS-C18')
9078,b3_excluded_residue_no_smiles,residue_based,position 7 ('LYS-C6'): unknown residue code 'LYS-C6': no match in p2smi database (checked Code='LYS-C6')
9069,b3_excluded_residue_no_smiles,residue_based,position 2 ('LYS-C6'): unknown residue code 'LYS-C6': no match in p2smi database (checked Code='LYS-C6')
9080,b3_excluded_residue_no_smiles,residue_based,position 2 ('LYS-C4'): unknown residue code 'LYS-C4': no match in p2smi database (checked Code='LYS-C4')
9081,b3_excluded_residue_no_smiles,residue_based,position 2 ('LYS-C6'): unknown residue code 'LYS-C6': no match in p2smi database (checked Code='LYS-C6')
9093,b3_excluded_residue_no_smiles,residue_based,position 1 ('LYS-C4'): unknown residue code 'LYS-C4': no match in p2smi database (checked Code='LYS-C4')
9082,b3_excluded_residue_no_smiles,residue_based,position 1 ('LYS-C4'): unknown residue code 'LYS-C4': no match in p2smi database (checked Code='LYS-C4')
9088,b3_excluded_residue_no_smiles,residue_based,position 7 ('LYS-C6'): unknown residue code 'LYS-C6': no match in p2smi database (checked Code='LYS-C6')
9085,b3_excluded_residue_no_smiles,residue_based,position 7 ('LYS-C4'): unknown residue code 'LYS-C4': no match in p2smi database (checked Code='LYS-C4')
9087,b3_excluded_residue_no_smiles,residue_based,position 5 ('LYS-Me-C6'): unknown residue code 'LYS-Me-C6': no match in p2smi database (checked Code='LYS-ME-C6')
9086,b3_excluded_residue_no_smiles,residue_based,position 5 ('LYS-C6'): unknown residue code 'LYS-C6': no match in p2smi database (checked Code='LYS-C6')
9095,b3_excluded_residue_no_smiles,residue_based,position 7 ('LYS-C4'): unknown residue code 'LYS-C4': no match in p2smi database (checked Code='LYS-C4')
9092,b3_excluded_residue_no_smiles,residue_based,position 1 ('LYS-C6'): unknown residue code 'LYS-C6': no match in p2smi database (checked Code='LYS-C6')
9084,b3_excluded_residue_no_smiles,residue_based,position 5 ('LYS-C4'): unknown residue code 'LYS-C4': no match in p2smi database (checked Code='LYS-C4')
9096,b3_excluded_residue_no_smiles,residue_based,position 5 ('D-LYS-C6'): unknown residue code 'D-LYS-C6': no match in p2smi database (checked Code='LYS-C6')
9094,b3_excluded_residue_no_smiles,residue_based,position 5 ('D-LYS-C4'): unknown residue code 'D-LYS-C4': no match in p2smi database (checked Code='LYS-C4')
9090,b3_excluded_residue_no_smiles,residue_based,position 2 ('LYS-C6'): unknown residue code 'LYS-C6': no match in p2smi database (checked Code='LYS-C6')
9091,b3_excluded_residue_no_smiles,residue_based,position 2 ('LYS-C4'): unknown residue code 'LYS-C4': no match in p2smi database (checked Code='LYS-C4')
9100,b3_excluded_residue_no_smiles,residue_based,position 2 ('D-LYS-C6'): unknown residue code 'D-LYS-C6': no match in p2smi database (checked Code='LYS-C6')
9102,b3_excluded_residue_no_smiles,residue_based,position 2 ('D-LYS-C4'): unknown residue code 'D-LYS-C4': no match in p2smi database (checked Code='LYS-C4')
9098,b3_excluded_residue_no_smiles,residue_based,position 7 ('LYS-C6'): unknown residue code 'LYS-C6': no match in p2smi database (checked Code='LYS-C6')
9097,b3_excluded_residue_no_smiles,residue_based,position 5 ('D-LYS-Me-C5'): unknown residue code 'D-LYS-Me-C5': no match in p2smi database (checked Code='LYS-ME-C5')
9107,b3_excluded_residue_no_smiles,residue_based,position 5 ('D-LYS-Me-C5'): unknown residue code 'D-LYS-Me-C5': no match in p2smi database (checked Code='LYS-ME-C5')
9106,b3_excluded_residue_no_smiles,residue_based,position 5 ('D-LYS-C6'): unknown residue code 'D-LYS-C6': no match in p2smi database (checked Code='LYS-C6')
9103,b3_excluded_residue_no_smiles,residue_based,position 1 ('D-LYS-C6'): unknown residue code 'D-LYS-C6': no match in p2smi database (checked Code='LYS-C6')
9105,b3_excluded_residue_no_smiles,residue_based,position 1 ('D-LYS-C4'): unknown residue code 'D-LYS-C4': no match in p2smi database (checked Code='LYS-C4')
9160,b3_excluded_residue_no_smiles,residue_based,position 6 ('HTrp'): unknown residue code 'HTrp': no match in p2smi database (checked Code='HTRP'); position 8 ('HTrp'): unknown residue code 'HTrp': no match in p2smi database (checked Code='HTRP')
9178,b1_excluded_non_monomer,out_of_scope,"non-monomer complexity (dimer/multi-peptide) -- not a single-chain SMILES peptide, out of scope for this dataset"
9197,b1_excluded_non_monomer,out_of_scope,"non-monomer complexity (dimer/multi-peptide) -- not a single-chain SMILES peptide, out of scope for this dataset"
9199,b1_excluded_non_monomer,out_of_scope,"non-monomer complexity (dimer/multi-peptide) -- not a single-chain SMILES peptide, out of scope for this dataset"
9202,b1_excluded_non_monomer,out_of_scope,"non-monomer complexity (dimer/multi-peptide) -- not a single-chain SMILES peptide, out of scope for this dataset"
9201,b1_excluded_non_monomer,out_of_scope,"non-monomer complexity (dimer/multi-peptide) -- not a single-chain SMILES peptide, out of scope for this dataset"
9195,b1_excluded_non_monomer,out_of_scope,"non-monomer complexity (dimer/multi-peptide) -- not a single-chain SMILES peptide, out of scope for this dataset"
9269,b2_excluded_unsupported_terminus,terminus_based,unsupported N-terminal modification 'C15' (only free amine or ACT acetylation supported)
9266,b2_excluded_unsupported_terminus,terminus_based,unsupported N-terminal modification 'C11' (only free amine or ACT acetylation supported)
9275,b2_excluded_unsupported_terminus,terminus_based,unsupported N-terminal modification 'C15' (only free amine or ACT acetylation supported)
9272,b2_excluded_unsupported_terminus,terminus_based,unsupported N-terminal modification 'C11' (only free amine or ACT acetylation supported)
9181,b1_excluded_non_monomer,out_of_scope,"non-monomer complexity (dimer/multi-peptide) -- not a single-chain SMILES peptide, out of scope for this dataset"
9250,b1_excluded_non_monomer,out_of_scope,"non-monomer complexity (dimer/multi-peptide) -- not a single-chain SMILES peptide, out of scope for this dataset"
9248,b1_excluded_non_monomer,out_of_scope,"non-monomer complexity (dimer/multi-peptide) -- not a single-chain SMILES peptide, out of scope for this dataset"
9184,b1_excluded_non_monomer,out_of_scope,"non-monomer complexity (dimer/multi-peptide) -- not a single-chain SMILES peptide, out of scope for this dataset"
9356,b3_excluded_residue_no_smiles,residue_based,position 16 ('P-Ser'): unknown residue code 'P-Ser': no match in p2smi database (checked Code='P-SER')
9372,b2_excluded_unsupported_terminus,terminus_based,unsupported C-terminal modification 'EN' (only free acid or AMD amidation supported)
9290,b1_excluded_non_monomer,out_of_scope,"non-monomer complexity (dimer/multi-peptide) -- not a single-chain SMILES peptide, out of scope for this dataset"
9358,b3_excluded_residue_no_smiles,residue_based,position 30 ('P-Ser'): unknown residue code 'P-Ser': no match in p2smi database (checked Code='P-SER')
9377,b2_excluded_unsupported_terminus,terminus_based,unsupported N-terminal modification 'SUC' (only free amine or ACT acetylation supported)
9359,b3_excluded_residue_no_smiles,residue_based,position 35 ('P-Ser'): unknown residue code 'P-Ser': no match in p2smi database (checked Code='P-SER')
9357,b3_excluded_residue_no_smiles,residue_based,position 24 ('P-Ser'): unknown residue code 'P-Ser': no match in p2smi database (checked Code='P-SER')
9360,b3_excluded_residue_no_smiles,residue_based,position 9 ('P-Ser'): unknown residue code 'P-Ser': no match in p2smi database (checked Code='P-SER'); position 16 ('P-Ser'): unknown residue code 'P-Ser': no match in p2smi database (checked Code='P-SER'); position 24 ('P-Ser'): unknown residue code 'P-Ser': no match in p2smi database (checked Code='P-SER')
9378,b2_excluded_unsupported_terminus,terminus_based,unsupported N-terminal modification 'SUC' (only free amine or ACT acetylation supported)
9293,b1_excluded_non_monomer,out_of_scope,"non-monomer complexity (dimer/multi-peptide) -- not a single-chain SMILES peptide, out of scope for this dataset"
9375,b2_excluded_unsupported_terminus,terminus_based,unsupported C-terminal modification 'EN' (only free acid or AMD amidation supported)
9355,b3_excluded_residue_no_smiles,residue_based,position 9 ('P-Ser'): unknown residue code 'P-Ser': no match in p2smi database (checked Code='P-SER')
9324,b1_excluded_non_monomer,out_of_scope,"non-monomer complexity (dimer/multi-peptide) -- not a single-chain SMILES peptide, out of scope for this dataset"
9376,b2_excluded_unsupported_terminus,terminus_based,unsupported N-terminal modification 'SUC' (only free amine or ACT acetylation supported)
9387,b2_excluded_unsupported_terminus,terminus_based,unsupported N-terminal modification 'C8' (only free amine or ACT acetylation supported)
9389,b2_excluded_unsupported_terminus,terminus_based,unsupported N-terminal modification 'C8' (only free amine or ACT acetylation supported)
9390,b2_excluded_unsupported_terminus,terminus_based,unsupported N-terminal modification 'C8' (only free amine or ACT acetylation supported)
9388,b2_excluded_unsupported_terminus,terminus_based,unsupported N-terminal modification 'C8' (only free amine or ACT acetylation supported)
9396,b2_excluded_unsupported_terminus,terminus_based,unsupported N-terminal modification 'C8' (only free amine or ACT acetylation supported)
9395,b2_excluded_unsupported_terminus,terminus_based,unsupported N-terminal modification 'C8' (only free amine or ACT acetylation supported)
9394,b2_excluded_unsupported_terminus,terminus_based,unsupported N-terminal modification 'C8' (only free amine or ACT acetylation supported)
9391,b2_excluded_unsupported_terminus,terminus_based,unsupported N-terminal modification 'C8' (only free amine or ACT acetylation supported)
9393,b2_excluded_unsupported_terminus,terminus_based,unsupported N-terminal modification 'C8' (only free amine or ACT acetylation supported)
9312,b1_excluded_non_monomer,out_of_scope,"non-monomer complexity (dimer/multi-peptide) -- not a single-chain SMILES peptide, out of scope for this dataset"
9392,b2_excluded_unsupported_terminus,terminus_based,unsupported N-terminal modification 'C8' (only free amine or ACT acetylation supported)
9321,b1_excluded_non_monomer,out_of_scope,"non-monomer complexity (dimer/multi-peptide) -- not a single-chain SMILES peptide, out of scope for this dataset"
9315,b1_excluded_non_monomer,out_of_scope,"non-monomer complexity (dimer/multi-peptide) -- not a single-chain SMILES peptide, out of scope for this dataset"
9403,b1_excluded_non_monomer,out_of_scope,"non-monomer complexity (dimer/multi-peptide) -- not a single-chain SMILES peptide, out of scope for this dataset"
9427,b1_excluded_non_monomer,out_of_scope,"non-monomer complexity (dimer/multi-peptide) -- not a single-chain SMILES peptide, out of scope for this dataset"
9434,b1_excluded_non_monomer,out_of_scope,"non-monomer complexity (dimer/multi-peptide) -- not a single-chain SMILES peptide, out of scope for this dataset"
9413,b1_excluded_non_monomer,out_of_scope,"non-monomer complexity (dimer/multi-peptide) -- not a single-chain SMILES peptide, out of scope for this dataset"
9435,b1_excluded_non_monomer,out_of_scope,"non-monomer complexity (dimer/multi-peptide) -- not a single-chain SMILES peptide, out of scope for this dataset"
9422,b1_excluded_non_monomer,out_of_scope,"non-monomer complexity (dimer/multi-peptide) -- not a single-chain SMILES peptide, out of scope for this dataset"
9433,b1_excluded_non_monomer,out_of_scope,"non-monomer complexity (dimer/multi-peptide) -- not a single-chain SMILES peptide, out of scope for this dataset"
9432,b1_excluded_non_monomer,out_of_scope,"non-monomer complexity (dimer/multi-peptide) -- not a single-chain SMILES peptide, out of scope for this dataset"
9426,b1_excluded_non_monomer,out_of_scope,"non-monomer complexity (dimer/multi-peptide) -- not a single-chain SMILES peptide, out of scope for this dataset"
9418,b1_excluded_non_monomer,out_of_scope,"non-monomer complexity (dimer/multi-peptide) -- not a single-chain SMILES peptide, out of scope for this dataset"
9409,b1_excluded_non_monomer,out_of_scope,"non-monomer complexity (dimer/multi-peptide) -- not a single-chain SMILES peptide, out of scope for this dataset"
9613,b3_excluded_residue_no_smiles,residue_based,position 4 ('2-NAL'): unknown residue code '2-NAL': no match in p2smi database (checked Code='2-NAL')
9525,b1_excluded_non_monomer,out_of_scope,"non-monomer complexity (dimer/multi-peptide) -- not a single-chain SMILES peptide, out of scope for this dataset"
9598,b3_excluded_residue_no_smiles,residue_based,position 3 ('DHB'): unknown residue code 'DHB': no match in p2smi database (checked Code='DHB'); position 6 ('DHB'): unknown residue code 'DHB': no match in p2smi database (checked Code='DHB'); position 7 ('DHB'): unknown residue code 'DHB': no match in p2smi database (checked Code='DHB'); position 9 ('DHB'): unknown residue code 'DHB': no match in p2smi database (checked Code='DHB'); position 10 ('DHA'): unknown residue code 'DHA': no match in p2smi database (checked Code='DHA'); position 11 ('DHB'): unknown residue code 'DHB': no match in p2smi database (checked Code='DHB'); position 12 ('DHA'): unknown residue code 'DHA': no match in p2smi database (checked Code='DHA'); position 18 ('DHB'): unknown residue code 'DHB': no match in p2smi database (checked Code='DHB')
9636,b3_excluded_residue_no_smiles,residue_based,position 3 ('2-NAL'): unknown residue code '2-NAL': no match in p2smi database (checked Code='2-NAL'); position 6 ('2-NAL'): unknown residue code '2-NAL': no match in p2smi database (checked Code='2-NAL'); position 7 ('GABA'): unknown residue code 'GABA': no match in p2smi database (checked Code='GABA')
9599,b3_excluded_residue_no_smiles,residue_based,position 2 ('DHB'): unknown residue code 'DHB': no match in p2smi database (checked Code='DHB'); position 6 ('DHB'): unknown residue code 'DHB': no match in p2smi database (checked Code='DHB'); position 7 ('DHB'): unknown residue code 'DHB': no match in p2smi database (checked Code='DHB'); position 10 ('DHA'): unknown residue code 'DHA': no match in p2smi database (checked Code='DHA'); position 24 ('DHA'): unknown residue code 'DHA': no match in p2smi database (checked Code='DHA')
9642,b3_excluded_residue_no_smiles,residue_based,position 3 ('2-NAL'): unknown residue code '2-NAL': no match in p2smi database (checked Code='2-NAL'); position 6 ('2-NAL'): unknown residue code '2-NAL': no match in p2smi database (checked Code='2-NAL'); position 7 ('GABA'): unknown residue code 'GABA': no match in p2smi database (checked Code='GABA')
9643,b3_excluded_residue_no_smiles,residue_based,position 3 ('2-NAL'): unknown residue code '2-NAL': no match in p2smi database (checked Code='2-NAL'); position 6 ('2-NAL'): unknown residue code '2-NAL': no match in p2smi database (checked Code='2-NAL'); position 8 ('GABA'): unknown residue code 'GABA': no match in p2smi database (checked Code='GABA')
9661,b3_excluded_residue_no_smiles,residue_based,position 3 ('DIP'): unknown residue code 'DIP': no match in p2smi database (checked Code='DIP'); position 6 ('DIP'): unknown residue code 'DIP': no match in p2smi database (checked Code='DIP')
9693,b3_excluded_residue_no_smiles,residue_based,position 8 ('His(chx)2'): unknown residue code 'His(chx)2': no match in p2smi database (checked Code='HIS(CHX)2')
9695,b3_excluded_residue_no_smiles,residue_based,position 5 ('His(chx)2'): unknown residue code 'His(chx)2': no match in p2smi database (checked Code='HIS(CHX)2')
9697,b3_excluded_residue_no_smiles,residue_based,position 2 ('His(chx)2'): unknown residue code 'His(chx)2': no match in p2smi database (checked Code='HIS(CHX)2')
9694,b3_excluded_residue_no_smiles,residue_based,position 2 ('His(chx)2'): unknown residue code 'His(chx)2': no match in p2smi database (checked Code='HIS(CHX)2')
9742,b3_excluded_residue_no_smiles,residue_based,position 7 ('Me-Trp'): unknown residue code 'Me-Trp': no match in p2smi database (checked Code='ME-TRP')
9739,b3_excluded_residue_no_smiles,residue_based,position 7 ('Me-Trp'): unknown residue code 'Me-Trp': no match in p2smi database (checked Code='ME-TRP')
9748,b2_excluded_unsupported_terminus,terminus_based,unsupported N-terminal modification 'Chol' (only free amine or ACT acetylation supported)
9600,b1_excluded_non_monomer,out_of_scope,"non-monomer complexity (dimer/multi-peptide) -- not a single-chain SMILES peptide, out of scope for this dataset"
9767,b2_excluded_unsupported_terminus,terminus_based,unsupported N-terminal modification '3-OH-C16' (only free amine or ACT acetylation supported)
9765,b2_excluded_unsupported_terminus,terminus_based,unsupported N-terminal modification '3-OH-C16' (only free amine or ACT acetylation supported)
9766,b2_excluded_unsupported_terminus,terminus_based,unsupported N-terminal modification '3-OH-C16' (only free amine or ACT acetylation supported)
9806,b2_excluded_unsupported_terminus,terminus_based,unsupported N-terminal modification 'C8' (only free amine or ACT acetylation supported)
9807,b2_excluded_unsupported_terminus,terminus_based,unsupported N-terminal modification 'C8' (only free amine or ACT acetylation supported)
9408,b1_excluded_non_monomer,out_of_scope,"non-monomer complexity (dimer/multi-peptide) -- not a single-chain SMILES peptide, out of scope for this dataset"
9854,b3_excluded_residue_no_smiles,residue_based,position 8 ('DAA'): unknown residue code 'DAA': no match in p2smi database (checked Code='DAA')
9856,b3_excluded_residue_no_smiles,residue_based,position 5 ('4-HYP'): unknown residue code '4-HYP': no match in p2smi database (checked Code='4-HYP'); position 8 ('DAA'): unknown residue code 'DAA': no match in p2smi database (checked Code='DAA')
9862,b3_excluded_residue_no_smiles,residue_based,position 8 ('DAA'): unknown residue code 'DAA': no match in p2smi database (checked Code='DAA')
9863,b3_excluded_residue_no_smiles,residue_based,position 7 ('DAA'): unknown residue code 'DAA': no match in p2smi database (checked Code='DAA')
9855,b3_excluded_residue_no_smiles,residue_based,position 6 ('DAA'): unknown residue code 'DAA': no match in p2smi database (checked Code='DAA')
9852,b3_excluded_residue_no_smiles,residue_based,position 2 ('4-HYP'): unknown residue code '4-HYP': no match in p2smi database (checked Code='4-HYP'); position 9 ('DAA'): unknown residue code 'DAA': no match in p2smi database (checked Code='DAA')
9851,b3_excluded_residue_no_smiles,residue_based,position 2 ('4-HYP'): unknown residue code '4-HYP': no match in p2smi database (checked Code='4-HYP'); position 9 ('DAA'): unknown residue code 'DAA': no match in p2smi database (checked Code='DAA')
9853,b3_excluded_residue_no_smiles,residue_based,position 2 ('4-HYP'): unknown residue code '4-HYP': no match in p2smi database (checked Code='4-HYP'); position 8 ('DAA'): unknown residue code 'DAA': no match in p2smi database (checked Code='DAA')
9849,b2_excluded_unsupported_terminus,terminus_based,unsupported N-terminal modification '(CH3)2' (only free amine or ACT acetylation supported)
10028,b3_excluded_residue_no_smiles,residue_based,position 1 ('Lys(N3)'): unknown residue code 'Lys(N3)': no match in p2smi database (checked Code='LYS(N3)')
10025,b3_excluded_residue_no_smiles,residue_based,position 1 ('Lys(N3)'): unknown residue code 'Lys(N3)': no match in p2smi database (checked Code='LYS(N3)')
10015,b2_excluded_unsupported_terminus,terminus_based,unsupported N-terminal modification 'C6' (only free amine or ACT acetylation supported)
10016,b2_excluded_unsupported_terminus,terminus_based,unsupported N-terminal modification 'C6' (only free amine or ACT acetylation supported)
10013,b2_excluded_unsupported_terminus,terminus_based,unsupported N-terminal modification 'C5' (only free amine or ACT acetylation supported)
10007,b2_excluded_unsupported_terminus,terminus_based,unsupported N-terminal modification 'C11:1' (only free amine or ACT acetylation supported)
10012,b2_excluded_unsupported_terminus,terminus_based,unsupported N-terminal modification 'C5' (only free amine or ACT acetylation supported)
10010,b2_excluded_unsupported_terminus,terminus_based,unsupported N-terminal modification 'C20:1' (only free amine or ACT acetylation supported)
10006,b2_excluded_unsupported_terminus,terminus_based,unsupported N-terminal modification '4-OMe-C10' (only free amine or ACT acetylation supported)
10008,b2_excluded_unsupported_terminus,terminus_based,unsupported N-terminal modification '17-Me-C18:1' (only free amine or ACT acetylation supported)
10014,b2_excluded_unsupported_terminus,terminus_based,unsupported N-terminal modification 'C5' (only free amine or ACT acetylation supported)
9559,b1_excluded_non_monomer,out_of_scope,"non-monomer complexity (dimer/multi-peptide) -- not a single-chain SMILES peptide, out of scope for this dataset"
10009,b2_excluded_unsupported_terminus,terminus_based,unsupported N-terminal modification 'C17:1' (only free amine or ACT acetylation supported)
10059,b2_excluded_unsupported_terminus,terminus_based,unsupported N-terminal modification '2-Me-C10' (only free amine or ACT acetylation supported)
10058,b2_excluded_unsupported_terminus,terminus_based,unsupported N-terminal modification '2-Me-C10' (only free amine or ACT acetylation supported)
9992,b1_excluded_non_monomer,out_of_scope,"non-monomer complexity (dimer/multi-peptide) -- not a single-chain SMILES peptide, out of scope for this dataset"
9925,b1_excluded_non_monomer,out_of_scope,"non-monomer complexity (dimer/multi-peptide) -- not a single-chain SMILES peptide, out of scope for this dataset"
10057,b2_excluded_unsupported_terminus,terminus_based,unsupported N-terminal modification '2-Me-C10' (only free amine or ACT acetylation supported)
10029,b1_excluded_non_monomer,out_of_scope,"non-monomer complexity (dimer/multi-peptide) -- not a single-chain SMILES peptide, out of scope for this dataset"
10030,b1_excluded_non_monomer,out_of_scope,"non-monomer complexity (dimer/multi-peptide) -- not a single-chain SMILES peptide, out of scope for this dataset"
10026,b1_excluded_non_monomer,out_of_scope,"non-monomer complexity (dimer/multi-peptide) -- not a single-chain SMILES peptide, out of scope for this dataset"
10100,b3_excluded_residue_no_smiles,residue_based,position 8 ('Ahx'): unknown residue code 'Ahx': no match in p2smi database (checked Code='AHX')
10097,b3_excluded_residue_no_smiles,residue_based,position 3 ('HPhe'): unknown residue code 'HPhe': no match in p2smi database (checked Code='HPHE')
10038,b1_excluded_non_monomer,out_of_scope,"non-monomer complexity (dimer/multi-peptide) -- not a single-chain SMILES peptide, out of scope for this dataset"
10039,b1_excluded_non_monomer,out_of_scope,"non-monomer complexity (dimer/multi-peptide) -- not a single-chain SMILES peptide, out of scope for this dataset"
10036,b1_excluded_non_monomer,out_of_scope,"non-monomer complexity (dimer/multi-peptide) -- not a single-chain SMILES peptide, out of scope for this dataset"
10139,b1_excluded_non_monomer,out_of_scope,"non-monomer complexity (dimer/multi-peptide) -- not a single-chain SMILES peptide, out of scope for this dataset"
10143,b1_excluded_non_monomer,out_of_scope,"non-monomer complexity (dimer/multi-peptide) -- not a single-chain SMILES peptide, out of scope for this dataset"
10141,b1_excluded_non_monomer,out_of_scope,"non-monomer complexity (dimer/multi-peptide) -- not a single-chain SMILES peptide, out of scope for this dataset"
10114,b1_excluded_non_monomer,out_of_scope,"non-monomer complexity (dimer/multi-peptide) -- not a single-chain SMILES peptide, out of scope for this dataset"
10145,b1_excluded_non_monomer,out_of_scope,"non-monomer complexity (dimer/multi-peptide) -- not a single-chain SMILES peptide, out of scope for this dataset"
10203,b1_excluded_non_monomer,out_of_scope,"non-monomer complexity (dimer/multi-peptide) -- not a single-chain SMILES peptide, out of scope for this dataset"
10185,b1_excluded_non_monomer,out_of_scope,"non-monomer complexity (dimer/multi-peptide) -- not a single-chain SMILES peptide, out of scope for this dataset"
10415,b3_excluded_residue_no_smiles,residue_based,position 5 ('TERT BU SER'): unknown residue code 'TERT BU SER': no match in p2smi database (checked Code='TERT BU SER')
10419,b3_excluded_residue_no_smiles,residue_based,position 1 ('O-Me-Tyr'): unknown residue code 'O-Me-Tyr': no match in p2smi database (checked Code='O-ME-TYR')
10433,b3_excluded_residue_no_smiles,residue_based,"position 2 ('Me-Leu'): unknown residue code 'Me-Leu': no match in p2smi database (checked Code='ME-LEU'); position 5 ('Me-Asn'): unknown residue code 'Me-Asn': no match in p2smi database (checked Code='ME-ASN'); position 6 ('x'): unresolved residue character, no unusualAminoAcids annotation covers this position"
10435,b3_excluded_residue_no_smiles,residue_based,position 3 ('D-Me-Leu'): unknown residue code 'D-Me-Leu': no match in p2smi database (checked Code='ME-LEU'); position 5 ('Me-Asn'): unknown residue code 'Me-Asn': no match in p2smi database (checked Code='ME-ASN')
10495,b3_excluded_residue_no_smiles,residue_based,position 1 ('12-NH2-C12'): unknown residue code '12-NH2-C12': no match in p2smi database (checked Code='12-NH2-C12'); position 5 ('D-Allo-Thr'): unknown residue code 'D-Allo-Thr': no match in p2smi database (checked Code='ALLO-THR')
10492,b4_excluded_nonstandard_bond,bond_based,"unrecognized DBAASP cycleType='LCN' (bond type='EST') -- no known p2smi mapping, flagged for manual review"
10501,b3_excluded_residue_no_smiles,residue_based,position 1 ('12-Guan-C12'): unknown residue code '12-Guan-C12': no match in p2smi database (checked Code='12-GUAN-C12'); position 5 ('D-Allo-Thr'): unknown residue code 'D-Allo-Thr': no match in p2smi database (checked Code='ALLO-THR')
10493,b3_excluded_residue_no_smiles,residue_based,position 4 ('D-Allo-Thr'): unknown residue code 'D-Allo-Thr': no match in p2smi database (checked Code='ALLO-THR')
10497,b3_excluded_residue_no_smiles,residue_based,position 1 ('12-Guan-C12'): unknown residue code '12-Guan-C12': no match in p2smi database (checked Code='12-GUAN-C12'); position 5 ('D-Allo-Thr'): unknown residue code 'D-Allo-Thr': no match in p2smi database (checked Code='ALLO-THR')
10498,b3_excluded_residue_no_smiles,residue_based,position 1 ('12-Guan-C12'): unknown residue code '12-Guan-C12': no match in p2smi database (checked Code='12-GUAN-C12')
10494,b3_excluded_residue_no_smiles,residue_based,position 1 ('12-NH2-C12'): unknown residue code '12-NH2-C12': no match in p2smi database (checked Code='12-NH2-C12')
10508,b3_excluded_residue_no_smiles,residue_based,position 1 ('12-Guan-C12'): unknown residue code '12-Guan-C12': no match in p2smi database (checked Code='12-GUAN-C12'); position 2 ('DAP'): unknown residue code 'DAP': no match in p2smi database (checked Code='DAP'); position 5 ('D-Allo-Thr'): unknown residue code 'D-Allo-Thr': no match in p2smi database (checked Code='ALLO-THR')
10496,b3_excluded_residue_no_smiles,residue_based,position 1 ('12-Guan-C12'): unknown residue code '12-Guan-C12': no match in p2smi database (checked Code='12-GUAN-C12')
10500,b3_excluded_residue_no_smiles,residue_based,position 1 ('12-Guan-C12'): unknown residue code '12-Guan-C12': no match in p2smi database (checked Code='12-GUAN-C12'); position 5 ('D-Allo-Thr'): unknown residue code 'D-Allo-Thr': no match in p2smi database (checked Code='ALLO-THR')
10509,b3_excluded_residue_no_smiles,residue_based,position 1 ('12-Guan-C12'): unknown residue code '12-Guan-C12': no match in p2smi database (checked Code='12-GUAN-C12'); position 5 ('D-Allo-Thr'): unknown residue code 'D-Allo-Thr': no match in p2smi database (checked Code='ALLO-THR')
10503,b3_excluded_residue_no_smiles,residue_based,position 1 ('12-Guan-C12'): unknown residue code '12-Guan-C12': no match in p2smi database (checked Code='12-GUAN-C12'); position 5 ('D-Allo-Thr'): unknown residue code 'D-Allo-Thr': no match in p2smi database (checked Code='ALLO-THR')
10507,b3_excluded_residue_no_smiles,residue_based,position 1 ('12-Guan-C12'): unknown residue code '12-Guan-C12': no match in p2smi database (checked Code='12-GUAN-C12'); position 2 ('DAP'): unknown residue code 'DAP': no match in p2smi database (checked Code='DAP'); position 5 ('D-Allo-Thr'): unknown residue code 'D-Allo-Thr': no match in p2smi database (checked Code='ALLO-THR')
10499,b3_excluded_residue_no_smiles,residue_based,position 1 ('12-Guan-C12'): unknown residue code '12-Guan-C12': no match in p2smi database (checked Code='12-GUAN-C12'); position 5 ('D-Allo-Thr'): unknown residue code 'D-Allo-Thr': no match in p2smi database (checked Code='ALLO-THR')
10504,b3_excluded_residue_no_smiles,residue_based,position 1 ('12-Guan-C12'): unknown residue code '12-Guan-C12': no match in p2smi database (checked Code='12-GUAN-C12'); position 5 ('D-Allo-Thr'): unknown residue code 'D-Allo-Thr': no match in p2smi database (checked Code='ALLO-THR')
10502,b3_excluded_residue_no_smiles,residue_based,position 1 ('12-Guan-C12'): unknown residue code '12-Guan-C12': no match in p2smi database (checked Code='12-GUAN-C12'); position 5 ('D-Allo-Thr'): unknown residue code 'D-Allo-Thr': no match in p2smi database (checked Code='ALLO-THR')
10505,b3_excluded_residue_no_smiles,residue_based,position 1 ('12-Guan-C12'): unknown residue code '12-Guan-C12': no match in p2smi database (checked Code='12-GUAN-C12'); position 2 ('DAP'): unknown residue code 'DAP': no match in p2smi database (checked Code='DAP'); position 5 ('D-Allo-Thr'): unknown residue code 'D-Allo-Thr': no match in p2smi database (checked Code='ALLO-THR')
10449,b1_excluded_non_monomer,out_of_scope,"non-monomer complexity (dimer/multi-peptide) -- not a single-chain SMILES peptide, out of scope for this dataset"
10506,b3_excluded_residue_no_smiles,residue_based,position 1 ('12-Guan-C12'): unknown residue code '12-Guan-C12': no match in p2smi database (checked Code='12-GUAN-C12'); position 2 ('DAP'): unknown residue code 'DAP': no match in p2smi database (checked Code='DAP'); position 5 ('D-Allo-Thr'): unknown residue code 'D-Allo-Thr': no match in p2smi database (checked Code='ALLO-THR')
10447,b1_excluded_non_monomer,out_of_scope,"non-monomer complexity (dimer/multi-peptide) -- not a single-chain SMILES peptide, out of scope for this dataset"
10510,b3_excluded_residue_no_smiles,residue_based,position 1 ('15-Guan-3-OH-C15'): unknown residue code '15-Guan-3-OH-C15': no match in p2smi database (checked Code='15-GUAN-3-OH-C15'); position 5 ('D-Allo-Thr'): unknown residue code 'D-Allo-Thr': no match in p2smi database (checked Code='ALLO-THR')
10445,b1_excluded_non_monomer,out_of_scope,"non-monomer complexity (dimer/multi-peptide) -- not a single-chain SMILES peptide, out of scope for this dataset"
10608,b3_excluded_residue_no_smiles,residue_based,position 2 ('Se-Cys'): unknown residue code 'Se-Cys': no match in p2smi database (checked Code='SE-CYS'); position 6 ('Se-Cys'): unknown residue code 'Se-Cys': no match in p2smi database (checked Code='SE-CYS'); position 11 ('Se-Cys'): unknown residue code 'Se-Cys': no match in p2smi database (checked Code='SE-CYS'); position 15 ('Se-Cys'): unknown residue code 'Se-Cys': no match in p2smi database (checked Code='SE-CYS')
10612,b3_excluded_residue_no_smiles,residue_based,position 2 ('Se-Cys'): unknown residue code 'Se-Cys': no match in p2smi database (checked Code='SE-CYS'); position 6 ('Se-Cys'): unknown residue code 'Se-Cys': no match in p2smi database (checked Code='SE-CYS'); position 11 ('Se-Cys'): unknown residue code 'Se-Cys': no match in p2smi database (checked Code='SE-CYS'); position 15 ('Se-Cys'): unknown residue code 'Se-Cys': no match in p2smi database (checked Code='SE-CYS')
10617,b3_excluded_residue_no_smiles,residue_based,position 10 ('D-4-HYP'): unknown residue code 'D-4-HYP': no match in p2smi database (checked Code='4-HYP')
10703,b3_excluded_residue_no_smiles,residue_based,position 5 ('DHB'): unknown residue code 'DHB': no match in p2smi database (checked Code='DHB')
10764,b3_excluded_residue_no_smiles,residue_based,position 1 ('D-Me-Phe'): unknown residue code 'D-Me-Phe': no match in p2smi database (checked Code='ME-PHE'); position 5 ('D-Allo-ILE'): unknown residue code 'D-Allo-ILE': no match in p2smi database (checked Code='ALLO-ILE')
10769,b3_excluded_residue_no_smiles,residue_based,position 1 ('D-Me-Phe'): unknown residue code 'D-Me-Phe': no match in p2smi database (checked Code='ME-PHE'); position 5 ('D-Allo-ILE'): unknown residue code 'D-Allo-ILE': no match in p2smi database (checked Code='ALLO-ILE')
10762,b2_excluded_unsupported_terminus,terminus_based,unsupported N-terminal modification 'BZA' (only free amine or ACT acetylation supported)
10765,b3_excluded_residue_no_smiles,residue_based,position 1 ('D-Me-Phe'): unknown residue code 'D-Me-Phe': no match in p2smi database (checked Code='ME-PHE'); position 5 ('D-Allo-ILE'): unknown residue code 'D-Allo-ILE': no match in p2smi database (checked Code='ALLO-ILE')
10767,b3_excluded_residue_no_smiles,residue_based,position 1 ('D-Me-Phe'): unknown residue code 'D-Me-Phe': no match in p2smi database (checked Code='ME-PHE'); position 5 ('D-Allo-ILE'): unknown residue code 'D-Allo-ILE': no match in p2smi database (checked Code='ALLO-ILE')
10763,b3_excluded_residue_no_smiles,residue_based,position 1 ('D-Me-Phe'): unknown residue code 'D-Me-Phe': no match in p2smi database (checked Code='ME-PHE'); position 5 ('D-Allo-ILE'): unknown residue code 'D-Allo-ILE': no match in p2smi database (checked Code='ALLO-ILE')
10779,b3_excluded_residue_no_smiles,residue_based,position 1 ('D-Me-Phe'): unknown residue code 'D-Me-Phe': no match in p2smi database (checked Code='ME-PHE'); position 5 ('D-Allo-ILE'): unknown residue code 'D-Allo-ILE': no match in p2smi database (checked Code='ALLO-ILE')
10774,b3_excluded_residue_no_smiles,residue_based,position 1 ('D-Me-Phe'): unknown residue code 'D-Me-Phe': no match in p2smi database (checked Code='ME-PHE'); position 5 ('D-Allo-ILE'): unknown residue code 'D-Allo-ILE': no match in p2smi database (checked Code='ALLO-ILE')
10776,b3_excluded_residue_no_smiles,residue_based,position 1 ('D-Me-Phe'): unknown residue code 'D-Me-Phe': no match in p2smi database (checked Code='ME-PHE'); position 5 ('D-Allo-ILE'): unknown residue code 'D-Allo-ILE': no match in p2smi database (checked Code='ALLO-ILE')
10761,b2_excluded_unsupported_terminus,terminus_based,unsupported N-terminal modification 'BZA' (only free amine or ACT acetylation supported)
10777,b3_excluded_residue_no_smiles,residue_based,position 1 ('D-Me-Phe'): unknown residue code 'D-Me-Phe': no match in p2smi database (checked Code='ME-PHE'); position 5 ('D-Allo-ILE'): unknown residue code 'D-Allo-ILE': no match in p2smi database (checked Code='ALLO-ILE')
10768,b3_excluded_residue_no_smiles,residue_based,position 1 ('D-Me-Phe'): unknown residue code 'D-Me-Phe': no match in p2smi database (checked Code='ME-PHE'); position 5 ('D-Allo-ILE'): unknown residue code 'D-Allo-ILE': no match in p2smi database (checked Code='ALLO-ILE')
10766,b3_excluded_residue_no_smiles,residue_based,position 1 ('D-Me-Phe'): unknown residue code 'D-Me-Phe': no match in p2smi database (checked Code='ME-PHE'); position 5 ('D-Allo-ILE'): unknown residue code 'D-Allo-ILE': no match in p2smi database (checked Code='ALLO-ILE')
10770,b3_excluded_residue_no_smiles,residue_based,position 1 ('D-Me-Phe'): unknown residue code 'D-Me-Phe': no match in p2smi database (checked Code='ME-PHE'); position 5 ('D-Allo-ILE'): unknown residue code 'D-Allo-ILE': no match in p2smi database (checked Code='ALLO-ILE'); position 7 ('DAP'): unknown residue code 'DAP': no match in p2smi database (checked Code='DAP'); position 9 ('DAP'): unknown residue code 'DAP': no match in p2smi database (checked Code='DAP')
10772,b3_excluded_residue_no_smiles,residue_based,position 1 ('D-Me-Phe'): unknown residue code 'D-Me-Phe': no match in p2smi database (checked Code='ME-PHE'); position 3 ('DAP'): unknown residue code 'DAP': no match in p2smi database (checked Code='DAP'); position 4 ('D-DAP'): unknown residue code 'D-DAP': no match in p2smi database (checked Code='DAP'); position 5 ('D-Allo-ILE'): unknown residue code 'D-Allo-ILE': no match in p2smi database (checked Code='ALLO-ILE'); position 9 ('DAP'): unknown residue code 'DAP': no match in p2smi database (checked Code='DAP')
10775,b3_excluded_residue_no_smiles,residue_based,position 1 ('D-Me-Phe'): unknown residue code 'D-Me-Phe': no match in p2smi database (checked Code='ME-PHE'); position 5 ('D-Allo-ILE'): unknown residue code 'D-Allo-ILE': no match in p2smi database (checked Code='ALLO-ILE')
10780,b3_excluded_residue_no_smiles,residue_based,position 1 ('D-Me-Phe'): unknown residue code 'D-Me-Phe': no match in p2smi database (checked Code='ME-PHE'); position 5 ('D-Allo-ILE'): unknown residue code 'D-Allo-ILE': no match in p2smi database (checked Code='ALLO-ILE')
10771,b3_excluded_residue_no_smiles,residue_based,position 1 ('D-Me-Phe'): unknown residue code 'D-Me-Phe': no match in p2smi database (checked Code='ME-PHE'); position 3 ('DAP'): unknown residue code 'DAP': no match in p2smi database (checked Code='DAP'); position 5 ('D-Allo-ILE'): unknown residue code 'D-Allo-ILE': no match in p2smi database (checked Code='ALLO-ILE'); position 9 ('DAP'): unknown residue code 'DAP': no match in p2smi database (checked Code='DAP')
10778,b3_excluded_residue_no_smiles,residue_based,position 1 ('D-Me-Phe'): unknown residue code 'D-Me-Phe': no match in p2smi database (checked Code='ME-PHE'); position 5 ('D-Allo-ILE'): unknown residue code 'D-Allo-ILE': no match in p2smi database (checked Code='ALLO-ILE')
10782,b3_excluded_residue_no_smiles,residue_based,position 1 ('D-Me-Phe'): unknown residue code 'D-Me-Phe': no match in p2smi database (checked Code='ME-PHE'); position 5 ('D-Allo-ILE'): unknown residue code 'D-Allo-ILE': no match in p2smi database (checked Code='ALLO-ILE')
10773,b3_excluded_residue_no_smiles,residue_based,position 1 ('D-Me-Phe'): unknown residue code 'D-Me-Phe': no match in p2smi database (checked Code='ME-PHE'); position 3 ('DAP'): unknown residue code 'DAP': no match in p2smi database (checked Code='DAP'); position 5 ('D-Allo-ILE'): unknown residue code 'D-Allo-ILE': no match in p2smi database (checked Code='ALLO-ILE'); position 7 ('DAP'): unknown residue code 'DAP': no match in p2smi database (checked Code='DAP'); position 9 ('DAP'): unknown residue code 'DAP': no match in p2smi database (checked Code='DAP')
10783,b3_excluded_residue_no_smiles,residue_based,position 1 ('D-Me-Phe'): unknown residue code 'D-Me-Phe': no match in p2smi database (checked Code='ME-PHE'); position 5 ('D-Allo-ILE'): unknown residue code 'D-Allo-ILE': no match in p2smi database (checked Code='ALLO-ILE')
10784,b3_excluded_residue_no_smiles,residue_based,position 1 ('D-Me-Phe'): unknown residue code 'D-Me-Phe': no match in p2smi database (checked Code='ME-PHE'); position 5 ('D-Allo-ILE'): unknown residue code 'D-Allo-ILE': no match in p2smi database (checked Code='ALLO-ILE')
10781,b3_excluded_residue_no_smiles,residue_based,position 1 ('D-Me-Phe'): unknown residue code 'D-Me-Phe': no match in p2smi database (checked Code='ME-PHE'); position 5 ('D-Allo-ILE'): unknown residue code 'D-Allo-ILE': no match in p2smi database (checked Code='ALLO-ILE')
10801,b2_excluded_unsupported_terminus,terminus_based,unsupported N-terminal modification 'Ph-Pr' (only free amine or ACT acetylation supported)
10795,b3_excluded_residue_no_smiles,residue_based,position 3 ('MET-Boro'): unknown residue code 'MET-Boro': no match in p2smi database (checked Code='MET-BORO')
10799,b2_excluded_unsupported_terminus,terminus_based,unsupported N-terminal modification 'Pic' (only free amine or ACT acetylation supported)
10796,b3_excluded_residue_no_smiles,residue_based,position 3 ('LEU-Boro'): unknown residue code 'LEU-Boro': no match in p2smi database (checked Code='LEU-BORO')
10798,b2_excluded_unsupported_terminus,terminus_based,unsupported N-terminal modification 'Pic' (only free amine or ACT acetylation supported)
10794,b3_excluded_residue_no_smiles,residue_based,position 3 ('MET-Boro'): unknown residue code 'MET-Boro': no match in p2smi database (checked Code='MET-BORO')
10803,b2_excluded_unsupported_terminus,terminus_based,unsupported N-terminal modification 'DiFPhAct' (only free amine or ACT acetylation supported)
10802,b2_excluded_unsupported_terminus,terminus_based,unsupported N-terminal modification 'Bn' (only free amine or ACT acetylation supported)
10797,b2_excluded_unsupported_terminus,terminus_based,unsupported N-terminal modification 'Pic' (only free amine or ACT acetylation supported)
10800,b2_excluded_unsupported_terminus,terminus_based,unsupported N-terminal modification 'Pic' (only free amine or ACT acetylation supported)
10793,b3_excluded_residue_no_smiles,residue_based,position 3 ('MET-Boro'): unknown residue code 'MET-Boro': no match in p2smi database (checked Code='MET-BORO')
10804,b2_excluded_unsupported_terminus,terminus_based,unsupported N-terminal modification 'DiFPhAct' (only free amine or ACT acetylation supported)
10821,b3_excluded_residue_no_smiles,residue_based,position 1 ('βALA'): unknown residue code 'βALA': no match in p2smi database (checked Code='ΒALA'); position 2 ('4-F-PHE'): unknown residue code '4-F-PHE': no match in p2smi database (checked Code='4-F-PHE'); position 3 ('Tic'): unknown residue code 'Tic': no match in p2smi database (checked Code='TIC'); position 4 ('Oic'): unknown residue code 'Oic': no match in p2smi database (checked Code='OIC'); position 5 ('βALA'): unknown residue code 'βALA': no match in p2smi database (checked Code='ΒALA'); position 6 ('DAP'): unknown residue code 'DAP': no match in p2smi database (checked Code='DAP'); position 7 ('Tic'): unknown residue code 'Tic': no match in p2smi database (checked Code='TIC'); position 8 ('Oic'): unknown residue code 'Oic': no match in p2smi database (checked Code='OIC'); position 9 ('βALA'): unknown residue code 'βALA': no match in p2smi database (checked Code='ΒALA'); position 10 ('4-F-PHE'): unknown residue code '4-F-PHE': no match in p2smi database (checked Code='4-F-PHE'); position 11 ('D-TIC'): unknown residue code 'D-TIC': no match in p2smi database (checked Code='TIC'); position 12 ('Oic'): unknown residue code 'Oic': no match in p2smi database (checked Code='OIC'); position 13 ('βALA'): unknown residue code 'βALA': no match in p2smi database (checked Code='ΒALA'); position 14 ('DAP'): unknown residue code 'DAP': no match in p2smi database (checked Code='DAP'); position 15 ('Tic'): unknown residue code 'Tic': no match in p2smi database (checked Code='TIC'); position 16 ('DAP'): unknown residue code 'DAP': no match in p2smi database (checked Code='DAP'); position 17 ('DAP'): unknown residue code 'DAP': no match in p2smi database (checked Code='DAP'); position 18 ('DAP'): unknown residue code 'DAP': no match in p2smi database (checked Code='DAP'); position 19 ('DAP'): unknown residue code 'DAP': no match in p2smi database (checked Code='DAP')
10861,b3_excluded_residue_no_smiles,residue_based,position 6 ('Acm-Cys'): unknown residue code 'Acm-Cys': no match in p2smi database (checked Code='ACM-CYS'); position 7 ('S-tBu-CYS'): unknown residue code 'S-tBu-CYS': no match in p2smi database (checked Code='S-TBU-CYS'); position 27 ('S-tBu-CYS'): unknown residue code 'S-tBu-CYS': no match in p2smi database (checked Code='S-TBU-CYS'); position 33 ('Acm-Cys'): unknown residue code 'Acm-Cys': no match in p2smi database (checked Code='ACM-CYS')
10858,b3_excluded_residue_no_smiles,residue_based,position 8 ('Acm-Cys'): unknown residue code 'Acm-Cys': no match in p2smi database (checked Code='ACM-CYS'); position 9 ('S-tBu-CYS'): unknown residue code 'S-tBu-CYS': no match in p2smi database (checked Code='S-TBU-CYS'); position 29 ('S-tBu-CYS'): unknown residue code 'S-tBu-CYS': no match in p2smi database (checked Code='S-TBU-CYS'); position 35 ('Acm-Cys'): unknown residue code 'Acm-Cys': no match in p2smi database (checked Code='ACM-CYS')
10859,b3_excluded_residue_no_smiles,residue_based,position 9 ('S-tBu-CYS'): unknown residue code 'S-tBu-CYS': no match in p2smi database (checked Code='S-TBU-CYS'); position 29 ('S-tBu-CYS'): unknown residue code 'S-tBu-CYS': no match in p2smi database (checked Code='S-TBU-CYS')
10870,b2_excluded_unsupported_terminus,terminus_based,unsupported N-terminal modification 'BZA' (only free amine or ACT acetylation supported)
10872,b2_excluded_unsupported_terminus,terminus_based,unsupported N-terminal modification 'BZA' (only free amine or ACT acetylation supported)
10877,b2_excluded_unsupported_terminus,terminus_based,unsupported N-terminal modification 'BZA' (only free amine or ACT acetylation supported)
10871,b2_excluded_unsupported_terminus,terminus_based,unsupported N-terminal modification 'BZA' (only free amine or ACT acetylation supported)
10864,b2_excluded_unsupported_terminus,terminus_based,unsupported N-terminal modification 'C11:1' (only free amine or ACT acetylation supported)
10869,b2_excluded_unsupported_terminus,terminus_based,unsupported N-terminal modification 'BZA' (only free amine or ACT acetylation supported)
10873,b2_excluded_unsupported_terminus,terminus_based,unsupported N-terminal modification 'BZA' (only free amine or ACT acetylation supported)
10874,b2_excluded_unsupported_terminus,terminus_based,unsupported N-terminal modification 'BZA' (only free amine or ACT acetylation supported)
10904,b2_excluded_unsupported_terminus,terminus_based,unsupported N-terminal modification 'BZA' (only free amine or ACT acetylation supported)
10902,b2_excluded_unsupported_terminus,terminus_based,unsupported N-terminal modification 'BZA' (only free amine or ACT acetylation supported)
10893,b2_excluded_unsupported_terminus,terminus_based,unsupported N-terminal modification '3-OH-5-Me-C6' (only free amine or ACT acetylation supported)
10930,b3_excluded_residue_no_smiles,residue_based,position 11 ('Thr(GalNAc)'): unknown residue code 'Thr(GalNAc)': no match in p2smi database (checked Code='THR(GALNAC)')
10927,b3_excluded_residue_no_smiles,residue_based,position 11 ('SER(GalNAc)'): unknown residue code 'SER(GalNAc)': no match in p2smi database (checked Code='SER(GALNAC)')
10966,b3_excluded_residue_no_smiles,residue_based,position 3 ('βLeu'): unknown residue code 'βLeu': no match in p2smi database (checked Code='ΒLEU'); position 7 ('βLeu'): unknown residue code 'βLeu': no match in p2smi database (checked Code='ΒLEU'); position 10 ('βLeu'): unknown residue code 'βLeu': no match in p2smi database (checked Code='ΒLEU')
10968,b3_excluded_residue_no_smiles,residue_based,position 3 ('βLeu'): unknown residue code 'βLeu': no match in p2smi database (checked Code='ΒLEU'); position 7 ('βLeu'): unknown residue code 'βLeu': no match in p2smi database (checked Code='ΒLEU'); position 10 ('βLeu'): unknown residue code 'βLeu': no match in p2smi database (checked Code='ΒLEU')
11011,b2_excluded_unsupported_terminus,terminus_based,unsupported N-terminal modification 'C9' (only free amine or ACT acetylation supported)
13317,b3_excluded_residue_no_smiles,residue_based,position 1 ('Act-Cys'): unknown residue code 'Act-Cys': no match in p2smi database (checked Code='ACT-CYS')
13312,b4_excluded_nonstandard_bond,bond_based,2 intrachain bonds present -- multi-bond (e.g. multiply-bridged / bicyclic) peptides are out of scope for automated generation in this pass
13311,b4_excluded_nonstandard_bond,bond_based,2 intrachain bonds present -- multi-bond (e.g. multiply-bridged / bicyclic) peptides are out of scope for automated generation in this pass
13310,b4_excluded_nonstandard_bond,bond_based,2 intrachain bonds present -- multi-bond (e.g. multiply-bridged / bicyclic) peptides are out of scope for automated generation in this pass
13308,b4_excluded_nonstandard_bond,bond_based,2 intrachain bonds present -- multi-bond (e.g. multiply-bridged / bicyclic) peptides are out of scope for automated generation in this pass
13320,b4_excluded_nonstandard_bond,bond_based,2 intrachain bonds present -- multi-bond (e.g. multiply-bridged / bicyclic) peptides are out of scope for automated generation in this pass
13318,b3_excluded_residue_no_smiles,residue_based,position 1 ('HCys'): unknown residue code 'HCys': no match in p2smi database (checked Code='HCYS')
13309,b4_excluded_nonstandard_bond,bond_based,2 intrachain bonds present -- multi-bond (e.g. multiply-bridged / bicyclic) peptides are out of scope for automated generation in this pass
13313,b4_excluded_nonstandard_bond,bond_based,2 intrachain bonds present -- multi-bond (e.g. multiply-bridged / bicyclic) peptides are out of scope for automated generation in this pass
13322,b4_excluded_nonstandard_bond,bond_based,2 intrachain bonds present -- multi-bond (e.g. multiply-bridged / bicyclic) peptides are out of scope for automated generation in this pass
13323,b4_excluded_nonstandard_bond,bond_based,2 intrachain bonds present -- multi-bond (e.g. multiply-bridged / bicyclic) peptides are out of scope for automated generation in this pass
13324,b4_excluded_nonstandard_bond,bond_based,2 intrachain bonds present -- multi-bond (e.g. multiply-bridged / bicyclic) peptides are out of scope for automated generation in this pass
13321,b4_excluded_nonstandard_bond,bond_based,2 intrachain bonds present -- multi-bond (e.g. multiply-bridged / bicyclic) peptides are out of scope for automated generation in this pass
13327,b4_excluded_nonstandard_bond,bond_based,2 intrachain bonds present -- multi-bond (e.g. multiply-bridged / bicyclic) peptides are out of scope for automated generation in this pass
13326,b4_excluded_nonstandard_bond,bond_based,2 intrachain bonds present -- multi-bond (e.g. multiply-bridged / bicyclic) peptides are out of scope for automated generation in this pass
13325,b4_excluded_nonstandard_bond,bond_based,2 intrachain bonds present -- multi-bond (e.g. multiply-bridged / bicyclic) peptides are out of scope for automated generation in this pass
13346,b3_excluded_residue_no_smiles,residue_based,position 2 ('D-Pra'): unknown residue code 'D-Pra': no match in p2smi database (checked Code='PRA')
13328,b4_excluded_nonstandard_bond,bond_based,2 intrachain bonds present -- multi-bond (e.g. multiply-bridged / bicyclic) peptides are out of scope for automated generation in this pass
13316,b3_excluded_residue_no_smiles,residue_based,position 1 ('Me-CYS'): unknown residue code 'Me-CYS': no match in p2smi database (checked Code='ME-CYS')
13304,b4_excluded_nonstandard_bond,bond_based,2 intrachain bonds present -- multi-bond (e.g. multiply-bridged / bicyclic) peptides are out of scope for automated generation in this pass
13463,b2_excluded_unsupported_terminus,terminus_based,unsupported C-terminal modification 'C16H33-NH2' (only free acid or AMD amidation supported)
13475,b3_excluded_residue_no_smiles,residue_based,position 2 ('Ala-d3'): unknown residue code 'Ala-d3': no match in p2smi database (checked Code='ALA-D3')
13477,b3_excluded_residue_no_smiles,residue_based,position 4 ('Ala-d3'): unknown residue code 'Ala-d3': no match in p2smi database (checked Code='ALA-D3')
13481,b3_excluded_residue_no_smiles,residue_based,position 8 ('Ala-d3'): unknown residue code 'Ala-d3': no match in p2smi database (checked Code='ALA-D3')
13479,b3_excluded_residue_no_smiles,residue_based,position 6 ('Ala-d3'): unknown residue code 'Ala-d3': no match in p2smi database (checked Code='ALA-D3')
13478,b3_excluded_residue_no_smiles,residue_based,position 5 ('Ala-d3'): unknown residue code 'Ala-d3': no match in p2smi database (checked Code='ALA-D3')
13474,b3_excluded_residue_no_smiles,residue_based,position 1 ('Ala-d3'): unknown residue code 'Ala-d3': no match in p2smi database (checked Code='ALA-D3')
13476,b3_excluded_residue_no_smiles,residue_based,position 3 ('Ala-d3'): unknown residue code 'Ala-d3': no match in p2smi database (checked Code='ALA-D3')
13482,b3_excluded_residue_no_smiles,residue_based,position 9 ('Ala-d3'): unknown residue code 'Ala-d3': no match in p2smi database (checked Code='ALA-D3')
13480,b3_excluded_residue_no_smiles,residue_based,position 7 ('Ala-d3'): unknown residue code 'Ala-d3': no match in p2smi database (checked Code='ALA-D3')
13483,b3_excluded_residue_no_smiles,residue_based,position 10 ('Ala-d3'): unknown residue code 'Ala-d3': no match in p2smi database (checked Code='ALA-D3')
13484,b3_excluded_residue_no_smiles,residue_based,position 11 ('Ala-d3'): unknown residue code 'Ala-d3': no match in p2smi database (checked Code='ALA-D3')
13516,b3_excluded_residue_no_smiles,residue_based,position 3 ('IAA-Cys'): unknown residue code 'IAA-Cys': no match in p2smi database (checked Code='IAA-CYS'); position 20 ('IAA-Cys'): unknown residue code 'IAA-Cys': no match in p2smi database (checked Code='IAA-CYS')
13513,b1_excluded_non_monomer,out_of_scope,"non-monomer complexity (dimer/multi-peptide) -- not a single-chain SMILES peptide, out of scope for this dataset"
13510,b1_excluded_non_monomer,out_of_scope,"non-monomer complexity (dimer/multi-peptide) -- not a single-chain SMILES peptide, out of scope for this dataset"
13733,b2_excluded_unsupported_terminus,terminus_based,unsupported C-terminal modification 'OMe' (only free acid or AMD amidation supported)
13753,b3_excluded_residue_no_smiles,residue_based,position 1 ('Aza-gly'): unknown residue code 'Aza-gly': no match in p2smi database (checked Code='AZA-GLY')
13752,b2_excluded_unsupported_terminus,terminus_based,unsupported N-terminal modification '(CH3)2' (only free amine or ACT acetylation supported)
13748,b2_excluded_unsupported_terminus,terminus_based,unsupported C-terminal modification 'OMe' (only free acid or AMD amidation supported)
13749,b3_excluded_residue_no_smiles,residue_based,position 4 ('βASP'): unknown residue code 'βASP': no match in p2smi database (checked Code='ΒASP')
13758,b2_excluded_unsupported_terminus,terminus_based,unsupported N-terminal modification '(CH3)2' (only free amine or ACT acetylation supported)
13504,b1_excluded_non_monomer,out_of_scope,"non-monomer complexity (dimer/multi-peptide) -- not a single-chain SMILES peptide, out of scope for this dataset"
13703,b3_excluded_residue_no_smiles,residue_based,position 4 ('DIP'): unknown residue code 'DIP': no match in p2smi database (checked Code='DIP'); position 5 ('DIP'): unknown residue code 'DIP': no match in p2smi database (checked Code='DIP'); position 12 ('DIP'): unknown residue code 'DIP': no match in p2smi database (checked Code='DIP')
13759,b3_excluded_residue_no_smiles,residue_based,position 7 ('LYS-(CH3)3'): unknown residue code 'LYS-(CH3)3': no match in p2smi database (checked Code='LYS-(CH3)3'); position 8 ('LYS-(CH3)3'): unknown residue code 'LYS-(CH3)3': no match in p2smi database (checked Code='LYS-(CH3)3')
13784,b3_excluded_residue_no_smiles,residue_based,position 3 ('5F-PHE'): unknown residue code '5F-PHE': no match in p2smi database (checked Code='5F-PHE')
13783,b3_excluded_residue_no_smiles,residue_based,"position 3 ('2,4,6-F-PHE'): unknown residue code '2,4,6-F-PHE': no match in p2smi database (checked Code='2,4,6-F-PHE')"
13779,b3_excluded_residue_no_smiles,residue_based,position 3 ('DIP'): unknown residue code 'DIP': no match in p2smi database (checked Code='DIP')
13799,b2_excluded_unsupported_terminus,terminus_based,unsupported N-terminal modification 'C13' (only free amine or ACT acetylation supported)
13801,b2_excluded_unsupported_terminus,terminus_based,unsupported N-terminal modification 'C11' (only free amine or ACT acetylation supported)
13867,b3_excluded_residue_no_smiles,residue_based,position 1 ('Lys(N3)'): unknown residue code 'Lys(N3)': no match in p2smi database (checked Code='LYS(N3)')
13907,b2_excluded_unsupported_terminus,terminus_based,unsupported N-terminal modification '3-OH-C14' (only free amine or ACT acetylation supported)
13871,b1_excluded_non_monomer,out_of_scope,"non-monomer complexity (dimer/multi-peptide) -- not a single-chain SMILES peptide, out of scope for this dataset"
13869,b1_excluded_non_monomer,out_of_scope,"non-monomer complexity (dimer/multi-peptide) -- not a single-chain SMILES peptide, out of scope for this dataset"
13872,b1_excluded_non_monomer,out_of_scope,"non-monomer complexity (dimer/multi-peptide) -- not a single-chain SMILES peptide, out of scope for this dataset"
13868,b1_excluded_non_monomer,out_of_scope,"non-monomer complexity (dimer/multi-peptide) -- not a single-chain SMILES peptide, out of scope for this dataset"
13870,b1_excluded_non_monomer,out_of_scope,"non-monomer complexity (dimer/multi-peptide) -- not a single-chain SMILES peptide, out of scope for this dataset"
14063,b3_excluded_residue_no_smiles,residue_based,position 5 ('NLeu'): unknown residue code 'NLeu': no match in p2smi database (checked Code='NLEU'); position 9 ('NLeu'): unknown residue code 'NLeu': no match in p2smi database (checked Code='NLEU')
14065,b3_excluded_residue_no_smiles,residue_based,position 5 ('NLys'): unknown residue code 'NLys': no match in p2smi database (checked Code='NLYS'); position 9 ('NLys'): unknown residue code 'NLys': no match in p2smi database (checked Code='NLYS')
14079,b3_excluded_residue_no_smiles,residue_based,position 9 ('Thr(GlcNAc)'): unknown residue code 'Thr(GlcNAc)': no match in p2smi database (checked Code='THR(GLCNAC)')
14128,b3_excluded_residue_no_smiles,residue_based,"position 7 ('(S,S)-ACPC'): unknown residue code '(S,S)-ACPC': no match in p2smi database (checked Code='(S,S)-ACPC'); position 10 ('(S,S)-ACPC'): unknown residue code '(S,S)-ACPC': no match in p2smi database (checked Code='(S,S)-ACPC'); position 13 ('(S,S)-ACPC'): unknown residue code '(S,S)-ACPC': no match in p2smi database (checked Code='(S,S)-ACPC')"
14129,b3_excluded_residue_no_smiles,residue_based,position 7 ('DEtGly'): unknown residue code 'DEtGly': no match in p2smi database (checked Code='DETGLY'); position 10 ('DEtGly'): unknown residue code 'DEtGly': no match in p2smi database (checked Code='DETGLY'); position 13 ('DEtGly'): unknown residue code 'DEtGly': no match in p2smi database (checked Code='DETGLY')
14085,b1_excluded_non_monomer,out_of_scope,"non-monomer complexity (dimer/multi-peptide) -- not a single-chain SMILES peptide, out of scope for this dataset"
14131,b3_excluded_residue_no_smiles,residue_based,position 6 ('NLeu'): unknown residue code 'NLeu': no match in p2smi database (checked Code='NLEU'); position 13 ('NLeu'): unknown residue code 'NLeu': no match in p2smi database (checked Code='NLEU'); position 20 ('NLeu'): unknown residue code 'NLeu': no match in p2smi database (checked Code='NLEU')
14077,b1_excluded_non_monomer,out_of_scope,"non-monomer complexity (dimer/multi-peptide) -- not a single-chain SMILES peptide, out of scope for this dataset"
14133,b3_excluded_residue_no_smiles,residue_based,position 6 ('NLys'): unknown residue code 'NLys': no match in p2smi database (checked Code='NLYS'); position 13 ('NLys'): unknown residue code 'NLys': no match in p2smi database (checked Code='NLYS'); position 20 ('NLys'): unknown residue code 'NLys': no match in p2smi database (checked Code='NLYS')
14075,b1_excluded_non_monomer,out_of_scope,"non-monomer complexity (dimer/multi-peptide) -- not a single-chain SMILES peptide, out of scope for this dataset"
14095,b1_excluded_non_monomer,out_of_scope,"non-monomer complexity (dimer/multi-peptide) -- not a single-chain SMILES peptide, out of scope for this dataset"
14191,b3_excluded_residue_no_smiles,residue_based,"position 8 ('(S,S)-ACPC'): unknown residue code '(S,S)-ACPC': no match in p2smi database (checked Code='(S,S)-ACPC')"
14193,b3_excluded_residue_no_smiles,residue_based,"position 18 ('(S,S)-ACPC'): unknown residue code '(S,S)-ACPC': no match in p2smi database (checked Code='(S,S)-ACPC')"
14192,b3_excluded_residue_no_smiles,residue_based,"position 13 ('(S,S)-ACPC'): unknown residue code '(S,S)-ACPC': no match in p2smi database (checked Code='(S,S)-ACPC')"
14167,b1_excluded_non_monomer,out_of_scope,"non-monomer complexity (dimer/multi-peptide) -- not a single-chain SMILES peptide, out of scope for this dataset"
14173,b1_excluded_non_monomer,out_of_scope,"non-monomer complexity (dimer/multi-peptide) -- not a single-chain SMILES peptide, out of scope for this dataset"
14170,b1_excluded_non_monomer,out_of_scope,"non-monomer complexity (dimer/multi-peptide) -- not a single-chain SMILES peptide, out of scope for this dataset"
14090,b1_excluded_non_monomer,out_of_scope,"non-monomer complexity (dimer/multi-peptide) -- not a single-chain SMILES peptide, out of scope for this dataset"
14097,b1_excluded_non_monomer,out_of_scope,"non-monomer complexity (dimer/multi-peptide) -- not a single-chain SMILES peptide, out of scope for this dataset"
14196,b1_excluded_non_monomer,out_of_scope,"non-monomer complexity (dimer/multi-peptide) -- not a single-chain SMILES peptide, out of scope for this dataset"
14305,b3_excluded_residue_no_smiles,residue_based,position 2 ('His((CH2)7C6H5)2'): unknown residue code 'His((CH2)7C6H5)2': no match in p2smi database (checked Code='HIS((CH2)7C6H5)2')
14317,b3_excluded_residue_no_smiles,residue_based,position 1 ('TOAC'): unknown residue code 'TOAC': no match in p2smi database (checked Code='TOAC')
14318,b3_excluded_residue_no_smiles,residue_based,position 5 ('TOAC'): unknown residue code 'TOAC': no match in p2smi database (checked Code='TOAC')
14306,b3_excluded_residue_no_smiles,residue_based,position 2 ('His((CH2)3C6H5)2'): unknown residue code 'His((CH2)3C6H5)2': no match in p2smi database (checked Code='HIS((CH2)3C6H5)2')
14310,b3_excluded_residue_no_smiles,residue_based,"position 1 ('X'): unresolved residue character, no unusualAminoAcids annotation covers this position; position 2 ('His((CH2)7C6H5)2'): unknown residue code 'His((CH2)7C6H5)2': no match in p2smi database (checked Code='HIS((CH2)7C6H5)2')"
14308,b3_excluded_residue_no_smiles,residue_based,position 2 ('His((CH2)7C6H5)'): unknown residue code 'His((CH2)7C6H5)': no match in p2smi database (checked Code='HIS((CH2)7C6H5)')
14311,b3_excluded_residue_no_smiles,residue_based,position 1 ('His((CH2)7C6H5)2'): unknown residue code 'His((CH2)7C6H5)2': no match in p2smi database (checked Code='HIS((CH2)7C6H5)2'); position 3 ('His((CH2)7C6H5)2'): unknown residue code 'His((CH2)7C6H5)2': no match in p2smi database (checked Code='HIS((CH2)7C6H5)2')
14309,b3_excluded_residue_no_smiles,residue_based,position 2 ('His((CH2)7C6H5)2'): unknown residue code 'His((CH2)7C6H5)2': no match in p2smi database (checked Code='HIS((CH2)7C6H5)2')
14307,b3_excluded_residue_no_smiles,residue_based,position 1 ('His((CH2)7C6H5)2'): unknown residue code 'His((CH2)7C6H5)2': no match in p2smi database (checked Code='HIS((CH2)7C6H5)2')
14319,b2_excluded_unsupported_terminus,terminus_based,unsupported N-terminal modification 'B7' (only free amine or ACT acetylation supported)
14370,b3_excluded_residue_no_smiles,residue_based,position 4 ('D-LYS-C14'): unknown residue code 'D-LYS-C14': no match in p2smi database (checked Code='LYS-C14')
14365,b3_excluded_residue_no_smiles,residue_based,position 4 ('D-LYS-C4'): unknown residue code 'D-LYS-C4': no match in p2smi database (checked Code='LYS-C4')
14377,b3_excluded_residue_no_smiles,residue_based,position 7 ('D-LYS-C14'): unknown residue code 'D-LYS-C14': no match in p2smi database (checked Code='LYS-C14')
14378,b3_excluded_residue_no_smiles,residue_based,position 7 ('D-LYS-C16'): unknown residue code 'D-LYS-C16': no match in p2smi database (checked Code='LYS-C16')
14371,b3_excluded_residue_no_smiles,residue_based,position 4 ('D-LYS-C16'): unknown residue code 'D-LYS-C16': no match in p2smi database (checked Code='LYS-C16')
14366,b3_excluded_residue_no_smiles,residue_based,position 4 ('D-LYS-C6'): unknown residue code 'D-LYS-C6': no match in p2smi database (checked Code='LYS-C6')
14373,b3_excluded_residue_no_smiles,residue_based,position 7 ('D-LYS-C6'): unknown residue code 'D-LYS-C6': no match in p2smi database (checked Code='LYS-C6')
14389,b2_excluded_unsupported_terminus,terminus_based,unsupported N-terminal modification 'MPA' (only free amine or ACT acetylation supported)
14369,b3_excluded_residue_no_smiles,residue_based,position 4 ('D-LYS-C12'): unknown residue code 'D-LYS-C12': no match in p2smi database (checked Code='LYS-C12')
14376,b3_excluded_residue_no_smiles,residue_based,position 7 ('D-LYS-C12'): unknown residue code 'D-LYS-C12': no match in p2smi database (checked Code='LYS-C12')
14368,b3_excluded_residue_no_smiles,residue_based,position 4 ('D-LYS-C10'): unknown residue code 'D-LYS-C10': no match in p2smi database (checked Code='LYS-C10')
14375,b3_excluded_residue_no_smiles,residue_based,position 7 ('D-LYS-C10'): unknown residue code 'D-LYS-C10': no match in p2smi database (checked Code='LYS-C10')
14372,b3_excluded_residue_no_smiles,residue_based,position 7 ('D-LYS-C4'): unknown residue code 'D-LYS-C4': no match in p2smi database (checked Code='LYS-C4')
14446,b3_excluded_residue_no_smiles,residue_based,position 1 ('HPhe'): unknown residue code 'HPhe': no match in p2smi database (checked Code='HPHE')
14395,b1_excluded_non_monomer,out_of_scope,"non-monomer complexity (dimer/multi-peptide) -- not a single-chain SMILES peptide, out of scope for this dataset"
14504,b3_excluded_residue_no_smiles,residue_based,position 3 ('HPhe'): unknown residue code 'HPhe': no match in p2smi database (checked Code='HPHE')
1079,b3_excluded_residue_no_smiles,residue_based,position 2 ('DHB'): unknown residue code 'DHB': no match in p2smi database (checked Code='DHB'); position 5 ('DHA'): unknown residue code 'DHA': no match in p2smi database (checked Code='DHA'); position 33 ('DHA'): unknown residue code 'DHA': no match in p2smi database (checked Code='DHA')
2746,b1_excluded_non_monomer,out_of_scope,"non-monomer complexity (dimer/multi-peptide) -- not a single-chain SMILES peptide, out of scope for this dataset"
8017,b1_excluded_non_monomer,out_of_scope,"non-monomer complexity (dimer/multi-peptide) -- not a single-chain SMILES peptide, out of scope for this dataset"
8245,b1_excluded_non_monomer,out_of_scope,"non-monomer complexity (dimer/multi-peptide) -- not a single-chain SMILES peptide, out of scope for this dataset"
8240,b1_excluded_non_monomer,out_of_scope,"non-monomer complexity (dimer/multi-peptide) -- not a single-chain SMILES peptide, out of scope for this dataset"
8250,b1_excluded_non_monomer,out_of_scope,"non-monomer complexity (dimer/multi-peptide) -- not a single-chain SMILES peptide, out of scope for this dataset"
8256,b1_excluded_non_monomer,out_of_scope,"non-monomer complexity (dimer/multi-peptide) -- not a single-chain SMILES peptide, out of scope for this dataset"
8334,b1_excluded_non_monomer,out_of_scope,"non-monomer complexity (dimer/multi-peptide) -- not a single-chain SMILES peptide, out of scope for this dataset"
8332,b1_excluded_non_monomer,out_of_scope,"non-monomer complexity (dimer/multi-peptide) -- not a single-chain SMILES peptide, out of scope for this dataset"
8261,b1_excluded_non_monomer,out_of_scope,"non-monomer complexity (dimer/multi-peptide) -- not a single-chain SMILES peptide, out of scope for this dataset"
6747,b1_excluded_non_monomer,out_of_scope,"non-monomer complexity (dimer/multi-peptide) -- not a single-chain SMILES peptide, out of scope for this dataset"
8263,b1_excluded_non_monomer,out_of_scope,"non-monomer complexity (dimer/multi-peptide) -- not a single-chain SMILES peptide, out of scope for this dataset"
8243,b1_excluded_non_monomer,out_of_scope,"non-monomer complexity (dimer/multi-peptide) -- not a single-chain SMILES peptide, out of scope for this dataset"
8249,b1_excluded_non_monomer,out_of_scope,"non-monomer complexity (dimer/multi-peptide) -- not a single-chain SMILES peptide, out of scope for this dataset"
8402,b1_excluded_non_monomer,out_of_scope,"non-monomer complexity (dimer/multi-peptide) -- not a single-chain SMILES peptide, out of scope for this dataset"
8238,b1_excluded_non_monomer,out_of_scope,"non-monomer complexity (dimer/multi-peptide) -- not a single-chain SMILES peptide, out of scope for this dataset"
8403,b1_excluded_non_monomer,out_of_scope,"non-monomer complexity (dimer/multi-peptide) -- not a single-chain SMILES peptide, out of scope for this dataset"
8405,b1_excluded_non_monomer,out_of_scope,"non-monomer complexity (dimer/multi-peptide) -- not a single-chain SMILES peptide, out of scope for this dataset"
8404,b1_excluded_non_monomer,out_of_scope,"non-monomer complexity (dimer/multi-peptide) -- not a single-chain SMILES peptide, out of scope for this dataset"
8255,b1_excluded_non_monomer,out_of_scope,"non-monomer complexity (dimer/multi-peptide) -- not a single-chain SMILES peptide, out of scope for this dataset"
8406,b1_excluded_non_monomer,out_of_scope,"non-monomer complexity (dimer/multi-peptide) -- not a single-chain SMILES peptide, out of scope for this dataset"
8407,b1_excluded_non_monomer,out_of_scope,"non-monomer complexity (dimer/multi-peptide) -- not a single-chain SMILES peptide, out of scope for this dataset"
8260,b1_excluded_non_monomer,out_of_scope,"non-monomer complexity (dimer/multi-peptide) -- not a single-chain SMILES peptide, out of scope for this dataset"
8409,b1_excluded_non_monomer,out_of_scope,"non-monomer complexity (dimer/multi-peptide) -- not a single-chain SMILES peptide, out of scope for this dataset"
8408,b1_excluded_non_monomer,out_of_scope,"non-monomer complexity (dimer/multi-peptide) -- not a single-chain SMILES peptide, out of scope for this dataset"
8410,b1_excluded_non_monomer,out_of_scope,"non-monomer complexity (dimer/multi-peptide) -- not a single-chain SMILES peptide, out of scope for this dataset"
8411,b1_excluded_non_monomer,out_of_scope,"non-monomer complexity (dimer/multi-peptide) -- not a single-chain SMILES peptide, out of scope for this dataset"
8414,b1_excluded_non_monomer,out_of_scope,"non-monomer complexity (dimer/multi-peptide) -- not a single-chain SMILES peptide, out of scope for this dataset"
8412,b1_excluded_non_monomer,out_of_scope,"non-monomer complexity (dimer/multi-peptide) -- not a single-chain SMILES peptide, out of scope for this dataset"
11016,b1_excluded_non_monomer,out_of_scope,"non-monomer complexity (dimer/multi-peptide) -- not a single-chain SMILES peptide, out of scope for this dataset"
8415,b1_excluded_non_monomer,out_of_scope,"non-monomer complexity (dimer/multi-peptide) -- not a single-chain SMILES peptide, out of scope for this dataset"
8413,b1_excluded_non_monomer,out_of_scope,"non-monomer complexity (dimer/multi-peptide) -- not a single-chain SMILES peptide, out of scope for this dataset"
10107,b1_excluded_non_monomer,out_of_scope,"non-monomer complexity (dimer/multi-peptide) -- not a single-chain SMILES peptide, out of scope for this dataset"
9483,b1_excluded_non_monomer,out_of_scope,"non-monomer complexity (dimer/multi-peptide) -- not a single-chain SMILES peptide, out of scope for this dataset"
10443,b1_excluded_non_monomer,out_of_scope,"non-monomer complexity (dimer/multi-peptide) -- not a single-chain SMILES peptide, out of scope for this dataset"
11029,b1_excluded_non_monomer,out_of_scope,"non-monomer complexity (dimer/multi-peptide) -- not a single-chain SMILES peptide, out of scope for this dataset"
11032,b1_excluded_non_monomer,out_of_scope,"non-monomer complexity (dimer/multi-peptide) -- not a single-chain SMILES peptide, out of scope for this dataset"
10693,b1_excluded_non_monomer,out_of_scope,"non-monomer complexity (dimer/multi-peptide) -- not a single-chain SMILES peptide, out of scope for this dataset"
10335,b1_excluded_non_monomer,out_of_scope,"non-monomer complexity (dimer/multi-peptide) -- not a single-chain SMILES peptide, out of scope for this dataset"
10333,b1_excluded_non_monomer,out_of_scope,"non-monomer complexity (dimer/multi-peptide) -- not a single-chain SMILES peptide, out of scope for this dataset"
11089,b3_excluded_residue_no_smiles,residue_based,position 1 ('LYS-C4'): unknown residue code 'LYS-C4': no match in p2smi database (checked Code='LYS-C4')
11088,b3_excluded_residue_no_smiles,residue_based,position 1 ('LYS-ACT'): unknown residue code 'LYS-ACT': no match in p2smi database (checked Code='LYS-ACT')
10334,b1_excluded_non_monomer,out_of_scope,"non-monomer complexity (dimer/multi-peptide) -- not a single-chain SMILES peptide, out of scope for this dataset"
11090,b3_excluded_residue_no_smiles,residue_based,position 1 ('LYS-C6'): unknown residue code 'LYS-C6': no match in p2smi database (checked Code='LYS-C6')
9182,b1_excluded_non_monomer,out_of_scope,"non-monomer complexity (dimer/multi-peptide) -- not a single-chain SMILES peptide, out of scope for this dataset"
11095,b3_excluded_residue_no_smiles,residue_based,position 7 ('LYS-ACT'): unknown residue code 'LYS-ACT': no match in p2smi database (checked Code='LYS-ACT')
11096,b3_excluded_residue_no_smiles,residue_based,position 7 ('LYS-C4'): unknown residue code 'LYS-C4': no match in p2smi database (checked Code='LYS-C4')
11097,b3_excluded_residue_no_smiles,residue_based,position 7 ('LYS-C6'): unknown residue code 'LYS-C6': no match in p2smi database (checked Code='LYS-C6')
11103,b2_excluded_unsupported_terminus,terminus_based,unsupported N-terminal modification 'AdAcA' (only free amine or ACT acetylation supported)
11107,b2_excluded_unsupported_terminus,terminus_based,unsupported N-terminal modification 'AdAcA' (only free amine or ACT acetylation supported)
11111,b2_excluded_unsupported_terminus,terminus_based,unsupported N-terminal modification 'AdAcA' (only free amine or ACT acetylation supported)
11115,b2_excluded_unsupported_terminus,terminus_based,unsupported N-terminal modification 'AdAcA' (only free amine or ACT acetylation supported)
11143,b3_excluded_residue_no_smiles,residue_based,"position 6 ('N,N,N-Me-D-Orn'): unknown residue code 'N,N,N-Me-D-Orn': no match in p2smi database (checked Code='N,N,N-ME-D-ORN')"
11144,b3_excluded_residue_no_smiles,residue_based,position 6 ('MOR-D-Orn'): unknown residue code 'MOR-D-Orn': no match in p2smi database (checked Code='MOR-D-ORN')
11146,b3_excluded_residue_no_smiles,residue_based,position 6 ('iPr-D-Orn'): unknown residue code 'iPr-D-Orn': no match in p2smi database (checked Code='IPR-D-ORN')
11142,b3_excluded_residue_no_smiles,residue_based,"position 6 ('N,N-Me-D-Orn'): unknown residue code 'N,N-Me-D-Orn': no match in p2smi database (checked Code='N,N-ME-D-ORN')"
11145,b3_excluded_residue_no_smiles,residue_based,position 6 ('ACT-D-Orn'): unknown residue code 'ACT-D-Orn': no match in p2smi database (checked Code='ACT-D-ORN')
11148,b3_excluded_residue_no_smiles,residue_based,position 1 ('NF-KYN'): unknown residue code 'NF-KYN': no match in p2smi database (checked Code='NF-KYN')
11152,b2_excluded_unsupported_terminus,terminus_based,unsupported N-terminal modification '16-OH-C16' (only free amine or ACT acetylation supported)
11155,b2_excluded_unsupported_terminus,terminus_based,unsupported N-terminal modification 'C16' (only free amine or ACT acetylation supported)
11153,b2_excluded_unsupported_terminus,terminus_based,unsupported N-terminal modification '16-OH-C16' (only free amine or ACT acetylation supported)
11154,b2_excluded_unsupported_terminus,terminus_based,unsupported N-terminal modification '16-OH-C16' (only free amine or ACT acetylation supported)
11180,b2_excluded_unsupported_terminus,terminus_based,unsupported N-terminal modification 'C20' (only free amine or ACT acetylation supported)
11178,b2_excluded_unsupported_terminus,terminus_based,unsupported N-terminal modification 'C14' (only free amine or ACT acetylation supported)
11176,b3_excluded_residue_no_smiles,residue_based,position 4 ('NLys'): unknown residue code 'NLys': no match in p2smi database (checked Code='NLYS'); position 8 ('NLys'): unknown residue code 'NLys': no match in p2smi database (checked Code='NLYS')
11175,b3_excluded_residue_no_smiles,residue_based,position 5 ('NLys'): unknown residue code 'NLys': no match in p2smi database (checked Code='NLYS'); position 9 ('NLys'): unknown residue code 'NLys': no match in p2smi database (checked Code='NLYS')
11177,b3_excluded_residue_no_smiles,residue_based,position 3 ('NLys'): unknown residue code 'NLys': no match in p2smi database (checked Code='NLYS'); position 7 ('NLys'): unknown residue code 'NLys': no match in p2smi database (checked Code='NLYS'); position 10 ('NLys'): unknown residue code 'NLys': no match in p2smi database (checked Code='NLYS')
11183,b2_excluded_unsupported_terminus,terminus_based,unsupported N-terminal modification 'C20' (only free amine or ACT acetylation supported)
11182,b2_excluded_unsupported_terminus,terminus_based,unsupported N-terminal modification 'C16' (only free amine or ACT acetylation supported)
11179,b2_excluded_unsupported_terminus,terminus_based,unsupported N-terminal modification 'C16' (only free amine or ACT acetylation supported)
11181,b2_excluded_unsupported_terminus,terminus_based,unsupported N-terminal modification 'C14' (only free amine or ACT acetylation supported)
11189,b2_excluded_unsupported_terminus,terminus_based,unsupported N-terminal modification '3-OH-7-Me-C8' (only free amine or ACT acetylation supported)
11190,b2_excluded_unsupported_terminus,terminus_based,unsupported N-terminal modification '3-OH-7-Me-C8' (only free amine or ACT acetylation supported)
11225,b2_excluded_unsupported_terminus,terminus_based,unsupported N-terminal modification 'Boc' (only free amine or ACT acetylation supported)
11239,b2_excluded_unsupported_terminus,terminus_based,unsupported N-terminal modification 'Boc' (only free amine or ACT acetylation supported)
11245,b2_excluded_unsupported_terminus,terminus_based,unsupported N-terminal modification 'Boc' (only free amine or ACT acetylation supported)
11247,b2_excluded_unsupported_terminus,terminus_based,unsupported N-terminal modification 'Boc' (only free amine or ACT acetylation supported)
11307,b3_excluded_residue_no_smiles,residue_based,position 2 ('Agb'): unknown residue code 'Agb': no match in p2smi database (checked Code='AGB'); position 3 ('Agb'): unknown residue code 'Agb': no match in p2smi database (checked Code='AGB'); position 12 ('Agb'): unknown residue code 'Agb': no match in p2smi database (checked Code='AGB'); position 13 ('Agb'): unknown residue code 'Agb': no match in p2smi database (checked Code='AGB')
11344,b2_excluded_unsupported_terminus,terminus_based,unsupported N-terminal modification '3-OH-4-Me-C15' (only free amine or ACT acetylation supported)
11334,b1_excluded_non_monomer,out_of_scope,"non-monomer complexity (dimer/multi-peptide) -- not a single-chain SMILES peptide, out of scope for this dataset"
11391,b3_excluded_residue_no_smiles,residue_based,"position 6 ('Et-Cys'): unknown residue code 'Et-Cys': no match in p2smi database (checked Code='ET-CYS'); position 8 ('Et-Cys'): unknown residue code 'Et-Cys': no match in p2smi database (checked Code='ET-CYS'); position 13 ('Et-Cys'): unknown residue code 'Et-Cys': no match in p2smi database (checked Code='ET-CYS'); position 15 ('Et-Cys'): unknown residue code 'Et-Cys': no match in p2smi database (checked Code='ET-CYS'); position 16 ('X'): unresolved residue character, no unusualAminoAcids annotation covers this position"
11442,b2_excluded_unsupported_terminus,terminus_based,unsupported N-terminal modification '4-Me-C6' (only free amine or ACT acetylation supported)
11467,b3_excluded_residue_no_smiles,residue_based,position 22 ('CYS-S-HexNAc'): unknown residue code 'CYS-S-HexNAc': no match in p2smi database (checked Code='CYS-S-HEXNAC')
11514,b3_excluded_residue_no_smiles,residue_based,position 2 ('β-hARG'): unknown residue code 'β-hARG': no match in p2smi database (checked Code='Β-HARG'); position 5 ('β-hARG'): unknown residue code 'β-hARG': no match in p2smi database (checked Code='Β-HARG')
11513,b3_excluded_residue_no_smiles,residue_based,position 2 ('β-hARG'): unknown residue code 'β-hARG': no match in p2smi database (checked Code='Β-HARG'); position 5 ('β-hARG'): unknown residue code 'β-hARG': no match in p2smi database (checked Code='Β-HARG')
11515,b3_excluded_residue_no_smiles,residue_based,position 2 ('β-hARG'): unknown residue code 'β-hARG': no match in p2smi database (checked Code='Β-HARG'); position 5 ('β-hARG'): unknown residue code 'β-hARG': no match in p2smi database (checked Code='Β-HARG')
11516,b3_excluded_residue_no_smiles,residue_based,position 2 ('β-hARG'): unknown residue code 'β-hARG': no match in p2smi database (checked Code='Β-HARG'); position 5 ('β-hARG'): unknown residue code 'β-hARG': no match in p2smi database (checked Code='Β-HARG')
11517,b3_excluded_residue_no_smiles,residue_based,position 4 ('β-hTrp'): unknown residue code 'β-hTrp': no match in p2smi database (checked Code='Β-HTRP'); position 6 ('β-hTrp'): unknown residue code 'β-hTrp': no match in p2smi database (checked Code='Β-HTRP')
11574,b3_excluded_residue_no_smiles,residue_based,position 1 ('LYS-C6'): unknown residue code 'LYS-C6': no match in p2smi database (checked Code='LYS-C6')
11575,b3_excluded_residue_no_smiles,residue_based,position 2 ('LYS-C6'): unknown residue code 'LYS-C6': no match in p2smi database (checked Code='LYS-C6')
11582,b3_excluded_residue_no_smiles,residue_based,position 6 ('LYS-C6'): unknown residue code 'LYS-C6': no match in p2smi database (checked Code='LYS-C6')
11576,b3_excluded_residue_no_smiles,residue_based,position 3 ('LYS-C6'): unknown residue code 'LYS-C6': no match in p2smi database (checked Code='LYS-C6')
11580,b3_excluded_residue_no_smiles,residue_based,position 4 ('LYS-C6'): unknown residue code 'LYS-C6': no match in p2smi database (checked Code='LYS-C6')
11581,b3_excluded_residue_no_smiles,residue_based,position 5 ('LYS-C6'): unknown residue code 'LYS-C6': no match in p2smi database (checked Code='LYS-C6')
11584,b3_excluded_residue_no_smiles,residue_based,position 8 ('LYS-C6'): unknown residue code 'LYS-C6': no match in p2smi database (checked Code='LYS-C6')
11583,b3_excluded_residue_no_smiles,residue_based,position 7 ('LYS-C6'): unknown residue code 'LYS-C6': no match in p2smi database (checked Code='LYS-C6')
11590,b3_excluded_residue_no_smiles,residue_based,position 2 ('LYS-C4'): unknown residue code 'LYS-C4': no match in p2smi database (checked Code='LYS-C4')
11585,b3_excluded_residue_no_smiles,residue_based,position 9 ('LYS-C6'): unknown residue code 'LYS-C6': no match in p2smi database (checked Code='LYS-C6')
11586,b3_excluded_residue_no_smiles,residue_based,position 10 ('LYS-C6'): unknown residue code 'LYS-C6': no match in p2smi database (checked Code='LYS-C6')
11587,b3_excluded_residue_no_smiles,residue_based,position 11 ('LYS-C6'): unknown residue code 'LYS-C6': no match in p2smi database (checked Code='LYS-C6')
11595,b3_excluded_residue_no_smiles,residue_based,position 7 ('LYS-C4'): unknown residue code 'LYS-C4': no match in p2smi database (checked Code='LYS-C4')
11593,b3_excluded_residue_no_smiles,residue_based,position 5 ('LYS-C4'): unknown residue code 'LYS-C4': no match in p2smi database (checked Code='LYS-C4')
11597,b3_excluded_residue_no_smiles,residue_based,position 9 ('LYS-C4'): unknown residue code 'LYS-C4': no match in p2smi database (checked Code='LYS-C4')
11594,b3_excluded_residue_no_smiles,residue_based,position 6 ('LYS-C4'): unknown residue code 'LYS-C4': no match in p2smi database (checked Code='LYS-C4')
11596,b3_excluded_residue_no_smiles,residue_based,position 8 ('LYS-C4'): unknown residue code 'LYS-C4': no match in p2smi database (checked Code='LYS-C4')
11592,b3_excluded_residue_no_smiles,residue_based,position 4 ('LYS-C4'): unknown residue code 'LYS-C4': no match in p2smi database (checked Code='LYS-C4')
11598,b3_excluded_residue_no_smiles,residue_based,position 10 ('LYS-C4'): unknown residue code 'LYS-C4': no match in p2smi database (checked Code='LYS-C4')
11589,b3_excluded_residue_no_smiles,residue_based,position 1 ('LYS-C4'): unknown residue code 'LYS-C4': no match in p2smi database (checked Code='LYS-C4')
11591,b3_excluded_residue_no_smiles,residue_based,position 3 ('LYS-C4'): unknown residue code 'LYS-C4': no match in p2smi database (checked Code='LYS-C4')
11599,b3_excluded_residue_no_smiles,residue_based,"position 10 ('LYS-C4'): unknown residue code 'LYS-C4': no match in p2smi database (checked Code='LYS-C4'); position 11 ('X'): unresolved residue character, no unusualAminoAcids annotation covers this position"
11630,b1_excluded_non_monomer,out_of_scope,"non-monomer complexity (dimer/multi-peptide) -- not a single-chain SMILES peptide, out of scope for this dataset"
11627,b1_excluded_non_monomer,out_of_scope,"non-monomer complexity (dimer/multi-peptide) -- not a single-chain SMILES peptide, out of scope for this dataset"
11633,b1_excluded_non_monomer,out_of_scope,"non-monomer complexity (dimer/multi-peptide) -- not a single-chain SMILES peptide, out of scope for this dataset"
11685,b2_excluded_unsupported_terminus,terminus_based,unsupported N-terminal modification 'C6' (only free amine or ACT acetylation supported)
11684,b2_excluded_unsupported_terminus,terminus_based,unsupported N-terminal modification 'C6' (only free amine or ACT acetylation supported)
11670,b1_excluded_non_monomer,out_of_scope,"non-monomer complexity (dimer/multi-peptide) -- not a single-chain SMILES peptide, out of scope for this dataset"
11686,b1_excluded_non_monomer,out_of_scope,"non-monomer complexity (dimer/multi-peptide) -- not a single-chain SMILES peptide, out of scope for this dataset"
11673,b1_excluded_non_monomer,out_of_scope,"non-monomer complexity (dimer/multi-peptide) -- not a single-chain SMILES peptide, out of scope for this dataset"
11680,b1_excluded_non_monomer,out_of_scope,"non-monomer complexity (dimer/multi-peptide) -- not a single-chain SMILES peptide, out of scope for this dataset"
11689,b1_excluded_non_monomer,out_of_scope,"non-monomer complexity (dimer/multi-peptide) -- not a single-chain SMILES peptide, out of scope for this dataset"
11683,b1_excluded_non_monomer,out_of_scope,"non-monomer complexity (dimer/multi-peptide) -- not a single-chain SMILES peptide, out of scope for this dataset"
11698,b1_excluded_non_monomer,out_of_scope,"non-monomer complexity (dimer/multi-peptide) -- not a single-chain SMILES peptide, out of scope for this dataset"
11692,b1_excluded_non_monomer,out_of_scope,"non-monomer complexity (dimer/multi-peptide) -- not a single-chain SMILES peptide, out of scope for this dataset"
11695,b1_excluded_non_monomer,out_of_scope,"non-monomer complexity (dimer/multi-peptide) -- not a single-chain SMILES peptide, out of scope for this dataset"
11711,b1_excluded_non_monomer,out_of_scope,"non-monomer complexity (dimer/multi-peptide) -- not a single-chain SMILES peptide, out of scope for this dataset"
11708,b1_excluded_non_monomer,out_of_scope,"non-monomer complexity (dimer/multi-peptide) -- not a single-chain SMILES peptide, out of scope for this dataset"
11705,b1_excluded_non_monomer,out_of_scope,"non-monomer complexity (dimer/multi-peptide) -- not a single-chain SMILES peptide, out of scope for this dataset"
11714,b1_excluded_non_monomer,out_of_scope,"non-monomer complexity (dimer/multi-peptide) -- not a single-chain SMILES peptide, out of scope for this dataset"
11717,b1_excluded_non_monomer,out_of_scope,"non-monomer complexity (dimer/multi-peptide) -- not a single-chain SMILES peptide, out of scope for this dataset"
11720,b1_excluded_non_monomer,out_of_scope,"non-monomer complexity (dimer/multi-peptide) -- not a single-chain SMILES peptide, out of scope for this dataset"
11727,b1_excluded_non_monomer,out_of_scope,"non-monomer complexity (dimer/multi-peptide) -- not a single-chain SMILES peptide, out of scope for this dataset"
11724,b1_excluded_non_monomer,out_of_scope,"non-monomer complexity (dimer/multi-peptide) -- not a single-chain SMILES peptide, out of scope for this dataset"
11730,b1_excluded_non_monomer,out_of_scope,"non-monomer complexity (dimer/multi-peptide) -- not a single-chain SMILES peptide, out of scope for this dataset"
11767,b2_excluded_unsupported_terminus,terminus_based,unsupported N-terminal modification 'C5' (only free amine or ACT acetylation supported)
11769,b2_excluded_unsupported_terminus,terminus_based,unsupported C-terminal modification 'ARGol' (only free acid or AMD amidation supported)
11763,b2_excluded_unsupported_terminus,terminus_based,unsupported C-terminal modification 'NH-NH2' (only free acid or AMD amidation supported)
11797,b3_excluded_residue_no_smiles,residue_based,position 1 ('Ac6c'): unknown residue code 'Ac6c': no match in p2smi database (checked Code='AC6C'); position 20 ('Me-ARG'): unknown residue code 'Me-ARG': no match in p2smi database (checked Code='ME-ARG')
11876,b3_excluded_residue_no_smiles,residue_based,position 3 ('DIP'): unknown residue code 'DIP': no match in p2smi database (checked Code='DIP')
11878,b3_excluded_residue_no_smiles,residue_based,position 7 ('DIP'): unknown residue code 'DIP': no match in p2smi database (checked Code='DIP')
11877,b3_excluded_residue_no_smiles,residue_based,position 4 ('DIP'): unknown residue code 'DIP': no match in p2smi database (checked Code='DIP')
11879,b3_excluded_residue_no_smiles,residue_based,position 8 ('DIP'): unknown residue code 'DIP': no match in p2smi database (checked Code='DIP')
11895,b3_excluded_residue_no_smiles,residue_based,position 4 ('DIP'): unknown residue code 'DIP': no match in p2smi database (checked Code='DIP'); position 8 ('DIP'): unknown residue code 'DIP': no match in p2smi database (checked Code='DIP')
11899,b3_excluded_residue_no_smiles,residue_based,position 4 ('Anth-ALA'): unknown residue code 'Anth-ALA': no match in p2smi database (checked Code='ANTH-ALA')
11902,b3_excluded_residue_no_smiles,residue_based,position 4 ('DIP'): unknown residue code 'DIP': no match in p2smi database (checked Code='DIP')
11903,b3_excluded_residue_no_smiles,residue_based,position 4 ('DIP'): unknown residue code 'DIP': no match in p2smi database (checked Code='DIP')
11904,b3_excluded_residue_no_smiles,residue_based,position 1 ('DAP'): unknown residue code 'DAP': no match in p2smi database (checked Code='DAP'); position 2 ('DAP'): unknown residue code 'DAP': no match in p2smi database (checked Code='DAP'); position 4 ('DIP'): unknown residue code 'DIP': no match in p2smi database (checked Code='DIP'); position 5 ('DAP'): unknown residue code 'DAP': no match in p2smi database (checked Code='DAP'); position 6 ('DAP'): unknown residue code 'DAP': no match in p2smi database (checked Code='DAP'); position 9 ('DAP'): unknown residue code 'DAP': no match in p2smi database (checked Code='DAP')
11906,b3_excluded_residue_no_smiles,residue_based,position 4 ('DIP'): unknown residue code 'DIP': no match in p2smi database (checked Code='DIP')
11905,b3_excluded_residue_no_smiles,residue_based,position 4 ('DIP'): unknown residue code 'DIP': no match in p2smi database (checked Code='DIP')
11910,b3_excluded_residue_no_smiles,residue_based,position 5 ('DIP'): unknown residue code 'DIP': no match in p2smi database (checked Code='DIP')
11901,b3_excluded_residue_no_smiles,residue_based,position 3 ('D-BIP'): unknown residue code 'D-BIP': no match in p2smi database (checked Code='BIP')
11915,b4_excluded_nonstandard_bond,bond_based,bond constraint 'SCSC' not auto-generated in this pass (requires side-chain donor/acceptor role assignment)
11913,b4_excluded_nonstandard_bond,bond_based,bond constraint 'SCSC' not auto-generated in this pass (requires side-chain donor/acceptor role assignment)
11909,b3_excluded_residue_no_smiles,residue_based,position 6 ('DIP'): unknown residue code 'DIP': no match in p2smi database (checked Code='DIP')
11908,b3_excluded_residue_no_smiles,residue_based,position 7 ('DIP'): unknown residue code 'DIP': no match in p2smi database (checked Code='DIP')
11917,b4_excluded_nonstandard_bond,bond_based,bond constraint 'SCSC' not auto-generated in this pass (requires side-chain donor/acceptor role assignment)
11919,b4_excluded_nonstandard_bond,bond_based,bond constraint 'SCSC' not auto-generated in this pass (requires side-chain donor/acceptor role assignment)
11916,b4_excluded_nonstandard_bond,bond_based,bond constraint 'SCSC' not auto-generated in this pass (requires side-chain donor/acceptor role assignment)
11921,b4_excluded_nonstandard_bond,bond_based,bond constraint 'SCSC' not auto-generated in this pass (requires side-chain donor/acceptor role assignment)
11918,b4_excluded_nonstandard_bond,bond_based,bond constraint 'SCSC' not auto-generated in this pass (requires side-chain donor/acceptor role assignment)
11914,b4_excluded_nonstandard_bond,bond_based,bond constraint 'SCSC' not auto-generated in this pass (requires side-chain donor/acceptor role assignment)
11922,b4_excluded_nonstandard_bond,bond_based,bond constraint 'SCSC' not auto-generated in this pass (requires side-chain donor/acceptor role assignment)
11907,b3_excluded_residue_no_smiles,residue_based,position 5 ('DIP'): unknown residue code 'DIP': no match in p2smi database (checked Code='DIP')
11929,b4_excluded_nonstandard_bond,bond_based,bond constraint 'SCSC' not auto-generated in this pass (requires side-chain donor/acceptor role assignment)
11924,b4_excluded_nonstandard_bond,bond_based,bond constraint 'SCSC' not auto-generated in this pass (requires side-chain donor/acceptor role assignment)
11925,b4_excluded_nonstandard_bond,bond_based,bond constraint 'SCSC' not auto-generated in this pass (requires side-chain donor/acceptor role assignment)
11928,b4_excluded_nonstandard_bond,bond_based,bond constraint 'SCSC' not auto-generated in this pass (requires side-chain donor/acceptor role assignment)
11926,b4_excluded_nonstandard_bond,bond_based,bond constraint 'SCSC' not auto-generated in this pass (requires side-chain donor/acceptor role assignment)
11927,b4_excluded_nonstandard_bond,bond_based,bond constraint 'SCSC' not auto-generated in this pass (requires side-chain donor/acceptor role assignment)
11923,b4_excluded_nonstandard_bond,bond_based,bond constraint 'SCSC' not auto-generated in this pass (requires side-chain donor/acceptor role assignment)
11932,b4_excluded_nonstandard_bond,bond_based,bond constraint 'SCSC' not auto-generated in this pass (requires side-chain donor/acceptor role assignment)
11930,b4_excluded_nonstandard_bond,bond_based,bond constraint 'SCSC' not auto-generated in this pass (requires side-chain donor/acceptor role assignment)
11931,b4_excluded_nonstandard_bond,bond_based,bond constraint 'SCSC' not auto-generated in this pass (requires side-chain donor/acceptor role assignment)
11949,b3_excluded_residue_no_smiles,residue_based,position 2 ('D-Me-Trp'): unknown residue code 'D-Me-Trp': no match in p2smi database (checked Code='ME-TRP'); position 9 ('Me-Trp'): unknown residue code 'Me-Trp': no match in p2smi database (checked Code='ME-TRP')
11948,b3_excluded_residue_no_smiles,residue_based,position 1 ('Me-CYS'): unknown residue code 'Me-CYS': no match in p2smi database (checked Code='ME-CYS'); position 9 ('Me-Trp'): unknown residue code 'Me-Trp': no match in p2smi database (checked Code='ME-TRP')
11950,b3_excluded_residue_no_smiles,residue_based,position 3 ('Me-Trp'): unknown residue code 'Me-Trp': no match in p2smi database (checked Code='ME-TRP'); position 7 ('Me-LYS'): unknown residue code 'Me-LYS': no match in p2smi database (checked Code='ME-LYS')
11969,b2_excluded_unsupported_terminus,terminus_based,unsupported N-terminal modification 'TFA' (only free amine or ACT acetylation supported)
11970,b2_excluded_unsupported_terminus,terminus_based,unsupported N-terminal modification 'TFA' (only free amine or ACT acetylation supported)
11968,b2_excluded_unsupported_terminus,terminus_based,unsupported N-terminal modification 'TFA' (only free amine or ACT acetylation supported)
11966,b2_excluded_unsupported_terminus,terminus_based,unsupported N-terminal modification 'TFA' (only free amine or ACT acetylation supported)
11965,b2_excluded_unsupported_terminus,terminus_based,unsupported N-terminal modification 'TFA' (only free amine or ACT acetylation supported)
11980,b2_excluded_unsupported_terminus,terminus_based,unsupported N-terminal modification 'TFA' (only free amine or ACT acetylation supported)
11967,b2_excluded_unsupported_terminus,terminus_based,unsupported N-terminal modification 'TFA' (only free amine or ACT acetylation supported)
11982,b2_excluded_unsupported_terminus,terminus_based,unsupported N-terminal modification 'TFA' (only free amine or ACT acetylation supported)
11979,b2_excluded_unsupported_terminus,terminus_based,unsupported N-terminal modification 'TFA' (only free amine or ACT acetylation supported)
11981,b2_excluded_unsupported_terminus,terminus_based,unsupported N-terminal modification 'TFA' (only free amine or ACT acetylation supported)
11986,b2_excluded_unsupported_terminus,terminus_based,"unsupported N-terminal modification '3,5 Bis-(Me)Tol' (only free amine or ACT acetylation supported)"
11987,b2_excluded_unsupported_terminus,terminus_based,"unsupported N-terminal modification '3,5 Bis-(Me)Tol' (only free amine or ACT acetylation supported)"
11988,b2_excluded_unsupported_terminus,terminus_based,"unsupported N-terminal modification '3,5 Bis-(Me)Tol' (only free amine or ACT acetylation supported)"
11992,b2_excluded_unsupported_terminus,terminus_based,"unsupported N-terminal modification '3,5 Bis-(Me)Tol' (only free amine or ACT acetylation supported)"
11985,b2_excluded_unsupported_terminus,terminus_based,"unsupported N-terminal modification '3,5 Bis-(Me)Tol' (only free amine or ACT acetylation supported)"
11991,b2_excluded_unsupported_terminus,terminus_based,"unsupported N-terminal modification '3,5 Bis-(Me)Tol' (only free amine or ACT acetylation supported)"
11993,b2_excluded_unsupported_terminus,terminus_based,"unsupported N-terminal modification '3,5 Bis-(Me)Tol' (only free amine or ACT acetylation supported)"
11997,b2_excluded_unsupported_terminus,terminus_based,"unsupported N-terminal modification '3,5 Bis-(Me)Tol' (only free amine or ACT acetylation supported)"
12000,b2_excluded_unsupported_terminus,terminus_based,"unsupported N-terminal modification '3,5 Bis-(Me)Tol' (only free amine or ACT acetylation supported)"
11999,b2_excluded_unsupported_terminus,terminus_based,"unsupported N-terminal modification '3,5 Bis-(Me)Tol' (only free amine or ACT acetylation supported)"
11998,b2_excluded_unsupported_terminus,terminus_based,"unsupported N-terminal modification '3,5 Bis-(Me)Tol' (only free amine or ACT acetylation supported)"
11996,b2_excluded_unsupported_terminus,terminus_based,"unsupported N-terminal modification '3,5 Bis-(Me)Tol' (only free amine or ACT acetylation supported)"
11994,b2_excluded_unsupported_terminus,terminus_based,"unsupported N-terminal modification '3,5 Bis-(Me)Tol' (only free amine or ACT acetylation supported)"
11990,b2_excluded_unsupported_terminus,terminus_based,"unsupported N-terminal modification '3,5 Bis-(Me)Tol' (only free amine or ACT acetylation supported)"
11995,b2_excluded_unsupported_terminus,terminus_based,"unsupported N-terminal modification '3,5 Bis-(Me)Tol' (only free amine or ACT acetylation supported)"
12001,b2_excluded_unsupported_terminus,terminus_based,"unsupported N-terminal modification '3,5 Bis-(Me)Tol' (only free amine or ACT acetylation supported)"
12003,b2_excluded_unsupported_terminus,terminus_based,"unsupported N-terminal modification '3,5 Bis-(Me)Tol' (only free amine or ACT acetylation supported)"
12002,b2_excluded_unsupported_terminus,terminus_based,"unsupported N-terminal modification '3,5 Bis-(Me)Tol' (only free amine or ACT acetylation supported)"
12007,b2_excluded_unsupported_terminus,terminus_based,"unsupported N-terminal modification '3,5 Bis-(Me)Tol' (only free amine or ACT acetylation supported)"
12005,b2_excluded_unsupported_terminus,terminus_based,"unsupported N-terminal modification '3,5 Bis-(Me)Tol' (only free amine or ACT acetylation supported)"
12006,b2_excluded_unsupported_terminus,terminus_based,"unsupported N-terminal modification '3,5 Bis-(Me)Tol' (only free amine or ACT acetylation supported)"
12004,b2_excluded_unsupported_terminus,terminus_based,"unsupported N-terminal modification '3,5 Bis-(Me)Tol' (only free amine or ACT acetylation supported)"
12009,b2_excluded_unsupported_terminus,terminus_based,"unsupported N-terminal modification '3,5 Bis-(Me)Tol' (only free amine or ACT acetylation supported)"
12014,b2_excluded_unsupported_terminus,terminus_based,"unsupported N-terminal modification '3,5 Bis-(Me)Tol' (only free amine or ACT acetylation supported)"
12012,b2_excluded_unsupported_terminus,terminus_based,"unsupported N-terminal modification '3,5 Bis-(Me)Tol' (only free amine or ACT acetylation supported)"
12015,b2_excluded_unsupported_terminus,terminus_based,"unsupported N-terminal modification '3,5 Bis-(Me)Tol' (only free amine or ACT acetylation supported)"
12013,b2_excluded_unsupported_terminus,terminus_based,"unsupported N-terminal modification '3,5 Bis-(Me)Tol' (only free amine or ACT acetylation supported)"
12011,b2_excluded_unsupported_terminus,terminus_based,"unsupported N-terminal modification '3,5 Bis-(Me)Tol' (only free amine or ACT acetylation supported)"
12010,b2_excluded_unsupported_terminus,terminus_based,"unsupported N-terminal modification '3,5 Bis-(Me)Tol' (only free amine or ACT acetylation supported)"
12008,b2_excluded_unsupported_terminus,terminus_based,"unsupported N-terminal modification '3,5 Bis-(Me)Tol' (only free amine or ACT acetylation supported)"
12022,b2_excluded_unsupported_terminus,terminus_based,"unsupported N-terminal modification '3,5 Bis-(Me)Tol' (only free amine or ACT acetylation supported)"
12020,b2_excluded_unsupported_terminus,terminus_based,"unsupported N-terminal modification '3,5 Bis-(Me)Tol' (only free amine or ACT acetylation supported)"
12023,b2_excluded_unsupported_terminus,terminus_based,"unsupported N-terminal modification '3,5 Bis-(Me)Tol' (only free amine or ACT acetylation supported)"
12025,b2_excluded_unsupported_terminus,terminus_based,"unsupported N-terminal modification '3,5 Bis-(Me)Tol' (only free amine or ACT acetylation supported)"
12027,b2_excluded_unsupported_terminus,terminus_based,"unsupported N-terminal modification '3,5 Bis-(Me)Tol' (only free amine or ACT acetylation supported)"
12028,b2_excluded_unsupported_terminus,terminus_based,"unsupported N-terminal modification '3,5 Bis-(Me)Tol' (only free amine or ACT acetylation supported)"
12026,b2_excluded_unsupported_terminus,terminus_based,"unsupported N-terminal modification '3,5 Bis-(Me)Tol' (only free amine or ACT acetylation supported)"
12030,b2_excluded_unsupported_terminus,terminus_based,"unsupported N-terminal modification '3,5 Bis-(Me)Tol' (only free amine or ACT acetylation supported)"
12029,b2_excluded_unsupported_terminus,terminus_based,"unsupported N-terminal modification '3,5 Bis-(Me)Tol' (only free amine or ACT acetylation supported)"
12036,b2_excluded_unsupported_terminus,terminus_based,"unsupported N-terminal modification '3,5 Bis-(Me)Tol' (only free amine or ACT acetylation supported)"
12037,b2_excluded_unsupported_terminus,terminus_based,"unsupported N-terminal modification '3,5 Bis-(Me)Tol' (only free amine or ACT acetylation supported)"
12038,b2_excluded_unsupported_terminus,terminus_based,"unsupported N-terminal modification '3,5 Bis-(Me)Tol' (only free amine or ACT acetylation supported)"
12041,b2_excluded_unsupported_terminus,terminus_based,"unsupported N-terminal modification '3,5 Bis-(Me)Tol' (only free amine or ACT acetylation supported)"
12040,b2_excluded_unsupported_terminus,terminus_based,"unsupported N-terminal modification '3,5 Bis-(Me)Tol' (only free amine or ACT acetylation supported)"
12045,b2_excluded_unsupported_terminus,terminus_based,"unsupported N-terminal modification '3,5 Bis-(Me)Tol' (only free amine or ACT acetylation supported)"
12047,b2_excluded_unsupported_terminus,terminus_based,"unsupported N-terminal modification '3,5 Bis-(Me)Tol' (only free amine or ACT acetylation supported)"
12049,b2_excluded_unsupported_terminus,terminus_based,"unsupported N-terminal modification '3,5 Bis-(Me)Tol' (only free amine or ACT acetylation supported)"
12044,b2_excluded_unsupported_terminus,terminus_based,"unsupported N-terminal modification '3,5 Bis-(Me)Tol' (only free amine or ACT acetylation supported)"
12046,b2_excluded_unsupported_terminus,terminus_based,"unsupported N-terminal modification '3,5 Bis-(Me)Tol' (only free amine or ACT acetylation supported)"
12048,b2_excluded_unsupported_terminus,terminus_based,"unsupported N-terminal modification '3,5 Bis-(Me)Tol' (only free amine or ACT acetylation supported)"
12039,b2_excluded_unsupported_terminus,terminus_based,"unsupported N-terminal modification '3,5 Bis-(Me)Tol' (only free amine or ACT acetylation supported)"
12050,b2_excluded_unsupported_terminus,terminus_based,"unsupported N-terminal modification '3,5 Bis-(Me)Tol' (only free amine or ACT acetylation supported)"
12051,b2_excluded_unsupported_terminus,terminus_based,"unsupported N-terminal modification '3,5 Bis-(Me)Tol' (only free amine or ACT acetylation supported)"
12053,b2_excluded_unsupported_terminus,terminus_based,"unsupported N-terminal modification '3,5 Bis-(Me)Tol' (only free amine or ACT acetylation supported)"
12055,b2_excluded_unsupported_terminus,terminus_based,"unsupported N-terminal modification '3,5 Bis-(Me)Tol' (only free amine or ACT acetylation supported)"
12054,b2_excluded_unsupported_terminus,terminus_based,"unsupported N-terminal modification '3,5 Bis-(Me)Tol' (only free amine or ACT acetylation supported)"
12058,b3_excluded_residue_no_smiles,residue_based,position 2 ('S-ALA-4-pen'): unknown residue code 'S-ALA-4-pen': no match in p2smi database (checked Code='S-ALA-4-PEN'); position 6 ('S-ALA-4-pen'): unknown residue code 'S-ALA-4-pen': no match in p2smi database (checked Code='S-ALA-4-PEN')
12056,b2_excluded_unsupported_terminus,terminus_based,"unsupported N-terminal modification '3,5 Bis-(Me)Tol' (only free amine or ACT acetylation supported)"
12052,b2_excluded_unsupported_terminus,terminus_based,"unsupported N-terminal modification '3,5 Bis-(Me)Tol' (only free amine or ACT acetylation supported)"
12064,b3_excluded_residue_no_smiles,residue_based,position 2 ('S-ALA-4-pen'): unknown residue code 'S-ALA-4-pen': no match in p2smi database (checked Code='S-ALA-4-PEN'); position 6 ('S-ALA-4-pen'): unknown residue code 'S-ALA-4-pen': no match in p2smi database (checked Code='S-ALA-4-PEN')
12060,b3_excluded_residue_no_smiles,residue_based,position 2 ('S-ALA-4-pen'): unknown residue code 'S-ALA-4-pen': no match in p2smi database (checked Code='S-ALA-4-PEN'); position 6 ('S-ALA-4-pen'): unknown residue code 'S-ALA-4-pen': no match in p2smi database (checked Code='S-ALA-4-PEN')
12061,b3_excluded_residue_no_smiles,residue_based,position 2 ('S-ALA-4-pen'): unknown residue code 'S-ALA-4-pen': no match in p2smi database (checked Code='S-ALA-4-PEN'); position 6 ('S-ALA-4-pen'): unknown residue code 'S-ALA-4-pen': no match in p2smi database (checked Code='S-ALA-4-PEN')
12065,b3_excluded_residue_no_smiles,residue_based,position 2 ('S-ALA-4-pen'): unknown residue code 'S-ALA-4-pen': no match in p2smi database (checked Code='S-ALA-4-PEN'); position 6 ('S-ALA-4-pen'): unknown residue code 'S-ALA-4-pen': no match in p2smi database (checked Code='S-ALA-4-PEN')
12057,b3_excluded_residue_no_smiles,residue_based,position 2 ('S-ALA-4-pen'): unknown residue code 'S-ALA-4-pen': no match in p2smi database (checked Code='S-ALA-4-PEN'); position 6 ('S-ALA-4-pen'): unknown residue code 'S-ALA-4-pen': no match in p2smi database (checked Code='S-ALA-4-PEN')
12059,b3_excluded_residue_no_smiles,residue_based,position 2 ('S-ALA-4-pen'): unknown residue code 'S-ALA-4-pen': no match in p2smi database (checked Code='S-ALA-4-PEN'); position 6 ('S-ALA-4-pen'): unknown residue code 'S-ALA-4-pen': no match in p2smi database (checked Code='S-ALA-4-PEN')
12063,b3_excluded_residue_no_smiles,residue_based,position 2 ('S-ALA-4-pen'): unknown residue code 'S-ALA-4-pen': no match in p2smi database (checked Code='S-ALA-4-PEN'); position 6 ('S-ALA-4-pen'): unknown residue code 'S-ALA-4-pen': no match in p2smi database (checked Code='S-ALA-4-PEN')
12062,b3_excluded_residue_no_smiles,residue_based,position 2 ('S-ALA-4-pen'): unknown residue code 'S-ALA-4-pen': no match in p2smi database (checked Code='S-ALA-4-PEN'); position 6 ('S-ALA-4-pen'): unknown residue code 'S-ALA-4-pen': no match in p2smi database (checked Code='S-ALA-4-PEN')
12066,b3_excluded_residue_no_smiles,residue_based,position 2 ('S-ALA-4-pen'): unknown residue code 'S-ALA-4-pen': no match in p2smi database (checked Code='S-ALA-4-PEN'); position 6 ('S-ALA-4-pen'): unknown residue code 'S-ALA-4-pen': no match in p2smi database (checked Code='S-ALA-4-PEN')
12067,b3_excluded_residue_no_smiles,residue_based,position 2 ('S-ALA-4-pen'): unknown residue code 'S-ALA-4-pen': no match in p2smi database (checked Code='S-ALA-4-PEN'); position 6 ('S-ALA-4-pen'): unknown residue code 'S-ALA-4-pen': no match in p2smi database (checked Code='S-ALA-4-PEN')
12068,b3_excluded_residue_no_smiles,residue_based,position 2 ('S-ALA-4-pen'): unknown residue code 'S-ALA-4-pen': no match in p2smi database (checked Code='S-ALA-4-PEN'); position 6 ('S-ALA-4-pen'): unknown residue code 'S-ALA-4-pen': no match in p2smi database (checked Code='S-ALA-4-PEN')
12069,b3_excluded_residue_no_smiles,residue_based,position 2 ('S-ALA-4-pen'): unknown residue code 'S-ALA-4-pen': no match in p2smi database (checked Code='S-ALA-4-PEN'); position 6 ('S-ALA-4-pen'): unknown residue code 'S-ALA-4-pen': no match in p2smi database (checked Code='S-ALA-4-PEN')
12070,b3_excluded_residue_no_smiles,residue_based,position 2 ('S-ALA-4-pen'): unknown residue code 'S-ALA-4-pen': no match in p2smi database (checked Code='S-ALA-4-PEN'); position 6 ('S-ALA-4-pen'): unknown residue code 'S-ALA-4-pen': no match in p2smi database (checked Code='S-ALA-4-PEN')
12071,b3_excluded_residue_no_smiles,residue_based,position 2 ('S-ALA-4-pen'): unknown residue code 'S-ALA-4-pen': no match in p2smi database (checked Code='S-ALA-4-PEN'); position 6 ('S-ALA-4-pen'): unknown residue code 'S-ALA-4-pen': no match in p2smi database (checked Code='S-ALA-4-PEN')
12042,b1_excluded_non_monomer,out_of_scope,"non-monomer complexity (dimer/multi-peptide) -- not a single-chain SMILES peptide, out of scope for this dataset"
12024,b1_excluded_non_monomer,out_of_scope,"non-monomer complexity (dimer/multi-peptide) -- not a single-chain SMILES peptide, out of scope for this dataset"
12072,b3_excluded_residue_no_smiles,residue_based,position 2 ('S-ALA-4-pen'): unknown residue code 'S-ALA-4-pen': no match in p2smi database (checked Code='S-ALA-4-PEN'); position 6 ('S-ALA-4-pen'): unknown residue code 'S-ALA-4-pen': no match in p2smi database (checked Code='S-ALA-4-PEN')
12043,b1_excluded_non_monomer,out_of_scope,"non-monomer complexity (dimer/multi-peptide) -- not a single-chain SMILES peptide, out of scope for this dataset"
12035,b1_excluded_non_monomer,out_of_scope,"non-monomer complexity (dimer/multi-peptide) -- not a single-chain SMILES peptide, out of scope for this dataset"
12076,b2_excluded_unsupported_terminus,terminus_based,unsupported N-terminal modification 'C11' (only free amine or ACT acetylation supported)
12075,b2_excluded_unsupported_terminus,terminus_based,unsupported N-terminal modification 'C9' (only free amine or ACT acetylation supported)
12080,b2_excluded_unsupported_terminus,terminus_based,unsupported N-terminal modification 'C11' (only free amine or ACT acetylation supported)
12085,b3_excluded_residue_no_smiles,residue_based,position 3 ('Se-Cys'): unknown residue code 'Se-Cys': no match in p2smi database (checked Code='SE-CYS')
12079,b2_excluded_unsupported_terminus,terminus_based,unsupported N-terminal modification 'C9' (only free amine or ACT acetylation supported)
12086,b3_excluded_residue_no_smiles,residue_based,position 3 ('Me-CYS'): unknown residue code 'Me-CYS': no match in p2smi database (checked Code='ME-CYS')
12095,b3_excluded_residue_no_smiles,residue_based,position 9 ('D-LYS-C10'): unknown residue code 'D-LYS-C10': no match in p2smi database (checked Code='LYS-C10')
12093,b3_excluded_residue_no_smiles,residue_based,position 9 ('D-LYS-C6'): unknown residue code 'D-LYS-C6': no match in p2smi database (checked Code='LYS-C6')
12098,b3_excluded_residue_no_smiles,residue_based,position 9 ('D-LYS-C16'): unknown residue code 'D-LYS-C16': no match in p2smi database (checked Code='LYS-C16')
12099,b3_excluded_residue_no_smiles,residue_based,position 1 ('D-LYS-C10'): unknown residue code 'D-LYS-C10': no match in p2smi database (checked Code='LYS-C10')
12097,b3_excluded_residue_no_smiles,residue_based,position 9 ('D-LYS-C14'): unknown residue code 'D-LYS-C14': no match in p2smi database (checked Code='LYS-C14')
12096,b3_excluded_residue_no_smiles,residue_based,position 9 ('D-LYS-C12'): unknown residue code 'D-LYS-C12': no match in p2smi database (checked Code='LYS-C12')
12124,b2_excluded_unsupported_terminus,terminus_based,unsupported N-terminal modification ' C10(6)' (only free amine or ACT acetylation supported)
12126,b2_excluded_unsupported_terminus,terminus_based,unsupported N-terminal modification 'C20' (only free amine or ACT acetylation supported)
12084,b1_excluded_non_monomer,out_of_scope,"non-monomer complexity (dimer/multi-peptide) -- not a single-chain SMILES peptide, out of scope for this dataset"
12150,b3_excluded_residue_no_smiles,residue_based,position 1 ('βALA'): unknown residue code 'βALA': no match in p2smi database (checked Code='ΒALA'); position 3 ('AEEA'): unknown residue code 'AEEA': no match in p2smi database (checked Code='AEEA')
12170,b3_excluded_residue_no_smiles,residue_based,position 23 ('LYS-ACT'): unknown residue code 'LYS-ACT': no match in p2smi database (checked Code='LYS-ACT'); position 25 ('LYS-ACT'): unknown residue code 'LYS-ACT': no match in p2smi database (checked Code='LYS-ACT')
12082,b1_excluded_non_monomer,out_of_scope,"non-monomer complexity (dimer/multi-peptide) -- not a single-chain SMILES peptide, out of scope for this dataset"
12171,b3_excluded_residue_no_smiles,residue_based,position 6 ('5-Me-GLU'): unknown residue code '5-Me-GLU': no match in p2smi database (checked Code='5-ME-GLU')
12181,b3_excluded_residue_no_smiles,residue_based,position 8 ('DIP'): unknown residue code 'DIP': no match in p2smi database (checked Code='DIP')
12303,b3_excluded_residue_no_smiles,residue_based,position 1 ('LYS-C4'): unknown residue code 'LYS-C4': no match in p2smi database (checked Code='LYS-C4')
12319,b3_excluded_residue_no_smiles,residue_based,position 3 ('Cys-N-C12-AcNh'): unknown residue code 'Cys-N-C12-AcNh': no match in p2smi database (checked Code='CYS-N-C12-ACNH'); position 8 ('Cys-N-C12-AcNh'): unknown residue code 'Cys-N-C12-AcNh': no match in p2smi database (checked Code='CYS-N-C12-ACNH')
12317,b3_excluded_residue_no_smiles,residue_based,position 1 ('Cys-N-C12-AcNh'): unknown residue code 'Cys-N-C12-AcNh': no match in p2smi database (checked Code='CYS-N-C12-ACNH'); position 6 ('Cys-N-C12-AcNh'): unknown residue code 'Cys-N-C12-AcNh': no match in p2smi database (checked Code='CYS-N-C12-ACNH')
12323,b3_excluded_residue_no_smiles,residue_based,position 6 ('Cys-N-C12-AcNh'): unknown residue code 'Cys-N-C12-AcNh': no match in p2smi database (checked Code='CYS-N-C12-ACNH'); position 11 ('Cys-N-C12-AcNh'): unknown residue code 'Cys-N-C12-AcNh': no match in p2smi database (checked Code='CYS-N-C12-ACNH')
12316,b3_excluded_residue_no_smiles,residue_based,position 1 ('Cys-N-C12-AcNh'): unknown residue code 'Cys-N-C12-AcNh': no match in p2smi database (checked Code='CYS-N-C12-ACNH'); position 5 ('Cys-N-C12-AcNh'): unknown residue code 'Cys-N-C12-AcNh': no match in p2smi database (checked Code='CYS-N-C12-ACNH')
12318,b3_excluded_residue_no_smiles,residue_based,position 2 ('Cys-N-C12-AcNh'): unknown residue code 'Cys-N-C12-AcNh': no match in p2smi database (checked Code='CYS-N-C12-ACNH'); position 7 ('Cys-N-C12-AcNh'): unknown residue code 'Cys-N-C12-AcNh': no match in p2smi database (checked Code='CYS-N-C12-ACNH')
12320,b3_excluded_residue_no_smiles,residue_based,position 4 ('Cys-N-C12-AcNh'): unknown residue code 'Cys-N-C12-AcNh': no match in p2smi database (checked Code='CYS-N-C12-ACNH'); position 9 ('Cys-N-C12-AcNh'): unknown residue code 'Cys-N-C12-AcNh': no match in p2smi database (checked Code='CYS-N-C12-ACNH')
12322,b3_excluded_residue_no_smiles,residue_based,position 6 ('Cys-N-C12-AcNh'): unknown residue code 'Cys-N-C12-AcNh': no match in p2smi database (checked Code='CYS-N-C12-ACNH'); position 11 ('Cys-N-C12-AcNh'): unknown residue code 'Cys-N-C12-AcNh': no match in p2smi database (checked Code='CYS-N-C12-ACNH')
12324,b3_excluded_residue_no_smiles,residue_based,position 4 ('Cys-N-C12-AcNh'): unknown residue code 'Cys-N-C12-AcNh': no match in p2smi database (checked Code='CYS-N-C12-ACNH'); position 9 ('Me-CYS'): unknown residue code 'Me-CYS': no match in p2smi database (checked Code='ME-CYS')
12325,b3_excluded_residue_no_smiles,residue_based,position 4 ('Me-CYS'): unknown residue code 'Me-CYS': no match in p2smi database (checked Code='ME-CYS'); position 9 ('Cys-N-C12-AcNh'): unknown residue code 'Cys-N-C12-AcNh': no match in p2smi database (checked Code='CYS-N-C12-ACNH')
12321,b3_excluded_residue_no_smiles,residue_based,position 5 ('Cys-N-C12-AcNh'): unknown residue code 'Cys-N-C12-AcNh': no match in p2smi database (checked Code='CYS-N-C12-ACNH'); position 10 ('Cys-N-C12-AcNh'): unknown residue code 'Cys-N-C12-AcNh': no match in p2smi database (checked Code='CYS-N-C12-ACNH')
12327,b3_excluded_residue_no_smiles,residue_based,position 1 ('Cys-N-C12-AcNh'): unknown residue code 'Cys-N-C12-AcNh': no match in p2smi database (checked Code='CYS-N-C12-ACNH'); position 6 ('Cys-N-C12-AcNh'): unknown residue code 'Cys-N-C12-AcNh': no match in p2smi database (checked Code='CYS-N-C12-ACNH')
12326,b3_excluded_residue_no_smiles,residue_based,position 4 ('Cys-N-C12-AcNh'): unknown residue code 'Cys-N-C12-AcNh': no match in p2smi database (checked Code='CYS-N-C12-ACNH'); position 9 ('Cys-N-C12-AcNh'): unknown residue code 'Cys-N-C12-AcNh': no match in p2smi database (checked Code='CYS-N-C12-ACNH')
12328,b3_excluded_residue_no_smiles,residue_based,position 4 ('Cys-N-C12-AcNh'): unknown residue code 'Cys-N-C12-AcNh': no match in p2smi database (checked Code='CYS-N-C12-ACNH'); position 9 ('Cys-N-C12-AcNh'): unknown residue code 'Cys-N-C12-AcNh': no match in p2smi database (checked Code='CYS-N-C12-ACNH')
12340,b3_excluded_residue_no_smiles,residue_based,position 2 ('4-Br-PHE'): unknown residue code '4-Br-PHE': no match in p2smi database (checked Code='4-BR-PHE')
12350,b2_excluded_unsupported_terminus,terminus_based,unsupported N-terminal modification 'C20' (only free amine or ACT acetylation supported)
12402,b3_excluded_residue_no_smiles,residue_based,position 6 ('S-ALA-4-pen'): unknown residue code 'S-ALA-4-pen': no match in p2smi database (checked Code='S-ALA-4-PEN'); position 10 ('S-ALA-4-pen'): unknown residue code 'S-ALA-4-pen': no match in p2smi database (checked Code='S-ALA-4-PEN')
12401,b3_excluded_residue_no_smiles,residue_based,position 6 ('S-ALA-4-pen'): unknown residue code 'S-ALA-4-pen': no match in p2smi database (checked Code='S-ALA-4-PEN'); position 10 ('S-ALA-4-pen'): unknown residue code 'S-ALA-4-pen': no match in p2smi database (checked Code='S-ALA-4-PEN')
12403,b3_excluded_residue_no_smiles,residue_based,position 6 ('S-ALA-4-pen'): unknown residue code 'S-ALA-4-pen': no match in p2smi database (checked Code='S-ALA-4-PEN'); position 10 ('S-ALA-4-pen'): unknown residue code 'S-ALA-4-pen': no match in p2smi database (checked Code='S-ALA-4-PEN')
12411,b2_excluded_unsupported_terminus,terminus_based,unsupported N-terminal modification '3-OH-4-Me-C5' (only free amine or ACT acetylation supported)
12410,b2_excluded_unsupported_terminus,terminus_based,unsupported N-terminal modification '3-OH-4-Me-C5' (only free amine or ACT acetylation supported)
12413,b2_excluded_unsupported_terminus,terminus_based,unsupported N-terminal modification '3-OH-4-Me-C6' (only free amine or ACT acetylation supported)
12412,b2_excluded_unsupported_terminus,terminus_based,unsupported N-terminal modification '3-OH-4-Me-C6' (only free amine or ACT acetylation supported)
12421,b2_excluded_unsupported_terminus,terminus_based,unsupported C-terminal modification 'MEA' (only free acid or AMD amidation supported)
12414,b2_excluded_unsupported_terminus,terminus_based,unsupported N-terminal modification '3-OH-C6' (only free amine or ACT acetylation supported)
12422,b2_excluded_unsupported_terminus,terminus_based,unsupported N-terminal modification 'MPA' (only free amine or ACT acetylation supported)
12423,b2_excluded_unsupported_terminus,terminus_based,unsupported C-terminal modification 'ETA' (only free acid or AMD amidation supported)
12424,b2_excluded_unsupported_terminus,terminus_based,unsupported N-terminal modification 'MPA' (only free amine or ACT acetylation supported)
12447,b3_excluded_residue_no_smiles,residue_based,position 2 ('Di-P-Tyr'): unknown residue code 'Di-P-Tyr': no match in p2smi database (checked Code='DI-P-TYR')
12426,b1_excluded_non_monomer,out_of_scope,"non-monomer complexity (dimer/multi-peptide) -- not a single-chain SMILES peptide, out of scope for this dataset"
12425,b1_excluded_non_monomer,out_of_scope,"non-monomer complexity (dimer/multi-peptide) -- not a single-chain SMILES peptide, out of scope for this dataset"
12461,b2_excluded_unsupported_terminus,terminus_based,unsupported C-terminal modification 'OMe' (only free acid or AMD amidation supported)
12427,b1_excluded_non_monomer,out_of_scope,"non-monomer complexity (dimer/multi-peptide) -- not a single-chain SMILES peptide, out of scope for this dataset"
12465,b2_excluded_unsupported_terminus,terminus_based,unsupported C-terminal modification 'OMe' (only free acid or AMD amidation supported)
12434,b1_excluded_non_monomer,out_of_scope,"non-monomer complexity (dimer/multi-peptide) -- not a single-chain SMILES peptide, out of scope for this dataset"
12462,b2_excluded_unsupported_terminus,terminus_based,unsupported C-terminal modification 'OBzl' (only free acid or AMD amidation supported)
12463,b2_excluded_unsupported_terminus,terminus_based,unsupported C-terminal modification 'OBzl' (only free acid or AMD amidation supported)
12464,b2_excluded_unsupported_terminus,terminus_based,unsupported C-terminal modification 'OMe' (only free acid or AMD amidation supported)
12467,b2_excluded_unsupported_terminus,terminus_based,unsupported C-terminal modification 'OBzl' (only free acid or AMD amidation supported)
12420,b1_excluded_non_monomer,out_of_scope,"non-monomer complexity (dimer/multi-peptide) -- not a single-chain SMILES peptide, out of scope for this dataset"
12471,b2_excluded_unsupported_terminus,terminus_based,unsupported C-terminal modification 'OBzl' (only free acid or AMD amidation supported)
12472,b2_excluded_unsupported_terminus,terminus_based,unsupported C-terminal modification 'OBzl' (only free acid or AMD amidation supported)
12466,b2_excluded_unsupported_terminus,terminus_based,unsupported C-terminal modification 'OBzl' (only free acid or AMD amidation supported)
12470,b2_excluded_unsupported_terminus,terminus_based,unsupported C-terminal modification 'OBzl' (only free acid or AMD amidation supported)
12473,b2_excluded_unsupported_terminus,terminus_based,unsupported C-terminal modification 'OBzl' (only free acid or AMD amidation supported)
12469,b2_excluded_unsupported_terminus,terminus_based,unsupported C-terminal modification 'OMe' (only free acid or AMD amidation supported)
12468,b2_excluded_unsupported_terminus,terminus_based,unsupported C-terminal modification 'OBzl' (only free acid or AMD amidation supported)
12478,b2_excluded_unsupported_terminus,terminus_based,unsupported C-terminal modification 'OBzl' (only free acid or AMD amidation supported)
12433,b1_excluded_non_monomer,out_of_scope,"non-monomer complexity (dimer/multi-peptide) -- not a single-chain SMILES peptide, out of scope for this dataset"
12477,b2_excluded_unsupported_terminus,terminus_based,unsupported C-terminal modification 'OBzl' (only free acid or AMD amidation supported)
12479,b2_excluded_unsupported_terminus,terminus_based,unsupported C-terminal modification 'OBzl' (only free acid or AMD amidation supported)
12474,b2_excluded_unsupported_terminus,terminus_based,unsupported C-terminal modification 'OBzl' (only free acid or AMD amidation supported)
12476,b2_excluded_unsupported_terminus,terminus_based,unsupported C-terminal modification 'OBzl' (only free acid or AMD amidation supported)
12475,b2_excluded_unsupported_terminus,terminus_based,unsupported C-terminal modification 'OBzl' (only free acid or AMD amidation supported)
12480,b2_excluded_unsupported_terminus,terminus_based,unsupported C-terminal modification 'OBzl' (only free acid or AMD amidation supported)
12483,b1_excluded_non_monomer,out_of_scope,"non-monomer complexity (dimer/multi-peptide) -- not a single-chain SMILES peptide, out of scope for this dataset"
12493,b1_excluded_non_monomer,out_of_scope,"non-monomer complexity (dimer/multi-peptide) -- not a single-chain SMILES peptide, out of scope for this dataset"
12551,b3_excluded_residue_no_smiles,residue_based,position 1 ('DAP'): unknown residue code 'DAP': no match in p2smi database (checked Code='DAP')
12550,b3_excluded_residue_no_smiles,residue_based,position 1 ('DAP'): unknown residue code 'DAP': no match in p2smi database (checked Code='DAP')
12552,b3_excluded_residue_no_smiles,residue_based,position 1 ('DAP'): unknown residue code 'DAP': no match in p2smi database (checked Code='DAP')
12527,b1_excluded_non_monomer,out_of_scope,"non-monomer complexity (dimer/multi-peptide) -- not a single-chain SMILES peptide, out of scope for this dataset"
12752,b3_excluded_residue_no_smiles,residue_based,position 1 ('NLys'): unknown residue code 'NLys': no match in p2smi database (checked Code='NLYS'); position 2 ('NLys'): unknown residue code 'NLys': no match in p2smi database (checked Code='NLYS'); position 3 ('NLys'): unknown residue code 'NLys': no match in p2smi database (checked Code='NLYS'); position 5 ('2-NAL'): unknown residue code '2-NAL': no match in p2smi database (checked Code='2-NAL'); position 7 ('2-NAL'): unknown residue code '2-NAL': no match in p2smi database (checked Code='2-NAL')
12762,b2_excluded_unsupported_terminus,terminus_based,unsupported C-terminal modification 'C6-NH2' (only free acid or AMD amidation supported)
12768,b2_excluded_unsupported_terminus,terminus_based,unsupported C-terminal modification 'C6-NH2' (only free acid or AMD amidation supported)
12800,b2_excluded_unsupported_terminus,terminus_based,unsupported N-terminal modification 'Cbz' (only free amine or ACT acetylation supported)
12799,b2_excluded_unsupported_terminus,terminus_based,unsupported N-terminal modification 'Cbz' (only free amine or ACT acetylation supported)
12851,b3_excluded_residue_no_smiles,residue_based,position 8 ('LYS-BrC6'): unknown residue code 'LYS-BrC6': no match in p2smi database (checked Code='LYS-BRC6')
12849,b3_excluded_residue_no_smiles,residue_based,position 8 ('LYS-NH2-C5'): unknown residue code 'LYS-NH2-C5': no match in p2smi database (checked Code='LYS-NH2-C5')
12850,b3_excluded_residue_no_smiles,residue_based,position 8 ('LYS-Ahx'): unknown residue code 'LYS-Ahx': no match in p2smi database (checked Code='LYS-AHX')
12848,b3_excluded_residue_no_smiles,residue_based,position 8 ('LYS-ACT'): unknown residue code 'LYS-ACT': no match in p2smi database (checked Code='LYS-ACT')
12852,b3_excluded_residue_no_smiles,residue_based,position 8 ('LYS-NH2-C11'): unknown residue code 'LYS-NH2-C11': no match in p2smi database (checked Code='LYS-NH2-C11')
12883,b3_excluded_residue_no_smiles,residue_based,position 1 ('12-Guan-C12'): unknown residue code '12-Guan-C12': no match in p2smi database (checked Code='12-GUAN-C12'); position 2 ('DAP'): unknown residue code 'DAP': no match in p2smi database (checked Code='DAP'); position 3 ('D-HPhe'): unknown residue code 'D-HPhe': no match in p2smi database (checked Code='HPHE'); position 4 ('HPhe'): unknown residue code 'HPhe': no match in p2smi database (checked Code='HPHE'); position 5 ('HPhe'): unknown residue code 'HPhe': no match in p2smi database (checked Code='HPHE')
12974,b2_excluded_unsupported_terminus,terminus_based,unsupported N-terminal modification 'C3' (only free amine or ACT acetylation supported)
12977,b3_excluded_residue_no_smiles,residue_based,position 2 ('NLys'): unknown residue code 'NLys': no match in p2smi database (checked Code='NLYS'); position 3 ('Nnm'): unknown residue code 'Nnm': no match in p2smi database (checked Code='NNM'); position 4 ('Npm(p-CH3)'): unknown residue code 'Npm(p-CH3)': no match in p2smi database (checked Code='NPM(P-CH3)'); position 5 ('NLys'): unknown residue code 'NLys': no match in p2smi database (checked Code='NLYS'); position 6 ('Nnm'): unknown residue code 'Nnm': no match in p2smi database (checked Code='NNM'); position 7 ('NLys'): unknown residue code 'NLys': no match in p2smi database (checked Code='NLYS'); position 8 ('NNLe'): unknown residue code 'NNLe': no match in p2smi database (checked Code='NNLE')
12976,b3_excluded_residue_no_smiles,residue_based,position 1 ('NLys'): unknown residue code 'NLys': no match in p2smi database (checked Code='NLYS'); position 2 ('NLys'): unknown residue code 'NLys': no match in p2smi database (checked Code='NLYS'); position 3 ('Nnm'): unknown residue code 'Nnm': no match in p2smi database (checked Code='NNM'); position 4 ('Npm(p-CH3)'): unknown residue code 'Npm(p-CH3)': no match in p2smi database (checked Code='NPM(P-CH3)'); position 5 ('NLys'): unknown residue code 'NLys': no match in p2smi database (checked Code='NLYS'); position 6 ('Nnm'): unknown residue code 'Nnm': no match in p2smi database (checked Code='NNM'); position 7 ('NLys'): unknown residue code 'NLys': no match in p2smi database (checked Code='NLYS'); position 8 ('NNLe'): unknown residue code 'NNLe': no match in p2smi database (checked Code='NNLE')
12978,b3_excluded_residue_no_smiles,residue_based,position 1 ('NLys'): unknown residue code 'NLys': no match in p2smi database (checked Code='NLYS'); position 3 ('Nnm'): unknown residue code 'Nnm': no match in p2smi database (checked Code='NNM'); position 4 ('Npm(p-CH3)'): unknown residue code 'Npm(p-CH3)': no match in p2smi database (checked Code='NPM(P-CH3)'); position 5 ('NLys'): unknown residue code 'NLys': no match in p2smi database (checked Code='NLYS'); position 6 ('Nnm'): unknown residue code 'Nnm': no match in p2smi database (checked Code='NNM'); position 7 ('NLys'): unknown residue code 'NLys': no match in p2smi database (checked Code='NLYS'); position 8 ('NNLe'): unknown residue code 'NNLe': no match in p2smi database (checked Code='NNLE')
12983,b3_excluded_residue_no_smiles,residue_based,position 1 ('NLys'): unknown residue code 'NLys': no match in p2smi database (checked Code='NLYS'); position 2 ('NLys'): unknown residue code 'NLys': no match in p2smi database (checked Code='NLYS'); position 3 ('Nnm'): unknown residue code 'Nnm': no match in p2smi database (checked Code='NNM'); position 4 ('Npm(p-CH3)'): unknown residue code 'Npm(p-CH3)': no match in p2smi database (checked Code='NPM(P-CH3)'); position 5 ('NLys'): unknown residue code 'NLys': no match in p2smi database (checked Code='NLYS'); position 6 ('Nnm'): unknown residue code 'Nnm': no match in p2smi database (checked Code='NNM'); position 8 ('NNLe'): unknown residue code 'NNLe': no match in p2smi database (checked Code='NNLE')
12986,b3_excluded_residue_no_smiles,residue_based,position 1 ('NLys'): unknown residue code 'NLys': no match in p2smi database (checked Code='NLYS'); position 2 ('NLys'): unknown residue code 'NLys': no match in p2smi database (checked Code='NLYS'); position 3 ('Nnm'): unknown residue code 'Nnm': no match in p2smi database (checked Code='NNM'); position 4 ('Npm(p-CH3)'): unknown residue code 'Npm(p-CH3)': no match in p2smi database (checked Code='NPM(P-CH3)'); position 5 ('Nnm'): unknown residue code 'Nnm': no match in p2smi database (checked Code='NNM'); position 6 ('Nnm'): unknown residue code 'Nnm': no match in p2smi database (checked Code='NNM'); position 7 ('NLys'): unknown residue code 'NLys': no match in p2smi database (checked Code='NLYS'); position 8 ('NNLe'): unknown residue code 'NNLe': no match in p2smi database (checked Code='NNLE')
12981,b3_excluded_residue_no_smiles,residue_based,position 1 ('NLys'): unknown residue code 'NLys': no match in p2smi database (checked Code='NLYS'); position 2 ('NLys'): unknown residue code 'NLys': no match in p2smi database (checked Code='NLYS'); position 3 ('Nnm'): unknown residue code 'Nnm': no match in p2smi database (checked Code='NNM'); position 4 ('Npm(p-CH3)'): unknown residue code 'Npm(p-CH3)': no match in p2smi database (checked Code='NPM(P-CH3)'); position 6 ('Nnm'): unknown residue code 'Nnm': no match in p2smi database (checked Code='NNM'); position 7 ('NLys'): unknown residue code 'NLys': no match in p2smi database (checked Code='NLYS'); position 8 ('NNLe'): unknown residue code 'NNLe': no match in p2smi database (checked Code='NNLE')
12979,b3_excluded_residue_no_smiles,residue_based,position 1 ('NLys'): unknown residue code 'NLys': no match in p2smi database (checked Code='NLYS'); position 2 ('NLys'): unknown residue code 'NLys': no match in p2smi database (checked Code='NLYS'); position 4 ('Npm(p-CH3)'): unknown residue code 'Npm(p-CH3)': no match in p2smi database (checked Code='NPM(P-CH3)'); position 5 ('NLys'): unknown residue code 'NLys': no match in p2smi database (checked Code='NLYS'); position 6 ('Nnm'): unknown residue code 'Nnm': no match in p2smi database (checked Code='NNM'); position 7 ('NLys'): unknown residue code 'NLys': no match in p2smi database (checked Code='NLYS'); position 8 ('NNLe'): unknown residue code 'NNLe': no match in p2smi database (checked Code='NNLE')
12985,b3_excluded_residue_no_smiles,residue_based,"position 1 ('NLys'): unknown residue code 'NLys': no match in p2smi database (checked Code='NLYS'); position 2 ('NLys'): unknown residue code 'NLys': no match in p2smi database (checked Code='NLYS'); position 3 ('Nnm'): unknown residue code 'Nnm': no match in p2smi database (checked Code='NNM'); position 4 ('Npm(p-CH3)'): unknown residue code 'Npm(p-CH3)': no match in p2smi database (checked Code='NPM(P-CH3)'); position 5 ('Npm(p-CH3)'): unknown residue code 'Npm(p-CH3)': no match in p2smi database (checked Code='NPM(P-CH3)'); position 6 ('Nnm'): unknown residue code 'Nnm': no match in p2smi database (checked Code='NNM'); position 7 ('X'): unresolved residue character, no unusualAminoAcids annotation covers this position; position 8 ('NNLe'): unknown residue code 'NNLe': no match in p2smi database (checked Code='NNLE')"
12980,b3_excluded_residue_no_smiles,residue_based,position 1 ('NLys'): unknown residue code 'NLys': no match in p2smi database (checked Code='NLYS'); position 2 ('NLys'): unknown residue code 'NLys': no match in p2smi database (checked Code='NLYS'); position 3 ('Nnm'): unknown residue code 'Nnm': no match in p2smi database (checked Code='NNM'); position 5 ('NLys'): unknown residue code 'NLys': no match in p2smi database (checked Code='NLYS'); position 6 ('Nnm'): unknown residue code 'Nnm': no match in p2smi database (checked Code='NNM'); position 7 ('NLys'): unknown residue code 'NLys': no match in p2smi database (checked Code='NLYS'); position 8 ('NNLe'): unknown residue code 'NNLe': no match in p2smi database (checked Code='NNLE')
12982,b3_excluded_residue_no_smiles,residue_based,position 1 ('NLys'): unknown residue code 'NLys': no match in p2smi database (checked Code='NLYS'); position 2 ('NLys'): unknown residue code 'NLys': no match in p2smi database (checked Code='NLYS'); position 3 ('Nnm'): unknown residue code 'Nnm': no match in p2smi database (checked Code='NNM'); position 4 ('Npm(p-CH3)'): unknown residue code 'Npm(p-CH3)': no match in p2smi database (checked Code='NPM(P-CH3)'); position 5 ('NLys'): unknown residue code 'NLys': no match in p2smi database (checked Code='NLYS'); position 7 ('NLys'): unknown residue code 'NLys': no match in p2smi database (checked Code='NLYS'); position 8 ('NNLe'): unknown residue code 'NNLe': no match in p2smi database (checked Code='NNLE')
12984,b3_excluded_residue_no_smiles,residue_based,position 1 ('NLys'): unknown residue code 'NLys': no match in p2smi database (checked Code='NLYS'); position 2 ('NLys'): unknown residue code 'NLys': no match in p2smi database (checked Code='NLYS'); position 3 ('Nnm'): unknown residue code 'Nnm': no match in p2smi database (checked Code='NNM'); position 4 ('Npm(p-CH3)'): unknown residue code 'Npm(p-CH3)': no match in p2smi database (checked Code='NPM(P-CH3)'); position 5 ('NLys'): unknown residue code 'NLys': no match in p2smi database (checked Code='NLYS'); position 6 ('Nnm'): unknown residue code 'Nnm': no match in p2smi database (checked Code='NNM'); position 7 ('NLys'): unknown residue code 'NLys': no match in p2smi database (checked Code='NLYS')
12990,b3_excluded_residue_no_smiles,residue_based,position 1 ('NLys'): unknown residue code 'NLys': no match in p2smi database (checked Code='NLYS'); position 2 ('NLys'): unknown residue code 'NLys': no match in p2smi database (checked Code='NLYS'); position 3 ('Nnm'): unknown residue code 'Nnm': no match in p2smi database (checked Code='NNM'); position 4 ('Npm(p-CH3)'): unknown residue code 'Npm(p-CH3)': no match in p2smi database (checked Code='NPM(P-CH3)')
12994,b3_excluded_residue_no_smiles,residue_based,position 1 ('NLys'): unknown residue code 'NLys': no match in p2smi database (checked Code='NLYS'); position 2 ('NLys'): unknown residue code 'NLys': no match in p2smi database (checked Code='NLYS'); position 3 ('Nnm'): unknown residue code 'Nnm': no match in p2smi database (checked Code='NNM'); position 4 ('Npm(p-CH3)'): unknown residue code 'Npm(p-CH3)': no match in p2smi database (checked Code='NPM(P-CH3)'); position 5 ('Sar'): unknown residue code 'Sar': no match in p2smi database (checked Code='SAR'); position 6 ('Nnm'): unknown residue code 'Nnm': no match in p2smi database (checked Code='NNM'); position 7 ('NLys'): unknown residue code 'NLys': no match in p2smi database (checked Code='NLYS'); position 8 ('NNLe'): unknown residue code 'NNLe': no match in p2smi database (checked Code='NNLE')
12991,b3_excluded_residue_no_smiles,residue_based,position 5 ('NLys'): unknown residue code 'NLys': no match in p2smi database (checked Code='NLYS'); position 6 ('Nnm'): unknown residue code 'Nnm': no match in p2smi database (checked Code='NNM'); position 7 ('NLys'): unknown residue code 'NLys': no match in p2smi database (checked Code='NLYS'); position 8 ('NNLe'): unknown residue code 'NNLe': no match in p2smi database (checked Code='NNLE')
12992,b3_excluded_residue_no_smiles,residue_based,position 1 ('NLys'): unknown residue code 'NLys': no match in p2smi database (checked Code='NLYS'); position 2 ('NLys'): unknown residue code 'NLys': no match in p2smi database (checked Code='NLYS'); position 5 ('NLys'): unknown residue code 'NLys': no match in p2smi database (checked Code='NLYS'); position 7 ('NLys'): unknown residue code 'NLys': no match in p2smi database (checked Code='NLYS')
12998,b3_excluded_residue_no_smiles,residue_based,position 5 ('DIP'): unknown residue code 'DIP': no match in p2smi database (checked Code='DIP'); position 10 ('DIP'): unknown residue code 'DIP': no match in p2smi database (checked Code='DIP')
12995,b3_excluded_residue_no_smiles,residue_based,position 1 ('NLys'): unknown residue code 'NLys': no match in p2smi database (checked Code='NLYS'); position 2 ('NLys'): unknown residue code 'NLys': no match in p2smi database (checked Code='NLYS'); position 3 ('Nnm'): unknown residue code 'Nnm': no match in p2smi database (checked Code='NNM'); position 4 ('Npm(p-CH3)'): unknown residue code 'Npm(p-CH3)': no match in p2smi database (checked Code='NPM(P-CH3)'); position 5 ('NHet'): unknown residue code 'NHet': no match in p2smi database (checked Code='NHET'); position 6 ('Nnm'): unknown residue code 'Nnm': no match in p2smi database (checked Code='NNM'); position 7 ('NLys'): unknown residue code 'NLys': no match in p2smi database (checked Code='NLYS'); position 8 ('NNLe'): unknown residue code 'NNLe': no match in p2smi database (checked Code='NNLE')
13046,b3_excluded_residue_no_smiles,residue_based,position 2 ('DHA'): unknown residue code 'DHA': no match in p2smi database (checked Code='DHA'); position 6 ('DHB'): unknown residue code 'DHB': no match in p2smi database (checked Code='DHB'); position 7 ('DHB'): unknown residue code 'DHB': no match in p2smi database (checked Code='DHB'); position 27 ('DHA'): unknown residue code 'DHA': no match in p2smi database (checked Code='DHA')
13054,b3_excluded_residue_no_smiles,residue_based,position 6 ('S-ALA-4-pen'): unknown residue code 'S-ALA-4-pen': no match in p2smi database (checked Code='S-ALA-4-PEN'); position 10 ('S-ALA-4-pen'): unknown residue code 'S-ALA-4-pen': no match in p2smi database (checked Code='S-ALA-4-PEN')
13056,b3_excluded_residue_no_smiles,residue_based,position 3 ('S-ALA-4-pen'): unknown residue code 'S-ALA-4-pen': no match in p2smi database (checked Code='S-ALA-4-PEN'); position 7 ('S-ALA-4-pen'): unknown residue code 'S-ALA-4-pen': no match in p2smi database (checked Code='S-ALA-4-PEN')
13057,b3_excluded_residue_no_smiles,residue_based,position 6 ('S-ALA-4-pen'): unknown residue code 'S-ALA-4-pen': no match in p2smi database (checked Code='S-ALA-4-PEN'); position 10 ('S-ALA-4-pen'): unknown residue code 'S-ALA-4-pen': no match in p2smi database (checked Code='S-ALA-4-PEN')
13055,b3_excluded_residue_no_smiles,residue_based,position 7 ('S-ALA-4-pen'): unknown residue code 'S-ALA-4-pen': no match in p2smi database (checked Code='S-ALA-4-PEN'); position 11 ('S-ALA-4-pen'): unknown residue code 'S-ALA-4-pen': no match in p2smi database (checked Code='S-ALA-4-PEN')
13102,b3_excluded_residue_no_smiles,residue_based,position 2 ('S-ALA-4-pen'): unknown residue code 'S-ALA-4-pen': no match in p2smi database (checked Code='S-ALA-4-PEN'); position 6 ('S-ALA-4-pen'): unknown residue code 'S-ALA-4-pen': no match in p2smi database (checked Code='S-ALA-4-PEN')
13104,b3_excluded_residue_no_smiles,residue_based,position 2 ('S-ALA-4-pen'): unknown residue code 'S-ALA-4-pen': no match in p2smi database (checked Code='S-ALA-4-PEN'); position 6 ('S-ALA-4-pen'): unknown residue code 'S-ALA-4-pen': no match in p2smi database (checked Code='S-ALA-4-PEN'); position 9 ('S-ALA-4-pen'): unknown residue code 'S-ALA-4-pen': no match in p2smi database (checked Code='S-ALA-4-PEN'); position 13 ('S-ALA-4-pen'): unknown residue code 'S-ALA-4-pen': no match in p2smi database (checked Code='S-ALA-4-PEN')
13106,b3_excluded_residue_no_smiles,residue_based,position 2 ('S-ALA-4-pen'): unknown residue code 'S-ALA-4-pen': no match in p2smi database (checked Code='S-ALA-4-PEN'); position 6 ('S-ALA-4-pen'): unknown residue code 'S-ALA-4-pen': no match in p2smi database (checked Code='S-ALA-4-PEN'); position 9 ('S-ALA-4-pen'): unknown residue code 'S-ALA-4-pen': no match in p2smi database (checked Code='S-ALA-4-PEN'); position 13 ('S-ALA-4-pen'): unknown residue code 'S-ALA-4-pen': no match in p2smi database (checked Code='S-ALA-4-PEN')
13103,b3_excluded_residue_no_smiles,residue_based,position 2 ('S-ALA-4-pen'): unknown residue code 'S-ALA-4-pen': no match in p2smi database (checked Code='S-ALA-4-PEN'); position 6 ('S-ALA-4-pen'): unknown residue code 'S-ALA-4-pen': no match in p2smi database (checked Code='S-ALA-4-PEN'); position 9 ('S-ALA-4-pen'): unknown residue code 'S-ALA-4-pen': no match in p2smi database (checked Code='S-ALA-4-PEN'); position 13 ('S-ALA-4-pen'): unknown residue code 'S-ALA-4-pen': no match in p2smi database (checked Code='S-ALA-4-PEN')
13105,b3_excluded_residue_no_smiles,residue_based,position 2 ('S-ALA-4-pen'): unknown residue code 'S-ALA-4-pen': no match in p2smi database (checked Code='S-ALA-4-PEN'); position 6 ('S-ALA-4-pen'): unknown residue code 'S-ALA-4-pen': no match in p2smi database (checked Code='S-ALA-4-PEN'); position 9 ('S-ALA-4-pen'): unknown residue code 'S-ALA-4-pen': no match in p2smi database (checked Code='S-ALA-4-PEN'); position 13 ('S-ALA-4-pen'): unknown residue code 'S-ALA-4-pen': no match in p2smi database (checked Code='S-ALA-4-PEN')
13107,b2_excluded_unsupported_terminus,terminus_based,unsupported N-terminal modification 'SUC' (only free amine or ACT acetylation supported)
13108,b3_excluded_residue_no_smiles,residue_based,position 2 ('S-ALA-4-pen'): unknown residue code 'S-ALA-4-pen': no match in p2smi database (checked Code='S-ALA-4-PEN'); position 6 ('S-ALA-4-pen'): unknown residue code 'S-ALA-4-pen': no match in p2smi database (checked Code='S-ALA-4-PEN'); position 9 ('S-ALA-4-pen'): unknown residue code 'S-ALA-4-pen': no match in p2smi database (checked Code='S-ALA-4-PEN'); position 13 ('S-ALA-4-pen'): unknown residue code 'S-ALA-4-pen': no match in p2smi database (checked Code='S-ALA-4-PEN')
13128,b3_excluded_residue_no_smiles,residue_based,position 1 ('NTrp'): unknown residue code 'NTrp': no match in p2smi database (checked Code='NTRP'); position 2 ('NTrp'): unknown residue code 'NTrp': no match in p2smi database (checked Code='NTRP'); position 3 ('NLys'): unknown residue code 'NLys': no match in p2smi database (checked Code='NLYS'); position 4 ('NLys'): unknown residue code 'NLys': no match in p2smi database (checked Code='NLYS'); position 5 ('NLys'): unknown residue code 'NLys': no match in p2smi database (checked Code='NLYS'); position 6 ('NLys'): unknown residue code 'NLys': no match in p2smi database (checked Code='NLYS'); position 7 ('NIle'): unknown residue code 'NIle': no match in p2smi database (checked Code='NILE'); position 8 ('NTrp'): unknown residue code 'NTrp': no match in p2smi database (checked Code='NTRP'); position 9 ('NTrp'): unknown residue code 'NTrp': no match in p2smi database (checked Code='NTRP')
13129,b3_excluded_residue_no_smiles,residue_based,position 1 ('Nae'): unknown residue code 'Nae': no match in p2smi database (checked Code='NAE'); position 2 ('NTrp'): unknown residue code 'NTrp': no match in p2smi database (checked Code='NTRP'); position 3 ('Nae'): unknown residue code 'Nae': no match in p2smi database (checked Code='NAE'); position 4 ('Nae'): unknown residue code 'Nae': no match in p2smi database (checked Code='NAE'); position 5 ('NTrp'): unknown residue code 'NTrp': no match in p2smi database (checked Code='NTRP'); position 6 ('NTrp'): unknown residue code 'NTrp': no match in p2smi database (checked Code='NTRP'); position 7 ('Nae'): unknown residue code 'Nae': no match in p2smi database (checked Code='NAE'); position 8 ('NTrp'): unknown residue code 'NTrp': no match in p2smi database (checked Code='NTRP'); position 9 ('NIle'): unknown residue code 'NIle': no match in p2smi database (checked Code='NILE')
13131,b3_excluded_residue_no_smiles,residue_based,position 1 ('NLys'): unknown residue code 'NLys': no match in p2smi database (checked Code='NLYS'); position 2 ('NTrp'): unknown residue code 'NTrp': no match in p2smi database (checked Code='NTRP'); position 3 ('NLys'): unknown residue code 'NLys': no match in p2smi database (checked Code='NLYS'); position 4 ('NLys'): unknown residue code 'NLys': no match in p2smi database (checked Code='NLYS'); position 5 ('NTrp'): unknown residue code 'NTrp': no match in p2smi database (checked Code='NTRP'); position 6 ('NTrp'): unknown residue code 'NTrp': no match in p2smi database (checked Code='NTRP'); position 7 ('NLys'): unknown residue code 'NLys': no match in p2smi database (checked Code='NLYS'); position 8 ('NTrp'): unknown residue code 'NTrp': no match in p2smi database (checked Code='NTRP'); position 9 ('NLeu'): unknown residue code 'NLeu': no match in p2smi database (checked Code='NLEU')
13133,b3_excluded_residue_no_smiles,residue_based,position 1 ('NLys'): unknown residue code 'NLys': no match in p2smi database (checked Code='NLYS'); position 2 ('Nai'): unknown residue code 'Nai': no match in p2smi database (checked Code='NAI'); position 3 ('NLys'): unknown residue code 'NLys': no match in p2smi database (checked Code='NLYS'); position 4 ('NLys'): unknown residue code 'NLys': no match in p2smi database (checked Code='NLYS'); position 5 ('Nai'): unknown residue code 'Nai': no match in p2smi database (checked Code='NAI'); position 6 ('Nai'): unknown residue code 'Nai': no match in p2smi database (checked Code='NAI'); position 7 ('NLys'): unknown residue code 'NLys': no match in p2smi database (checked Code='NLYS'); position 8 ('Nai'): unknown residue code 'Nai': no match in p2smi database (checked Code='NAI'); position 9 ('NLeu'): unknown residue code 'NLeu': no match in p2smi database (checked Code='NLEU')
13130,b3_excluded_residue_no_smiles,residue_based,position 1 ('NLys'): unknown residue code 'NLys': no match in p2smi database (checked Code='NLYS'); position 2 ('NTrp'): unknown residue code 'NTrp': no match in p2smi database (checked Code='NTRP'); position 3 ('NLys'): unknown residue code 'NLys': no match in p2smi database (checked Code='NLYS'); position 4 ('NLys'): unknown residue code 'NLys': no match in p2smi database (checked Code='NLYS'); position 5 ('NTrp'): unknown residue code 'NTrp': no match in p2smi database (checked Code='NTRP'); position 6 ('Ndpe'): unknown residue code 'Ndpe': no match in p2smi database (checked Code='NDPE'); position 7 ('NLys'): unknown residue code 'NLys': no match in p2smi database (checked Code='NLYS'); position 8 ('NTrp'): unknown residue code 'NTrp': no match in p2smi database (checked Code='NTRP'); position 9 ('NIle'): unknown residue code 'NIle': no match in p2smi database (checked Code='NILE')
13134,b3_excluded_residue_no_smiles,residue_based,position 1 ('NLys'): unknown residue code 'NLys': no match in p2smi database (checked Code='NLYS'); position 2 ('Npe'): unknown residue code 'Npe': no match in p2smi database (checked Code='NPE'); position 3 ('NLys'): unknown residue code 'NLys': no match in p2smi database (checked Code='NLYS'); position 4 ('NLys'): unknown residue code 'NLys': no match in p2smi database (checked Code='NLYS'); position 5 ('Npe'): unknown residue code 'Npe': no match in p2smi database (checked Code='NPE'); position 6 ('Npe'): unknown residue code 'Npe': no match in p2smi database (checked Code='NPE'); position 7 ('NLys'): unknown residue code 'NLys': no match in p2smi database (checked Code='NLYS'); position 8 ('Npe'): unknown residue code 'Npe': no match in p2smi database (checked Code='NPE'); position 9 ('NLeu'): unknown residue code 'NLeu': no match in p2smi database (checked Code='NLEU')
13122,b3_excluded_residue_no_smiles,residue_based,position 1 ('NLys'): unknown residue code 'NLys': no match in p2smi database (checked Code='NLYS'); position 2 ('NLys'): unknown residue code 'NLys': no match in p2smi database (checked Code='NLYS'); position 3 ('NLys'): unknown residue code 'NLys': no match in p2smi database (checked Code='NLYS'); position 4 ('NLys'): unknown residue code 'NLys': no match in p2smi database (checked Code='NLYS'); position 5 ('NTrp'): unknown residue code 'NTrp': no match in p2smi database (checked Code='NTRP'); position 6 ('NTrp'): unknown residue code 'NTrp': no match in p2smi database (checked Code='NTRP'); position 7 ('NTrp'): unknown residue code 'NTrp': no match in p2smi database (checked Code='NTRP'); position 8 ('NTrp'): unknown residue code 'NTrp': no match in p2smi database (checked Code='NTRP'); position 9 ('NIle'): unknown residue code 'NIle': no match in p2smi database (checked Code='NILE')
13123,b3_excluded_residue_no_smiles,residue_based,position 1 ('NLys'): unknown residue code 'NLys': no match in p2smi database (checked Code='NLYS'); position 2 ('NTrp'): unknown residue code 'NTrp': no match in p2smi database (checked Code='NTRP'); position 3 ('NLys'): unknown residue code 'NLys': no match in p2smi database (checked Code='NLYS'); position 4 ('NLys'): unknown residue code 'NLys': no match in p2smi database (checked Code='NLYS'); position 5 ('NTrp'): unknown residue code 'NTrp': no match in p2smi database (checked Code='NTRP'); position 6 ('NTrp'): unknown residue code 'NTrp': no match in p2smi database (checked Code='NTRP'); position 7 ('NLys'): unknown residue code 'NLys': no match in p2smi database (checked Code='NLYS'); position 8 ('NTrp'): unknown residue code 'NTrp': no match in p2smi database (checked Code='NTRP'); position 9 ('Npm'): unknown residue code 'Npm': no match in p2smi database (checked Code='NPM')
13135,b3_excluded_residue_no_smiles,residue_based,position 1 ('NLys'): unknown residue code 'NLys': no match in p2smi database (checked Code='NLYS'); position 2 ('Nspe'): unknown residue code 'Nspe': no match in p2smi database (checked Code='NSPE'); position 3 ('NLys'): unknown residue code 'NLys': no match in p2smi database (checked Code='NLYS'); position 4 ('NLys'): unknown residue code 'NLys': no match in p2smi database (checked Code='NLYS'); position 5 ('Nspe'): unknown residue code 'Nspe': no match in p2smi database (checked Code='NSPE'); position 6 ('Nspe'): unknown residue code 'Nspe': no match in p2smi database (checked Code='NSPE'); position 7 ('NLys'): unknown residue code 'NLys': no match in p2smi database (checked Code='NLYS'); position 8 ('Nspe'): unknown residue code 'Nspe': no match in p2smi database (checked Code='NSPE'); position 9 ('NLeu'): unknown residue code 'NLeu': no match in p2smi database (checked Code='NLEU')
13121,b3_excluded_residue_no_smiles,residue_based,position 1 ('NLys'): unknown residue code 'NLys': no match in p2smi database (checked Code='NLYS'); position 2 ('NTrp'): unknown residue code 'NTrp': no match in p2smi database (checked Code='NTRP'); position 3 ('NLys'): unknown residue code 'NLys': no match in p2smi database (checked Code='NLYS'); position 4 ('NLys'): unknown residue code 'NLys': no match in p2smi database (checked Code='NLYS'); position 5 ('NTrp'): unknown residue code 'NTrp': no match in p2smi database (checked Code='NTRP'); position 6 ('NTrp'): unknown residue code 'NTrp': no match in p2smi database (checked Code='NTRP'); position 7 ('NLys'): unknown residue code 'NLys': no match in p2smi database (checked Code='NLYS'); position 8 ('NTrp'): unknown residue code 'NTrp': no match in p2smi database (checked Code='NTRP'); position 9 ('NIle'): unknown residue code 'NIle': no match in p2smi database (checked Code='NILE')
13140,b3_excluded_residue_no_smiles,residue_based,position 1 ('NLys'): unknown residue code 'NLys': no match in p2smi database (checked Code='NLYS'); position 2 ('NLys'): unknown residue code 'NLys': no match in p2smi database (checked Code='NLYS'); position 3 ('NLys'): unknown residue code 'NLys': no match in p2smi database (checked Code='NLYS'); position 4 ('Npe'): unknown residue code 'Npe': no match in p2smi database (checked Code='NPE'); position 5 ('Npe'): unknown residue code 'Npe': no match in p2smi database (checked Code='NPE'); position 6 ('Npe'): unknown residue code 'Npe': no match in p2smi database (checked Code='NPE'); position 7 ('Npe'): unknown residue code 'Npe': no match in p2smi database (checked Code='NPE'); position 8 ('Npm'): unknown residue code 'Npm': no match in p2smi database (checked Code='NPM'); position 9 ('NLys'): unknown residue code 'NLys': no match in p2smi database (checked Code='NLYS')
13132,b3_excluded_residue_no_smiles,residue_based,position 1 ('NLys'): unknown residue code 'NLys': no match in p2smi database (checked Code='NLYS'); position 2 ('Ndpe'): unknown residue code 'Ndpe': no match in p2smi database (checked Code='NDPE'); position 3 ('NLys'): unknown residue code 'NLys': no match in p2smi database (checked Code='NLYS'); position 4 ('NLys'): unknown residue code 'NLys': no match in p2smi database (checked Code='NLYS'); position 5 ('Ndpe'): unknown residue code 'Ndpe': no match in p2smi database (checked Code='NDPE'); position 6 ('Ndpe'): unknown residue code 'Ndpe': no match in p2smi database (checked Code='NDPE'); position 7 ('NLys'): unknown residue code 'NLys': no match in p2smi database (checked Code='NLYS'); position 8 ('Ndpe'): unknown residue code 'Ndpe': no match in p2smi database (checked Code='NDPE'); position 9 ('NLeu'): unknown residue code 'NLeu': no match in p2smi database (checked Code='NLEU')
13142,b3_excluded_residue_no_smiles,residue_based,position 1 ('NLys'): unknown residue code 'NLys': no match in p2smi database (checked Code='NLYS'); position 2 ('NTrp'): unknown residue code 'NTrp': no match in p2smi database (checked Code='NTRP'); position 3 ('NLys'): unknown residue code 'NLys': no match in p2smi database (checked Code='NLYS'); position 4 ('NLys'): unknown residue code 'NLys': no match in p2smi database (checked Code='NLYS'); position 5 ('NTrp'): unknown residue code 'NTrp': no match in p2smi database (checked Code='NTRP'); position 6 ('NTrp'): unknown residue code 'NTrp': no match in p2smi database (checked Code='NTRP'); position 7 ('NLys'): unknown residue code 'NLys': no match in p2smi database (checked Code='NLYS'); position 8 ('NTrp'): unknown residue code 'NTrp': no match in p2smi database (checked Code='NTRP')
13136,b3_excluded_residue_no_smiles,residue_based,position 1 ('NLys'): unknown residue code 'NLys': no match in p2smi database (checked Code='NLYS'); position 2 ('Ndpe'): unknown residue code 'Ndpe': no match in p2smi database (checked Code='NDPE'); position 3 ('NLys'): unknown residue code 'NLys': no match in p2smi database (checked Code='NLYS'); position 4 ('NLys'): unknown residue code 'NLys': no match in p2smi database (checked Code='NLYS'); position 5 ('Ndpe'): unknown residue code 'Ndpe': no match in p2smi database (checked Code='NDPE'); position 6 ('Ndpe'): unknown residue code 'Ndpe': no match in p2smi database (checked Code='NDPE'); position 7 ('NLys'): unknown residue code 'NLys': no match in p2smi database (checked Code='NLYS'); position 8 ('Ndpe'): unknown residue code 'Ndpe': no match in p2smi database (checked Code='NDPE')
13138,b3_excluded_residue_no_smiles,residue_based,position 1 ('NLys'): unknown residue code 'NLys': no match in p2smi database (checked Code='NLYS'); position 2 ('NLys'): unknown residue code 'NLys': no match in p2smi database (checked Code='NLYS'); position 3 ('NLys'): unknown residue code 'NLys': no match in p2smi database (checked Code='NLYS'); position 4 ('NTrp'): unknown residue code 'NTrp': no match in p2smi database (checked Code='NTRP'); position 5 ('NTrp'): unknown residue code 'NTrp': no match in p2smi database (checked Code='NTRP'); position 6 ('NTrp'): unknown residue code 'NTrp': no match in p2smi database (checked Code='NTRP'); position 7 ('NTrp'): unknown residue code 'NTrp': no match in p2smi database (checked Code='NTRP'); position 8 ('Npm'): unknown residue code 'Npm': no match in p2smi database (checked Code='NPM'); position 9 ('NLys'): unknown residue code 'NLys': no match in p2smi database (checked Code='NLYS')
13139,b3_excluded_residue_no_smiles,residue_based,position 1 ('NLys'): unknown residue code 'NLys': no match in p2smi database (checked Code='NLYS'); position 2 ('NLys'): unknown residue code 'NLys': no match in p2smi database (checked Code='NLYS'); position 3 ('NLys'): unknown residue code 'NLys': no match in p2smi database (checked Code='NLYS'); position 4 ('Ndpe'): unknown residue code 'Ndpe': no match in p2smi database (checked Code='NDPE'); position 5 ('Ndpe'): unknown residue code 'Ndpe': no match in p2smi database (checked Code='NDPE'); position 6 ('Ndpe'): unknown residue code 'Ndpe': no match in p2smi database (checked Code='NDPE'); position 7 ('Ndpe'): unknown residue code 'Ndpe': no match in p2smi database (checked Code='NDPE'); position 8 ('Npm'): unknown residue code 'Npm': no match in p2smi database (checked Code='NPM'); position 9 ('NLys'): unknown residue code 'NLys': no match in p2smi database (checked Code='NLYS')
13141,b3_excluded_residue_no_smiles,residue_based,position 1 ('NLys'): unknown residue code 'NLys': no match in p2smi database (checked Code='NLYS'); position 2 ('NLys'): unknown residue code 'NLys': no match in p2smi database (checked Code='NLYS'); position 3 ('NLys'): unknown residue code 'NLys': no match in p2smi database (checked Code='NLYS'); position 4 ('Ndpe'): unknown residue code 'Ndpe': no match in p2smi database (checked Code='NDPE'); position 5 ('Ndpe'): unknown residue code 'Ndpe': no match in p2smi database (checked Code='NDPE'); position 6 ('Npe'): unknown residue code 'Npe': no match in p2smi database (checked Code='NPE'); position 7 ('Npe'): unknown residue code 'Npe': no match in p2smi database (checked Code='NPE'); position 8 ('Npm'): unknown residue code 'Npm': no match in p2smi database (checked Code='NPM'); position 9 ('NLys'): unknown residue code 'NLys': no match in p2smi database (checked Code='NLYS')
13144,b3_excluded_residue_no_smiles,residue_based,position 1 ('NLys'): unknown residue code 'NLys': no match in p2smi database (checked Code='NLYS'); position 2 ('NLys'): unknown residue code 'NLys': no match in p2smi database (checked Code='NLYS'); position 3 ('NLys'): unknown residue code 'NLys': no match in p2smi database (checked Code='NLYS'); position 4 ('NLys'): unknown residue code 'NLys': no match in p2smi database (checked Code='NLYS'); position 5 ('NTrp'): unknown residue code 'NTrp': no match in p2smi database (checked Code='NTRP'); position 6 ('NTrp'): unknown residue code 'NTrp': no match in p2smi database (checked Code='NTRP'); position 7 ('NTrp'): unknown residue code 'NTrp': no match in p2smi database (checked Code='NTRP'); position 8 ('NTrp'): unknown residue code 'NTrp': no match in p2smi database (checked Code='NTRP')
13137,b3_excluded_residue_no_smiles,residue_based,position 1 ('NLys'): unknown residue code 'NLys': no match in p2smi database (checked Code='NLYS'); position 2 ('Nai'): unknown residue code 'Nai': no match in p2smi database (checked Code='NAI'); position 3 ('NLys'): unknown residue code 'NLys': no match in p2smi database (checked Code='NLYS'); position 4 ('NLys'): unknown residue code 'NLys': no match in p2smi database (checked Code='NLYS'); position 5 ('Nai'): unknown residue code 'Nai': no match in p2smi database (checked Code='NAI'); position 6 ('Nai'): unknown residue code 'Nai': no match in p2smi database (checked Code='NAI'); position 7 ('NLys'): unknown residue code 'NLys': no match in p2smi database (checked Code='NLYS'); position 8 ('Nai'): unknown residue code 'Nai': no match in p2smi database (checked Code='NAI')
13145,b3_excluded_residue_no_smiles,residue_based,position 1 ('Nae'): unknown residue code 'Nae': no match in p2smi database (checked Code='NAE'); position 2 ('Nae'): unknown residue code 'Nae': no match in p2smi database (checked Code='NAE'); position 3 ('NLys'): unknown residue code 'NLys': no match in p2smi database (checked Code='NLYS'); position 4 ('NLys'): unknown residue code 'NLys': no match in p2smi database (checked Code='NLYS'); position 5 ('NTrp'): unknown residue code 'NTrp': no match in p2smi database (checked Code='NTRP'); position 6 ('NTrp'): unknown residue code 'NTrp': no match in p2smi database (checked Code='NTRP'); position 7 ('NTrp'): unknown residue code 'NTrp': no match in p2smi database (checked Code='NTRP'); position 8 ('NTrp'): unknown residue code 'NTrp': no match in p2smi database (checked Code='NTRP')
13169,b3_excluded_residue_no_smiles,residue_based,position 2 ('D-LYS-C10'): unknown residue code 'D-LYS-C10': no match in p2smi database (checked Code='LYS-C10')
14518,b3_excluded_residue_no_smiles,residue_based,position 8 ('HPhe'): unknown residue code 'HPhe': no match in p2smi database (checked Code='HPHE')
14528,b3_excluded_residue_no_smiles,residue_based,position 10 ('D-HPhe'): unknown residue code 'D-HPhe': no match in p2smi database (checked Code='HPHE')
14500,b1_excluded_non_monomer,out_of_scope,"non-monomer complexity (dimer/multi-peptide) -- not a single-chain SMILES peptide, out of scope for this dataset"
14499,b1_excluded_non_monomer,out_of_scope,"non-monomer complexity (dimer/multi-peptide) -- not a single-chain SMILES peptide, out of scope for this dataset"
14498,b1_excluded_non_monomer,out_of_scope,"non-monomer complexity (dimer/multi-peptide) -- not a single-chain SMILES peptide, out of scope for this dataset"
14402,b1_excluded_non_monomer,out_of_scope,"non-monomer complexity (dimer/multi-peptide) -- not a single-chain SMILES peptide, out of scope for this dataset"
14539,b3_excluded_residue_no_smiles,residue_based,position 12 ('HPhe'): unknown residue code 'HPhe': no match in p2smi database (checked Code='HPHE')
14092,b1_excluded_non_monomer,out_of_scope,"non-monomer complexity (dimer/multi-peptide) -- not a single-chain SMILES peptide, out of scope for this dataset"
14607,b3_excluded_residue_no_smiles,residue_based,position 14 ('HPhe'): unknown residue code 'HPhe': no match in p2smi database (checked Code='HPHE')
14615,b3_excluded_residue_no_smiles,residue_based,position 14 ('HCha'): unknown residue code 'HCha': no match in p2smi database (checked Code='HCHA')
14614,b3_excluded_residue_no_smiles,residue_based,position 14 ('SER-O-BZY'): unknown residue code 'SER-O-BZY': no match in p2smi database (checked Code='SER-O-BZY')
14087,b1_excluded_non_monomer,out_of_scope,"non-monomer complexity (dimer/multi-peptide) -- not a single-chain SMILES peptide, out of scope for this dataset"
14641,b3_excluded_residue_no_smiles,residue_based,position 14 ('Leu(O)S'): unknown residue code 'Leu(O)S': no match in p2smi database (checked Code='LEU(O)S')
14088,b1_excluded_non_monomer,out_of_scope,"non-monomer complexity (dimer/multi-peptide) -- not a single-chain SMILES peptide, out of scope for this dataset"
14660,b3_excluded_residue_no_smiles,residue_based,position 3 ('BisHomo-Pra'): unknown residue code 'BisHomo-Pra': no match in p2smi database (checked Code='BISHOMO-PRA'); position 20 ('Lys(N3)'): unknown residue code 'Lys(N3)': no match in p2smi database (checked Code='LYS(N3)')
14667,b1_excluded_non_monomer,out_of_scope,"non-monomer complexity (dimer/multi-peptide) -- not a single-chain SMILES peptide, out of scope for this dataset"
14671,b1_excluded_non_monomer,out_of_scope,"non-monomer complexity (dimer/multi-peptide) -- not a single-chain SMILES peptide, out of scope for this dataset"
14696,b3_excluded_residue_no_smiles,residue_based,position 4 ('HCys'): unknown residue code 'HCys': no match in p2smi database (checked Code='HCYS'); position 8 ('HCys'): unknown residue code 'HCys': no match in p2smi database (checked Code='HCYS')
14697,b1_excluded_non_monomer,out_of_scope,"non-monomer complexity (dimer/multi-peptide) -- not a single-chain SMILES peptide, out of scope for this dataset"
14703,b1_excluded_non_monomer,out_of_scope,"non-monomer complexity (dimer/multi-peptide) -- not a single-chain SMILES peptide, out of scope for this dataset"
14694,b1_excluded_non_monomer,out_of_scope,"non-monomer complexity (dimer/multi-peptide) -- not a single-chain SMILES peptide, out of scope for this dataset"
14698,b1_excluded_non_monomer,out_of_scope,"non-monomer complexity (dimer/multi-peptide) -- not a single-chain SMILES peptide, out of scope for this dataset"
14793,b3_excluded_residue_no_smiles,residue_based,position 6 ('NLys'): unknown residue code 'NLys': no match in p2smi database (checked Code='NLYS'); position 7 ('NLeu'): unknown residue code 'NLeu': no match in p2smi database (checked Code='NLEU'); position 8 ('NLeu'): unknown residue code 'NLeu': no match in p2smi database (checked Code='NLEU'); position 9 ('NLys'): unknown residue code 'NLys': no match in p2smi database (checked Code='NLYS'); position 10 ('Npm'): unknown residue code 'Npm': no match in p2smi database (checked Code='NPM'); position 11 ('NLeu'): unknown residue code 'NLeu': no match in p2smi database (checked Code='NLEU')
14809,b2_excluded_unsupported_terminus,terminus_based,unsupported N-terminal modification 'C11' (only free amine or ACT acetylation supported)
14816,b2_excluded_unsupported_terminus,terminus_based,unsupported N-terminal modification 'FMOC' (only free amine or ACT acetylation supported)
14814,b3_excluded_residue_no_smiles,residue_based,position 5 ('D-DAP'): unknown residue code 'D-DAP': no match in p2smi database (checked Code='DAP')
14825,b3_excluded_residue_no_smiles,residue_based,position 7 ('D-DAP'): unknown residue code 'D-DAP': no match in p2smi database (checked Code='DAP')
14826,b2_excluded_unsupported_terminus,terminus_based,unsupported N-terminal modification 'C8' (only free amine or ACT acetylation supported)
14818,b2_excluded_unsupported_terminus,terminus_based,unsupported N-terminal modification 'AdAcA' (only free amine or ACT acetylation supported)
14828,b2_excluded_unsupported_terminus,terminus_based,unsupported N-terminal modification 'C8' (only free amine or ACT acetylation supported)
14823,b2_excluded_unsupported_terminus,terminus_based,unsupported N-terminal modification '3-OH-6-Me-C8' (only free amine or ACT acetylation supported)
14839,b4_excluded_nonstandard_bond,bond_based,6 intrachain bonds present -- multi-bond (e.g. multiply-bridged / bicyclic) peptides are out of scope for automated generation in this pass
14865,b3_excluded_residue_no_smiles,residue_based,position 2 ('N-Me-5-OH-Leu'): unknown residue code 'N-Me-5-OH-Leu': no match in p2smi database (checked Code='N-ME-5-OH-LEU'); position 4 ('2-Ahx'): unknown residue code '2-Ahx': no match in p2smi database (checked Code='2-AHX'); position 5 ('N-DMA-TRP'): unknown residue code 'N-DMA-TRP': no match in p2smi database (checked Code='N-DMA-TRP'); position 7 ('N-TYR'): unknown residue code 'N-TYR': no match in p2smi database (checked Code='N-TYR')
14861,b3_excluded_residue_no_smiles,residue_based,position 2 ('Me-Leu'): unknown residue code 'Me-Leu': no match in p2smi database (checked Code='ME-LEU'); position 4 ('2-Ahx'): unknown residue code '2-Ahx': no match in p2smi database (checked Code='2-AHX'); position 5 ('N-DMA-TRP'): unknown residue code 'N-DMA-TRP': no match in p2smi database (checked Code='N-DMA-TRP'); position 6 ('Me-Leu'): unknown residue code 'Me-Leu': no match in p2smi database (checked Code='ME-LEU'); position 7 ('N-TYR'): unknown residue code 'N-TYR': no match in p2smi database (checked Code='N-TYR')
14862,b3_excluded_residue_no_smiles,residue_based,position 2 ('Me-Leu'): unknown residue code 'Me-Leu': no match in p2smi database (checked Code='ME-LEU'); position 4 ('2-Ahx'): unknown residue code '2-Ahx': no match in p2smi database (checked Code='2-AHX'); position 5 ('Er-Pre-TRP'): unknown residue code 'Er-Pre-TRP': no match in p2smi database (checked Code='ER-PRE-TRP'); position 6 ('Me-Leu'): unknown residue code 'Me-Leu': no match in p2smi database (checked Code='ME-LEU'); position 7 ('N-TYR'): unknown residue code 'N-TYR': no match in p2smi database (checked Code='N-TYR')
14864,b3_excluded_residue_no_smiles,residue_based,"position 2 ('N,4-Me-Glu	'): unknown residue code 'N,4-Me-Glu	': no match in p2smi database (checked Code='N,4-ME-GLU'); position 4 ('2-Ahx'): unknown residue code '2-Ahx': no match in p2smi database (checked Code='2-AHX'); position 5 ('Er-Pre-TRP'): unknown residue code 'Er-Pre-TRP': no match in p2smi database (checked Code='ER-PRE-TRP'); position 6 ('Me-Leu'): unknown residue code 'Me-Leu': no match in p2smi database (checked Code='ME-LEU'); position 7 ('N-TYR'): unknown residue code 'N-TYR': no match in p2smi database (checked Code='N-TYR')"
14866,b3_excluded_residue_no_smiles,residue_based,"position 2 ('N,4-Me-Glu	'): unknown residue code 'N,4-Me-Glu	': no match in p2smi database (checked Code='N,4-ME-GLU'); position 4 ('2-Ahx'): unknown residue code '2-Ahx': no match in p2smi database (checked Code='2-AHX'); position 5 ('N-DMA-TRP'): unknown residue code 'N-DMA-TRP': no match in p2smi database (checked Code='N-DMA-TRP'); position 6 ('Me-Leu'): unknown residue code 'Me-Leu': no match in p2smi database (checked Code='ME-LEU'); position 7 ('N-TYR'): unknown residue code 'N-TYR': no match in p2smi database (checked Code='N-TYR')"
14863,b3_excluded_residue_no_smiles,residue_based,position 2 ('N-Me-5-OH-Leu'): unknown residue code 'N-Me-5-OH-Leu': no match in p2smi database (checked Code='N-ME-5-OH-LEU'); position 4 ('2-Ahx'): unknown residue code '2-Ahx': no match in p2smi database (checked Code='2-AHX'); position 5 ('Er-Pre-TRP'): unknown residue code 'Er-Pre-TRP': no match in p2smi database (checked Code='ER-PRE-TRP'); position 7 ('N-TYR'): unknown residue code 'N-TYR': no match in p2smi database (checked Code='N-TYR')
14870,b3_excluded_residue_no_smiles,residue_based,position 1 ('3-OH-Er-Pre-TRP'): unknown residue code '3-OH-Er-Pre-TRP': no match in p2smi database (checked Code='3-OH-ER-PRE-TRP'); position 2 ('N-Me-5-OH-Leu'): unknown residue code 'N-Me-5-OH-Leu': no match in p2smi database (checked Code='N-ME-5-OH-LEU'); position 4 ('O-Me-Tyr'): unknown residue code 'O-Me-Tyr': no match in p2smi database (checked Code='O-ME-TYR'); position 6 ('Me-Leu'): unknown residue code 'Me-Leu': no match in p2smi database (checked Code='ME-LEU'); position 7 ('ADMH'): unknown residue code 'ADMH': no match in p2smi database (checked Code='ADMH')
14898,b3_excluded_residue_no_smiles,residue_based,position 2 ('S-ALA-4-pen'): unknown residue code 'S-ALA-4-pen': no match in p2smi database (checked Code='S-ALA-4-PEN'); position 6 ('S-ALA-4-pen'): unknown residue code 'S-ALA-4-pen': no match in p2smi database (checked Code='S-ALA-4-PEN')
14894,b2_excluded_unsupported_terminus,terminus_based,unsupported N-terminal modification 'BZA' (only free amine or ACT acetylation supported)
14901,b3_excluded_residue_no_smiles,residue_based,position 2 ('S-ALA-4-pen'): unknown residue code 'S-ALA-4-pen': no match in p2smi database (checked Code='S-ALA-4-PEN'); position 6 ('S-ALA-4-pen'): unknown residue code 'S-ALA-4-pen': no match in p2smi database (checked Code='S-ALA-4-PEN'); position 8 ('GABA'): unknown residue code 'GABA': no match in p2smi database (checked Code='GABA'); position 10 ('S-ALA-4-pen'): unknown residue code 'S-ALA-4-pen': no match in p2smi database (checked Code='S-ALA-4-PEN'); position 14 ('S-ALA-4-pen'): unknown residue code 'S-ALA-4-pen': no match in p2smi database (checked Code='S-ALA-4-PEN')
14895,b2_excluded_unsupported_terminus,terminus_based,unsupported N-terminal modification 'CIN' (only free amine or ACT acetylation supported)
14899,b3_excluded_residue_no_smiles,residue_based,position 2 ('S-ALA-4-pen'): unknown residue code 'S-ALA-4-pen': no match in p2smi database (checked Code='S-ALA-4-PEN'); position 6 ('S-ALA-4-pen'): unknown residue code 'S-ALA-4-pen': no match in p2smi database (checked Code='S-ALA-4-PEN'); position 10 ('S-ALA-4-pen'): unknown residue code 'S-ALA-4-pen': no match in p2smi database (checked Code='S-ALA-4-PEN'); position 14 ('S-ALA-4-pen'): unknown residue code 'S-ALA-4-pen': no match in p2smi database (checked Code='S-ALA-4-PEN')
14900,b3_excluded_residue_no_smiles,residue_based,position 2 ('S-ALA-4-pen'): unknown residue code 'S-ALA-4-pen': no match in p2smi database (checked Code='S-ALA-4-PEN'); position 6 ('S-ALA-4-pen'): unknown residue code 'S-ALA-4-pen': no match in p2smi database (checked Code='S-ALA-4-PEN'); position 8 ('βALA'): unknown residue code 'βALA': no match in p2smi database (checked Code='ΒALA'); position 10 ('S-ALA-4-pen'): unknown residue code 'S-ALA-4-pen': no match in p2smi database (checked Code='S-ALA-4-PEN'); position 14 ('S-ALA-4-pen'): unknown residue code 'S-ALA-4-pen': no match in p2smi database (checked Code='S-ALA-4-PEN')
14902,b3_excluded_residue_no_smiles,residue_based,position 2 ('S-ALA-4-pen'): unknown residue code 'S-ALA-4-pen': no match in p2smi database (checked Code='S-ALA-4-PEN'); position 6 ('S-ALA-4-pen'): unknown residue code 'S-ALA-4-pen': no match in p2smi database (checked Code='S-ALA-4-PEN'); position 10 ('S-ALA-4-pen'): unknown residue code 'S-ALA-4-pen': no match in p2smi database (checked Code='S-ALA-4-PEN'); position 14 ('S-ALA-4-pen'): unknown residue code 'S-ALA-4-pen': no match in p2smi database (checked Code='S-ALA-4-PEN')
14945,b2_excluded_unsupported_terminus,terminus_based,unsupported N-terminal modification ' C10(6)' (only free amine or ACT acetylation supported)
14954,b1_excluded_non_monomer,out_of_scope,"non-monomer complexity (dimer/multi-peptide) -- not a single-chain SMILES peptide, out of scope for this dataset"
14990,b3_excluded_residue_no_smiles,residue_based,position 2 ('DHB'): unknown residue code 'DHB': no match in p2smi database (checked Code='DHB'); position 5 ('DHA'): unknown residue code 'DHA': no match in p2smi database (checked Code='DHA'); position 18 ('DHB'): unknown residue code 'DHB': no match in p2smi database (checked Code='DHB')
14956,b1_excluded_non_monomer,out_of_scope,"non-monomer complexity (dimer/multi-peptide) -- not a single-chain SMILES peptide, out of scope for this dataset"
15028,b2_excluded_unsupported_terminus,terminus_based,unsupported N-terminal modification 'GUAN' (only free amine or ACT acetylation supported)
14962,b1_excluded_non_monomer,out_of_scope,"non-monomer complexity (dimer/multi-peptide) -- not a single-chain SMILES peptide, out of scope for this dataset"
15097,b3_excluded_residue_no_smiles,residue_based,position 1 ('NLys'): unknown residue code 'NLys': no match in p2smi database (checked Code='NLYS'); position 2 ('Nspe'): unknown residue code 'Nspe': no match in p2smi database (checked Code='NSPE'); position 3 ('Nspe'): unknown residue code 'Nspe': no match in p2smi database (checked Code='NSPE'); position 4 ('NLys'): unknown residue code 'NLys': no match in p2smi database (checked Code='NLYS'); position 5 ('Nspe'): unknown residue code 'Nspe': no match in p2smi database (checked Code='NSPE'); position 6 ('Nspe'): unknown residue code 'Nspe': no match in p2smi database (checked Code='NSPE'); position 7 ('NLys'): unknown residue code 'NLys': no match in p2smi database (checked Code='NLYS'); position 8 ('Nspe'): unknown residue code 'Nspe': no match in p2smi database (checked Code='NSPE'); position 10 ('NLys'): unknown residue code 'NLys': no match in p2smi database (checked Code='NLYS'); position 11 ('Nspe'): unknown residue code 'Nspe': no match in p2smi database (checked Code='NSPE'); position 12 ('Nspe'): unknown residue code 'Nspe': no match in p2smi database (checked Code='NSPE')
15098,b3_excluded_residue_no_smiles,residue_based,position 1 ('NLys'): unknown residue code 'NLys': no match in p2smi database (checked Code='NLYS'); position 2 ('Nspe'): unknown residue code 'Nspe': no match in p2smi database (checked Code='NSPE'); position 3 ('Nspe'): unknown residue code 'Nspe': no match in p2smi database (checked Code='NSPE'); position 4 ('NLys'): unknown residue code 'NLys': no match in p2smi database (checked Code='NLYS'); position 5 ('Nspe'): unknown residue code 'Nspe': no match in p2smi database (checked Code='NSPE'); position 6 ('Nspe'): unknown residue code 'Nspe': no match in p2smi database (checked Code='NSPE'); position 7 ('NLys'): unknown residue code 'NLys': no match in p2smi database (checked Code='NLYS'); position 8 ('Nspe'): unknown residue code 'Nspe': no match in p2smi database (checked Code='NSPE'); position 9 ('Nspe'): unknown residue code 'Nspe': no match in p2smi database (checked Code='NSPE'); position 10 ('NLys'): unknown residue code 'NLys': no match in p2smi database (checked Code='NLYS'); position 11 ('Nspe'): unknown residue code 'Nspe': no match in p2smi database (checked Code='NSPE')
15106,b2_excluded_unsupported_terminus,terminus_based,unsupported N-terminal modification '13-Me-(E)2-C14' (only free amine or ACT acetylation supported)
15096,b3_excluded_residue_no_smiles,residue_based,position 1 ('Ntridec'): unknown residue code 'Ntridec': no match in p2smi database (checked Code='NTRIDEC'); position 2 ('NLys'): unknown residue code 'NLys': no match in p2smi database (checked Code='NLYS'); position 3 ('Nspe'): unknown residue code 'Nspe': no match in p2smi database (checked Code='NSPE'); position 4 ('Nspe'): unknown residue code 'Nspe': no match in p2smi database (checked Code='NSPE'); position 5 ('NLys'): unknown residue code 'NLys': no match in p2smi database (checked Code='NLYS')
15080,b1_excluded_non_monomer,out_of_scope,"non-monomer complexity (dimer/multi-peptide) -- not a single-chain SMILES peptide, out of scope for this dataset"
15081,b1_excluded_non_monomer,out_of_scope,"non-monomer complexity (dimer/multi-peptide) -- not a single-chain SMILES peptide, out of scope for this dataset"
15079,b1_excluded_non_monomer,out_of_scope,"non-monomer complexity (dimer/multi-peptide) -- not a single-chain SMILES peptide, out of scope for this dataset"
15095,b3_excluded_residue_no_smiles,residue_based,position 1 ('NLys'): unknown residue code 'NLys': no match in p2smi database (checked Code='NLYS'); position 2 ('Nspe'): unknown residue code 'Nspe': no match in p2smi database (checked Code='NSPE'); position 3 ('Nspe'): unknown residue code 'Nspe': no match in p2smi database (checked Code='NSPE'); position 4 ('NLys'): unknown residue code 'NLys': no match in p2smi database (checked Code='NLYS'); position 5 ('Nspe'): unknown residue code 'Nspe': no match in p2smi database (checked Code='NSPE'); position 6 ('Nspe'): unknown residue code 'Nspe': no match in p2smi database (checked Code='NSPE'); position 7 ('NLys'): unknown residue code 'NLys': no match in p2smi database (checked Code='NLYS'); position 8 ('Nspe'): unknown residue code 'Nspe': no match in p2smi database (checked Code='NSPE'); position 9 ('Nspe'): unknown residue code 'Nspe': no match in p2smi database (checked Code='NSPE'); position 10 ('NLys'): unknown residue code 'NLys': no match in p2smi database (checked Code='NLYS'); position 11 ('Nspe'): unknown residue code 'Nspe': no match in p2smi database (checked Code='NSPE'); position 12 ('Nspe'): unknown residue code 'Nspe': no match in p2smi database (checked Code='NSPE')
15156,b2_excluded_unsupported_terminus,terminus_based,unsupported C-terminal modification 'Chol' (only free acid or AMD amidation supported)
15153,b2_excluded_unsupported_terminus,terminus_based,unsupported C-terminal modification 'PEG4-C16' (only free acid or AMD amidation supported)
15160,b2_excluded_unsupported_terminus,terminus_based,unsupported C-terminal modification 'PEG12-Chol' (only free acid or AMD amidation supported)
15154,b2_excluded_unsupported_terminus,terminus_based,unsupported C-terminal modification 'PEG4-Chol' (only free acid or AMD amidation supported)
15155,b2_excluded_unsupported_terminus,terminus_based,unsupported C-terminal modification 'Chol' (only free acid or AMD amidation supported)
15157,b2_excluded_unsupported_terminus,terminus_based,unsupported C-terminal modification 'PEG4-Chol' (only free acid or AMD amidation supported)
15161,b2_excluded_unsupported_terminus,terminus_based,unsupported C-terminal modification 'PEG24-Chol' (only free acid or AMD amidation supported)
15159,b2_excluded_unsupported_terminus,terminus_based,unsupported C-terminal modification 'PEG8-Chol' (only free acid or AMD amidation supported)
15158,b2_excluded_unsupported_terminus,terminus_based,unsupported C-terminal modification 'PEG4-Chol' (only free acid or AMD amidation supported)
15184,b2_excluded_unsupported_terminus,terminus_based,unsupported C-terminal modification 'C16-NH2' (only free acid or AMD amidation supported)
15187,b2_excluded_unsupported_terminus,terminus_based,unsupported C-terminal modification 'C16-NH2' (only free acid or AMD amidation supported)
15186,b2_excluded_unsupported_terminus,terminus_based,unsupported C-terminal modification 'C16-NH2' (only free acid or AMD amidation supported)
15185,b2_excluded_unsupported_terminus,terminus_based,unsupported C-terminal modification 'C16-NH2' (only free acid or AMD amidation supported)
15189,b2_excluded_unsupported_terminus,terminus_based,unsupported C-terminal modification 'C16-NH2' (only free acid or AMD amidation supported)
15191,b2_excluded_unsupported_terminus,terminus_based,unsupported C-terminal modification 'C16-NH2' (only free acid or AMD amidation supported)
15194,b2_excluded_unsupported_terminus,terminus_based,unsupported C-terminal modification 'C16-NH2' (only free acid or AMD amidation supported)
15188,b2_excluded_unsupported_terminus,terminus_based,unsupported C-terminal modification 'C16-NH2' (only free acid or AMD amidation supported)
15190,b2_excluded_unsupported_terminus,terminus_based,unsupported C-terminal modification 'C16-NH2' (only free acid or AMD amidation supported)
15192,b2_excluded_unsupported_terminus,terminus_based,unsupported C-terminal modification 'C16-NH2' (only free acid or AMD amidation supported)
15193,b2_excluded_unsupported_terminus,terminus_based,unsupported C-terminal modification 'C16-NH2' (only free acid or AMD amidation supported)
15195,b2_excluded_unsupported_terminus,terminus_based,unsupported C-terminal modification 'C16-NH2' (only free acid or AMD amidation supported)
15197,b3_excluded_residue_no_smiles,residue_based,position 36 ('βALA'): unknown residue code 'βALA': no match in p2smi database (checked Code='ΒALA'); position 37 ('LYS-ACT'): unknown residue code 'LYS-ACT': no match in p2smi database (checked Code='LYS-ACT')
15218,b3_excluded_residue_no_smiles,residue_based,position 1 ('S-ALA-4-pen'): unknown residue code 'S-ALA-4-pen': no match in p2smi database (checked Code='S-ALA-4-PEN'); position 5 ('S-ALA-4-pen'): unknown residue code 'S-ALA-4-pen': no match in p2smi database (checked Code='S-ALA-4-PEN')
15223,b3_excluded_residue_no_smiles,residue_based,position 9 ('S-ALA-4-pen'): unknown residue code 'S-ALA-4-pen': no match in p2smi database (checked Code='S-ALA-4-PEN'); position 13 ('S-ALA-4-pen'): unknown residue code 'S-ALA-4-pen': no match in p2smi database (checked Code='S-ALA-4-PEN')
15220,b3_excluded_residue_no_smiles,residue_based,position 4 ('S-ALA-4-pen'): unknown residue code 'S-ALA-4-pen': no match in p2smi database (checked Code='S-ALA-4-PEN'); position 8 ('S-ALA-4-pen'): unknown residue code 'S-ALA-4-pen': no match in p2smi database (checked Code='S-ALA-4-PEN')
15221,b3_excluded_residue_no_smiles,residue_based,position 5 ('S-ALA-4-pen'): unknown residue code 'S-ALA-4-pen': no match in p2smi database (checked Code='S-ALA-4-PEN'); position 9 ('S-ALA-4-pen'): unknown residue code 'S-ALA-4-pen': no match in p2smi database (checked Code='S-ALA-4-PEN')
15226,b3_excluded_residue_no_smiles,residue_based,position 15 ('S-ALA-4-pen'): unknown residue code 'S-ALA-4-pen': no match in p2smi database (checked Code='S-ALA-4-PEN'); position 19 ('S-ALA-4-pen'): unknown residue code 'S-ALA-4-pen': no match in p2smi database (checked Code='S-ALA-4-PEN')
15227,b3_excluded_residue_no_smiles,residue_based,position 16 ('S-ALA-4-pen'): unknown residue code 'S-ALA-4-pen': no match in p2smi database (checked Code='S-ALA-4-PEN'); position 20 ('S-ALA-4-pen'): unknown residue code 'S-ALA-4-pen': no match in p2smi database (checked Code='S-ALA-4-PEN')
15230,b3_excluded_residue_no_smiles,residue_based,position 8 ('S-ALA-4-pen'): unknown residue code 'S-ALA-4-pen': no match in p2smi database (checked Code='S-ALA-4-PEN'); position 12 ('S-ALA-4-pen'): unknown residue code 'S-ALA-4-pen': no match in p2smi database (checked Code='S-ALA-4-PEN')
15225,b3_excluded_residue_no_smiles,residue_based,position 12 ('S-ALA-4-pen'): unknown residue code 'S-ALA-4-pen': no match in p2smi database (checked Code='S-ALA-4-PEN'); position 16 ('S-ALA-4-pen'): unknown residue code 'S-ALA-4-pen': no match in p2smi database (checked Code='S-ALA-4-PEN')
15231,b3_excluded_residue_no_smiles,residue_based,position 12 ('S-ALA-4-pen'): unknown residue code 'S-ALA-4-pen': no match in p2smi database (checked Code='S-ALA-4-PEN'); position 16 ('S-ALA-4-pen'): unknown residue code 'S-ALA-4-pen': no match in p2smi database (checked Code='S-ALA-4-PEN')
15222,b3_excluded_residue_no_smiles,residue_based,position 8 ('S-ALA-4-pen'): unknown residue code 'S-ALA-4-pen': no match in p2smi database (checked Code='S-ALA-4-PEN'); position 12 ('S-ALA-4-pen'): unknown residue code 'S-ALA-4-pen': no match in p2smi database (checked Code='S-ALA-4-PEN')
15219,b3_excluded_residue_no_smiles,residue_based,position 2 ('S-ALA-4-pen'): unknown residue code 'S-ALA-4-pen': no match in p2smi database (checked Code='S-ALA-4-PEN'); position 6 ('S-ALA-4-pen'): unknown residue code 'S-ALA-4-pen': no match in p2smi database (checked Code='S-ALA-4-PEN')
15228,b3_excluded_residue_no_smiles,residue_based,position 2 ('S-ALA-4-pen'): unknown residue code 'S-ALA-4-pen': no match in p2smi database (checked Code='S-ALA-4-PEN'); position 6 ('S-ALA-4-pen'): unknown residue code 'S-ALA-4-pen': no match in p2smi database (checked Code='S-ALA-4-PEN')
15224,b3_excluded_residue_no_smiles,residue_based,position 11 ('S-ALA-4-pen'): unknown residue code 'S-ALA-4-pen': no match in p2smi database (checked Code='S-ALA-4-PEN'); position 15 ('S-ALA-4-pen'): unknown residue code 'S-ALA-4-pen': no match in p2smi database (checked Code='S-ALA-4-PEN')
15229,b3_excluded_residue_no_smiles,residue_based,position 5 ('S-ALA-4-pen'): unknown residue code 'S-ALA-4-pen': no match in p2smi database (checked Code='S-ALA-4-PEN'); position 9 ('S-ALA-4-pen'): unknown residue code 'S-ALA-4-pen': no match in p2smi database (checked Code='S-ALA-4-PEN')
15232,b3_excluded_residue_no_smiles,residue_based,position 15 ('S-ALA-4-pen'): unknown residue code 'S-ALA-4-pen': no match in p2smi database (checked Code='S-ALA-4-PEN'); position 19 ('S-ALA-4-pen'): unknown residue code 'S-ALA-4-pen': no match in p2smi database (checked Code='S-ALA-4-PEN')
15237,b3_excluded_residue_no_smiles,residue_based,position 12 ('S-ALA-4-pen'): unknown residue code 'S-ALA-4-pen': no match in p2smi database (checked Code='S-ALA-4-PEN'); position 16 ('S-ALA-4-pen'): unknown residue code 'S-ALA-4-pen': no match in p2smi database (checked Code='S-ALA-4-PEN')
15234,b3_excluded_residue_no_smiles,residue_based,position 12 ('R-ALA-4-pen'): unknown residue code 'R-ALA-4-pen': no match in p2smi database (checked Code='R-ALA-4-PEN'); position 16 ('R-ALA-4-pen'): unknown residue code 'R-ALA-4-pen': no match in p2smi database (checked Code='R-ALA-4-PEN')
15233,b3_excluded_residue_no_smiles,residue_based,position 16 ('S-ALA-4-pen'): unknown residue code 'S-ALA-4-pen': no match in p2smi database (checked Code='S-ALA-4-PEN'); position 20 ('S-ALA-4-pen'): unknown residue code 'S-ALA-4-pen': no match in p2smi database (checked Code='S-ALA-4-PEN')
15236,b3_excluded_residue_no_smiles,residue_based,position 12 ('S-ALA-4-pen'): unknown residue code 'S-ALA-4-pen': no match in p2smi database (checked Code='S-ALA-4-PEN'); position 16 ('S-ALA-4-pen'): unknown residue code 'S-ALA-4-pen': no match in p2smi database (checked Code='S-ALA-4-PEN')
15235,b3_excluded_residue_no_smiles,residue_based,position 12 ('S-ALA-4-pen'): unknown residue code 'S-ALA-4-pen': no match in p2smi database (checked Code='S-ALA-4-PEN'); position 16 ('S-ALA-4-pen'): unknown residue code 'S-ALA-4-pen': no match in p2smi database (checked Code='S-ALA-4-PEN')
15177,b1_excluded_non_monomer,out_of_scope,"non-monomer complexity (dimer/multi-peptide) -- not a single-chain SMILES peptide, out of scope for this dataset"
15211,b1_excluded_non_monomer,out_of_scope,"non-monomer complexity (dimer/multi-peptide) -- not a single-chain SMILES peptide, out of scope for this dataset"
15274,b2_excluded_unsupported_terminus,terminus_based,unsupported N-terminal modification 'HABPA' (only free amine or ACT acetylation supported)
15295,b1_excluded_non_monomer,out_of_scope,"non-monomer complexity (dimer/multi-peptide) -- not a single-chain SMILES peptide, out of scope for this dataset"
15275,b2_excluded_unsupported_terminus,terminus_based,unsupported N-terminal modification '3-OH-13-Me-C14' (only free amine or ACT acetylation supported)
15298,b1_excluded_non_monomer,out_of_scope,"non-monomer complexity (dimer/multi-peptide) -- not a single-chain SMILES peptide, out of scope for this dataset"
15297,b1_excluded_non_monomer,out_of_scope,"non-monomer complexity (dimer/multi-peptide) -- not a single-chain SMILES peptide, out of scope for this dataset"
15300,b1_excluded_non_monomer,out_of_scope,"non-monomer complexity (dimer/multi-peptide) -- not a single-chain SMILES peptide, out of scope for this dataset"
15299,b1_excluded_non_monomer,out_of_scope,"non-monomer complexity (dimer/multi-peptide) -- not a single-chain SMILES peptide, out of scope for this dataset"
15296,b1_excluded_non_monomer,out_of_scope,"non-monomer complexity (dimer/multi-peptide) -- not a single-chain SMILES peptide, out of scope for this dataset"
15302,b1_excluded_non_monomer,out_of_scope,"non-monomer complexity (dimer/multi-peptide) -- not a single-chain SMILES peptide, out of scope for this dataset"
15301,b1_excluded_non_monomer,out_of_scope,"non-monomer complexity (dimer/multi-peptide) -- not a single-chain SMILES peptide, out of scope for this dataset"
15303,b1_excluded_non_monomer,out_of_scope,"non-monomer complexity (dimer/multi-peptide) -- not a single-chain SMILES peptide, out of scope for this dataset"
15304,b1_excluded_non_monomer,out_of_scope,"non-monomer complexity (dimer/multi-peptide) -- not a single-chain SMILES peptide, out of scope for this dataset"
15357,b2_excluded_unsupported_terminus,terminus_based,unsupported C-terminal modification 'C16' (only free acid or AMD amidation supported)
15356,b2_excluded_unsupported_terminus,terminus_based,unsupported C-terminal modification 'Chol' (only free acid or AMD amidation supported)
15374,b3_excluded_residue_no_smiles,residue_based,position 13 ('Glu-OAll'): unknown residue code 'Glu-OAll': no match in p2smi database (checked Code='GLU-OALL')
15432,b3_excluded_residue_no_smiles,residue_based,position 13 ('Glu-OAll'): unknown residue code 'Glu-OAll': no match in p2smi database (checked Code='GLU-OALL')
15433,b3_excluded_residue_no_smiles,residue_based,position 13 ('Glu-OAll'): unknown residue code 'Glu-OAll': no match in p2smi database (checked Code='GLU-OALL')
15431,b1_excluded_non_monomer,out_of_scope,"non-monomer complexity (dimer/multi-peptide) -- not a single-chain SMILES peptide, out of scope for this dataset"
15430,b1_excluded_non_monomer,out_of_scope,"non-monomer complexity (dimer/multi-peptide) -- not a single-chain SMILES peptide, out of scope for this dataset"
15429,b1_excluded_non_monomer,out_of_scope,"non-monomer complexity (dimer/multi-peptide) -- not a single-chain SMILES peptide, out of scope for this dataset"
15428,b1_excluded_non_monomer,out_of_scope,"non-monomer complexity (dimer/multi-peptide) -- not a single-chain SMILES peptide, out of scope for this dataset"
15515,b1_excluded_non_monomer,out_of_scope,"non-monomer complexity (dimer/multi-peptide) -- not a single-chain SMILES peptide, out of scope for this dataset"
15557,b3_excluded_residue_no_smiles,residue_based,position 1 ('O-Me-Tyr'): unknown residue code 'O-Me-Tyr': no match in p2smi database (checked Code='O-ME-TYR')
15567,b2_excluded_unsupported_terminus,terminus_based,unsupported N-terminal modification 'Chol' (only free amine or ACT acetylation supported)
15566,b2_excluded_unsupported_terminus,terminus_based,unsupported N-terminal modification 'Chol' (only free amine or ACT acetylation supported)
15564,b2_excluded_unsupported_terminus,terminus_based,unsupported N-terminal modification 'Chol' (only free amine or ACT acetylation supported)
15565,b2_excluded_unsupported_terminus,terminus_based,unsupported N-terminal modification 'Chol' (only free amine or ACT acetylation supported)
15580,b1_excluded_non_monomer,out_of_scope,"non-monomer complexity (dimer/multi-peptide) -- not a single-chain SMILES peptide, out of scope for this dataset"
15588,b1_excluded_non_monomer,out_of_scope,"non-monomer complexity (dimer/multi-peptide) -- not a single-chain SMILES peptide, out of scope for this dataset"
15605,b2_excluded_unsupported_terminus,terminus_based,unsupported C-terminal modification 'C16' (only free acid or AMD amidation supported)
15592,b1_excluded_non_monomer,out_of_scope,"non-monomer complexity (dimer/multi-peptide) -- not a single-chain SMILES peptide, out of scope for this dataset"
15589,b1_excluded_non_monomer,out_of_scope,"non-monomer complexity (dimer/multi-peptide) -- not a single-chain SMILES peptide, out of scope for this dataset"
15581,b1_excluded_non_monomer,out_of_scope,"non-monomer complexity (dimer/multi-peptide) -- not a single-chain SMILES peptide, out of scope for this dataset"
15586,b1_excluded_non_monomer,out_of_scope,"non-monomer complexity (dimer/multi-peptide) -- not a single-chain SMILES peptide, out of scope for this dataset"
15591,b1_excluded_non_monomer,out_of_scope,"non-monomer complexity (dimer/multi-peptide) -- not a single-chain SMILES peptide, out of scope for this dataset"
15587,b1_excluded_non_monomer,out_of_scope,"non-monomer complexity (dimer/multi-peptide) -- not a single-chain SMILES peptide, out of scope for this dataset"
15615,b2_excluded_unsupported_terminus,terminus_based,unsupported C-terminal modification 'Am-Chol' (only free acid or AMD amidation supported)
15616,b2_excluded_unsupported_terminus,terminus_based,unsupported C-terminal modification 'Am-Chol' (only free acid or AMD amidation supported)
15583,b1_excluded_non_monomer,out_of_scope,"non-monomer complexity (dimer/multi-peptide) -- not a single-chain SMILES peptide, out of scope for this dataset"
15618,b2_excluded_unsupported_terminus,terminus_based,unsupported C-terminal modification 'Am-Chol' (only free acid or AMD amidation supported)
15617,b2_excluded_unsupported_terminus,terminus_based,unsupported C-terminal modification 'Am-Chol' (only free acid or AMD amidation supported)
15582,b1_excluded_non_monomer,out_of_scope,"non-monomer complexity (dimer/multi-peptide) -- not a single-chain SMILES peptide, out of scope for this dataset"
15593,b1_excluded_non_monomer,out_of_scope,"non-monomer complexity (dimer/multi-peptide) -- not a single-chain SMILES peptide, out of scope for this dataset"
15584,b1_excluded_non_monomer,out_of_scope,"non-monomer complexity (dimer/multi-peptide) -- not a single-chain SMILES peptide, out of scope for this dataset"
15620,b2_excluded_unsupported_terminus,terminus_based,unsupported C-terminal modification 'Am-Chol' (only free acid or AMD amidation supported)
15614,b3_excluded_residue_no_smiles,residue_based,position 28 ('LYS-C18'): unknown residue code 'LYS-C18': no match in p2smi database (checked Code='LYS-C18')
15619,b2_excluded_unsupported_terminus,terminus_based,unsupported C-terminal modification 'Am-Chol' (only free acid or AMD amidation supported)
15664,b3_excluded_residue_no_smiles,residue_based,position 28 ('LYS-C24'): unknown residue code 'LYS-C24': no match in p2smi database (checked Code='LYS-C24')
15661,b2_excluded_unsupported_terminus,terminus_based,unsupported N-terminal modification 'Chol' (only free amine or ACT acetylation supported)
15665,b3_excluded_residue_no_smiles,residue_based,position 28 ('LYS-C22'): unknown residue code 'LYS-C22': no match in p2smi database (checked Code='LYS-C22')
15666,b3_excluded_residue_no_smiles,residue_based,position 28 ('LYS-C20'): unknown residue code 'LYS-C20': no match in p2smi database (checked Code='LYS-C20')
15669,b3_excluded_residue_no_smiles,residue_based,position 27 ('LYS-C18'): unknown residue code 'LYS-C18': no match in p2smi database (checked Code='LYS-C18')
15670,b3_excluded_residue_no_smiles,residue_based,position 25 ('LYS-C18'): unknown residue code 'LYS-C18': no match in p2smi database (checked Code='LYS-C18')
15649,b1_excluded_non_monomer,out_of_scope,"non-monomer complexity (dimer/multi-peptide) -- not a single-chain SMILES peptide, out of scope for this dataset"
15672,b3_excluded_residue_no_smiles,residue_based,position 25 ('LYS-C18'): unknown residue code 'LYS-C18': no match in p2smi database (checked Code='LYS-C18')
15650,b1_excluded_non_monomer,out_of_scope,"non-monomer complexity (dimer/multi-peptide) -- not a single-chain SMILES peptide, out of scope for this dataset"
15673,b3_excluded_residue_no_smiles,residue_based,position 21 ('LYS-C18'): unknown residue code 'LYS-C18': no match in p2smi database (checked Code='LYS-C18')
15653,b1_excluded_non_monomer,out_of_scope,"non-monomer complexity (dimer/multi-peptide) -- not a single-chain SMILES peptide, out of scope for this dataset"
15671,b3_excluded_residue_no_smiles,residue_based,position 24 ('LYS-C18'): unknown residue code 'LYS-C18': no match in p2smi database (checked Code='LYS-C18')
15654,b1_excluded_non_monomer,out_of_scope,"non-monomer complexity (dimer/multi-peptide) -- not a single-chain SMILES peptide, out of scope for this dataset"
15652,b1_excluded_non_monomer,out_of_scope,"non-monomer complexity (dimer/multi-peptide) -- not a single-chain SMILES peptide, out of scope for this dataset"
15651,b1_excluded_non_monomer,out_of_scope,"non-monomer complexity (dimer/multi-peptide) -- not a single-chain SMILES peptide, out of scope for this dataset"
15684,b3_excluded_residue_no_smiles,residue_based,position 8 ('S-ALA-4-pen'): unknown residue code 'S-ALA-4-pen': no match in p2smi database (checked Code='S-ALA-4-PEN'); position 12 ('S-ALA-4-pen'): unknown residue code 'S-ALA-4-pen': no match in p2smi database (checked Code='S-ALA-4-PEN'); position 15 ('S-ALA-4-pen'): unknown residue code 'S-ALA-4-pen': no match in p2smi database (checked Code='S-ALA-4-PEN'); position 19 ('S-ALA-4-pen'): unknown residue code 'S-ALA-4-pen': no match in p2smi database (checked Code='S-ALA-4-PEN')
15682,b3_excluded_residue_no_smiles,residue_based,position 1 ('R-ALA-7-oct'): unknown residue code 'R-ALA-7-oct': no match in p2smi database (checked Code='R-ALA-7-OCT'); position 8 ('S-ALA-4-pen'): unknown residue code 'S-ALA-4-pen': no match in p2smi database (checked Code='S-ALA-4-PEN'); position 12 ('R-ALA-7-oct'): unknown residue code 'R-ALA-7-oct': no match in p2smi database (checked Code='R-ALA-7-OCT'); position 19 ('S-ALA-4-pen'): unknown residue code 'S-ALA-4-pen': no match in p2smi database (checked Code='S-ALA-4-PEN')
15679,b3_excluded_residue_no_smiles,residue_based,position 8 ('S-ALA-4-pen'): unknown residue code 'S-ALA-4-pen': no match in p2smi database (checked Code='S-ALA-4-PEN'); position 12 ('S-ALA-4-pen'): unknown residue code 'S-ALA-4-pen': no match in p2smi database (checked Code='S-ALA-4-PEN'); position 15 ('S-ALA-4-pen'): unknown residue code 'S-ALA-4-pen': no match in p2smi database (checked Code='S-ALA-4-PEN'); position 19 ('S-ALA-4-pen'): unknown residue code 'S-ALA-4-pen': no match in p2smi database (checked Code='S-ALA-4-PEN')
15683,b3_excluded_residue_no_smiles,residue_based,position 4 ('S-ALA-4-pen'): unknown residue code 'S-ALA-4-pen': no match in p2smi database (checked Code='S-ALA-4-PEN'); position 8 ('S-ALA-4-pen'): unknown residue code 'S-ALA-4-pen': no match in p2smi database (checked Code='S-ALA-4-PEN'); position 12 ('R-ALA-7-oct'): unknown residue code 'R-ALA-7-oct': no match in p2smi database (checked Code='R-ALA-7-OCT'); position 19 ('S-ALA-4-pen'): unknown residue code 'S-ALA-4-pen': no match in p2smi database (checked Code='S-ALA-4-PEN')
15685,b3_excluded_residue_no_smiles,residue_based,position 8 ('S-ALA-4-pen'): unknown residue code 'S-ALA-4-pen': no match in p2smi database (checked Code='S-ALA-4-PEN'); position 12 ('S-ALA-4-pen'): unknown residue code 'S-ALA-4-pen': no match in p2smi database (checked Code='S-ALA-4-PEN'); position 15 ('S-ALA-4-pen'): unknown residue code 'S-ALA-4-pen': no match in p2smi database (checked Code='S-ALA-4-PEN'); position 19 ('S-ALA-4-pen'): unknown residue code 'S-ALA-4-pen': no match in p2smi database (checked Code='S-ALA-4-PEN')
15680,b3_excluded_residue_no_smiles,residue_based,position 4 ('S-ALA-4-pen'): unknown residue code 'S-ALA-4-pen': no match in p2smi database (checked Code='S-ALA-4-PEN'); position 8 ('S-ALA-4-pen'): unknown residue code 'S-ALA-4-pen': no match in p2smi database (checked Code='S-ALA-4-PEN'); position 11 ('S-ALA-4-pen'): unknown residue code 'S-ALA-4-pen': no match in p2smi database (checked Code='S-ALA-4-PEN'); position 15 ('S-ALA-4-pen'): unknown residue code 'S-ALA-4-pen': no match in p2smi database (checked Code='S-ALA-4-PEN')
15687,b3_excluded_residue_no_smiles,residue_based,position 4 ('S-ALA-4-pen'): unknown residue code 'S-ALA-4-pen': no match in p2smi database (checked Code='S-ALA-4-PEN'); position 8 ('S-ALA-4-pen'): unknown residue code 'S-ALA-4-pen': no match in p2smi database (checked Code='S-ALA-4-PEN'); position 11 ('S-ALA-4-pen'): unknown residue code 'S-ALA-4-pen': no match in p2smi database (checked Code='S-ALA-4-PEN'); position 15 ('S-ALA-4-pen'): unknown residue code 'S-ALA-4-pen': no match in p2smi database (checked Code='S-ALA-4-PEN')
15681,b3_excluded_residue_no_smiles,residue_based,position 2 ('R-ALA-4-pen'): unknown residue code 'R-ALA-4-pen': no match in p2smi database (checked Code='R-ALA-4-PEN'); position 5 ('S-ALA-4-pen'): unknown residue code 'S-ALA-4-pen': no match in p2smi database (checked Code='S-ALA-4-PEN'); position 8 ('S-ALA-4-pen'): unknown residue code 'S-ALA-4-pen': no match in p2smi database (checked Code='S-ALA-4-PEN'); position 12 ('S-ALA-4-pen'): unknown residue code 'S-ALA-4-pen': no match in p2smi database (checked Code='S-ALA-4-PEN')
15690,b3_excluded_residue_no_smiles,residue_based,position 4 ('S-ALA-4-pen'): unknown residue code 'S-ALA-4-pen': no match in p2smi database (checked Code='S-ALA-4-PEN'); position 8 ('S-ALA-4-pen'): unknown residue code 'S-ALA-4-pen': no match in p2smi database (checked Code='S-ALA-4-PEN'); position 11 ('S-ALA-4-pen'): unknown residue code 'S-ALA-4-pen': no match in p2smi database (checked Code='S-ALA-4-PEN'); position 15 ('S-ALA-4-pen'): unknown residue code 'S-ALA-4-pen': no match in p2smi database (checked Code='S-ALA-4-PEN')
15691,b3_excluded_residue_no_smiles,residue_based,position 4 ('S-ALA-4-pen'): unknown residue code 'S-ALA-4-pen': no match in p2smi database (checked Code='S-ALA-4-PEN'); position 8 ('S-ALA-4-pen'): unknown residue code 'S-ALA-4-pen': no match in p2smi database (checked Code='S-ALA-4-PEN'); position 11 ('S-ALA-4-pen'): unknown residue code 'S-ALA-4-pen': no match in p2smi database (checked Code='S-ALA-4-PEN'); position 15 ('S-ALA-4-pen'): unknown residue code 'S-ALA-4-pen': no match in p2smi database (checked Code='S-ALA-4-PEN')
15686,b3_excluded_residue_no_smiles,residue_based,position 4 ('S-ALA-4-pen'): unknown residue code 'S-ALA-4-pen': no match in p2smi database (checked Code='S-ALA-4-PEN'); position 8 ('S-ALA-4-pen'): unknown residue code 'S-ALA-4-pen': no match in p2smi database (checked Code='S-ALA-4-PEN'); position 11 ('S-ALA-4-pen'): unknown residue code 'S-ALA-4-pen': no match in p2smi database (checked Code='S-ALA-4-PEN'); position 15 ('S-ALA-4-pen'): unknown residue code 'S-ALA-4-pen': no match in p2smi database (checked Code='S-ALA-4-PEN')
15688,b3_excluded_residue_no_smiles,residue_based,position 4 ('S-ALA-4-pen'): unknown residue code 'S-ALA-4-pen': no match in p2smi database (checked Code='S-ALA-4-PEN'); position 8 ('S-ALA-4-pen'): unknown residue code 'S-ALA-4-pen': no match in p2smi database (checked Code='S-ALA-4-PEN'); position 11 ('S-ALA-4-pen'): unknown residue code 'S-ALA-4-pen': no match in p2smi database (checked Code='S-ALA-4-PEN'); position 15 ('S-ALA-4-pen'): unknown residue code 'S-ALA-4-pen': no match in p2smi database (checked Code='S-ALA-4-PEN')
15692,b3_excluded_residue_no_smiles,residue_based,position 4 ('S-ALA-4-pen'): unknown residue code 'S-ALA-4-pen': no match in p2smi database (checked Code='S-ALA-4-PEN'); position 8 ('S-ALA-4-pen'): unknown residue code 'S-ALA-4-pen': no match in p2smi database (checked Code='S-ALA-4-PEN'); position 11 ('S-ALA-4-pen'): unknown residue code 'S-ALA-4-pen': no match in p2smi database (checked Code='S-ALA-4-PEN'); position 15 ('S-ALA-4-pen'): unknown residue code 'S-ALA-4-pen': no match in p2smi database (checked Code='S-ALA-4-PEN')
15695,b3_excluded_residue_no_smiles,residue_based,position 4 ('S-ALA-4-pen'): unknown residue code 'S-ALA-4-pen': no match in p2smi database (checked Code='S-ALA-4-PEN'); position 8 ('S-ALA-4-pen'): unknown residue code 'S-ALA-4-pen': no match in p2smi database (checked Code='S-ALA-4-PEN'); position 11 ('S-ALA-4-pen'): unknown residue code 'S-ALA-4-pen': no match in p2smi database (checked Code='S-ALA-4-PEN'); position 15 ('S-ALA-4-pen'): unknown residue code 'S-ALA-4-pen': no match in p2smi database (checked Code='S-ALA-4-PEN')
15689,b3_excluded_residue_no_smiles,residue_based,position 4 ('S-ALA-4-pen'): unknown residue code 'S-ALA-4-pen': no match in p2smi database (checked Code='S-ALA-4-PEN'); position 8 ('S-ALA-4-pen'): unknown residue code 'S-ALA-4-pen': no match in p2smi database (checked Code='S-ALA-4-PEN'); position 11 ('S-ALA-4-pen'): unknown residue code 'S-ALA-4-pen': no match in p2smi database (checked Code='S-ALA-4-PEN'); position 15 ('S-ALA-4-pen'): unknown residue code 'S-ALA-4-pen': no match in p2smi database (checked Code='S-ALA-4-PEN')
15697,b3_excluded_residue_no_smiles,residue_based,position 4 ('S-ALA-4-pen'): unknown residue code 'S-ALA-4-pen': no match in p2smi database (checked Code='S-ALA-4-PEN'); position 8 ('S-ALA-4-pen'): unknown residue code 'S-ALA-4-pen': no match in p2smi database (checked Code='S-ALA-4-PEN'); position 11 ('S-ALA-4-pen'): unknown residue code 'S-ALA-4-pen': no match in p2smi database (checked Code='S-ALA-4-PEN'); position 15 ('S-ALA-4-pen'): unknown residue code 'S-ALA-4-pen': no match in p2smi database (checked Code='S-ALA-4-PEN')
15658,b1_excluded_non_monomer,out_of_scope,"non-monomer complexity (dimer/multi-peptide) -- not a single-chain SMILES peptide, out of scope for this dataset"
15694,b3_excluded_residue_no_smiles,residue_based,position 4 ('S-ALA-4-pen'): unknown residue code 'S-ALA-4-pen': no match in p2smi database (checked Code='S-ALA-4-PEN'); position 8 ('S-ALA-4-pen'): unknown residue code 'S-ALA-4-pen': no match in p2smi database (checked Code='S-ALA-4-PEN'); position 11 ('S-ALA-4-pen'): unknown residue code 'S-ALA-4-pen': no match in p2smi database (checked Code='S-ALA-4-PEN'); position 15 ('S-ALA-4-pen'): unknown residue code 'S-ALA-4-pen': no match in p2smi database (checked Code='S-ALA-4-PEN')
15698,b3_excluded_residue_no_smiles,residue_based,position 4 ('S-ALA-4-pen'): unknown residue code 'S-ALA-4-pen': no match in p2smi database (checked Code='S-ALA-4-PEN'); position 8 ('S-ALA-4-pen'): unknown residue code 'S-ALA-4-pen': no match in p2smi database (checked Code='S-ALA-4-PEN'); position 11 ('S-ALA-4-pen'): unknown residue code 'S-ALA-4-pen': no match in p2smi database (checked Code='S-ALA-4-PEN'); position 15 ('S-ALA-4-pen'): unknown residue code 'S-ALA-4-pen': no match in p2smi database (checked Code='S-ALA-4-PEN')
15693,b3_excluded_residue_no_smiles,residue_based,position 4 ('S-ALA-4-pen'): unknown residue code 'S-ALA-4-pen': no match in p2smi database (checked Code='S-ALA-4-PEN'); position 8 ('S-ALA-4-pen'): unknown residue code 'S-ALA-4-pen': no match in p2smi database (checked Code='S-ALA-4-PEN'); position 11 ('S-ALA-4-pen'): unknown residue code 'S-ALA-4-pen': no match in p2smi database (checked Code='S-ALA-4-PEN'); position 15 ('S-ALA-4-pen'): unknown residue code 'S-ALA-4-pen': no match in p2smi database (checked Code='S-ALA-4-PEN')
15676,b1_excluded_non_monomer,out_of_scope,"non-monomer complexity (dimer/multi-peptide) -- not a single-chain SMILES peptide, out of scope for this dataset"
15701,b3_excluded_residue_no_smiles,residue_based,position 2 ('R-ALA-4-pen'): unknown residue code 'R-ALA-4-pen': no match in p2smi database (checked Code='R-ALA-4-PEN'); position 5 ('S-ALA-4-pen'): unknown residue code 'S-ALA-4-pen': no match in p2smi database (checked Code='S-ALA-4-PEN'); position 8 ('S-ALA-4-pen'): unknown residue code 'S-ALA-4-pen': no match in p2smi database (checked Code='S-ALA-4-PEN'); position 12 ('S-ALA-4-pen'): unknown residue code 'S-ALA-4-pen': no match in p2smi database (checked Code='S-ALA-4-PEN')
15699,b3_excluded_residue_no_smiles,residue_based,position 4 ('S-ALA-4-pen'): unknown residue code 'S-ALA-4-pen': no match in p2smi database (checked Code='S-ALA-4-PEN'); position 8 ('S-ALA-4-pen'): unknown residue code 'S-ALA-4-pen': no match in p2smi database (checked Code='S-ALA-4-PEN'); position 11 ('S-ALA-4-pen'): unknown residue code 'S-ALA-4-pen': no match in p2smi database (checked Code='S-ALA-4-PEN'); position 15 ('S-ALA-4-pen'): unknown residue code 'S-ALA-4-pen': no match in p2smi database (checked Code='S-ALA-4-PEN')
15696,b3_excluded_residue_no_smiles,residue_based,position 4 ('S-ALA-4-pen'): unknown residue code 'S-ALA-4-pen': no match in p2smi database (checked Code='S-ALA-4-PEN'); position 8 ('S-ALA-4-pen'): unknown residue code 'S-ALA-4-pen': no match in p2smi database (checked Code='S-ALA-4-PEN'); position 11 ('S-ALA-4-pen'): unknown residue code 'S-ALA-4-pen': no match in p2smi database (checked Code='S-ALA-4-PEN'); position 15 ('S-ALA-4-pen'): unknown residue code 'S-ALA-4-pen': no match in p2smi database (checked Code='S-ALA-4-PEN')
15655,b1_excluded_non_monomer,out_of_scope,"non-monomer complexity (dimer/multi-peptide) -- not a single-chain SMILES peptide, out of scope for this dataset"
15656,b1_excluded_non_monomer,out_of_scope,"non-monomer complexity (dimer/multi-peptide) -- not a single-chain SMILES peptide, out of scope for this dataset"
15700,b3_excluded_residue_no_smiles,residue_based,position 4 ('S-ALA-4-pen'): unknown residue code 'S-ALA-4-pen': no match in p2smi database (checked Code='S-ALA-4-PEN'); position 8 ('S-ALA-4-pen'): unknown residue code 'S-ALA-4-pen': no match in p2smi database (checked Code='S-ALA-4-PEN'); position 11 ('S-ALA-4-pen'): unknown residue code 'S-ALA-4-pen': no match in p2smi database (checked Code='S-ALA-4-PEN'); position 15 ('S-ALA-4-pen'): unknown residue code 'S-ALA-4-pen': no match in p2smi database (checked Code='S-ALA-4-PEN')
15703,b3_excluded_residue_no_smiles,residue_based,position 3 ('R-ALA-7-oct'): unknown residue code 'R-ALA-7-oct': no match in p2smi database (checked Code='R-ALA-7-OCT'); position 10 ('S-ALA-4-pen'): unknown residue code 'S-ALA-4-pen': no match in p2smi database (checked Code='S-ALA-4-PEN'); position 20 ('R-ALA-7-oct'): unknown residue code 'R-ALA-7-oct': no match in p2smi database (checked Code='R-ALA-7-OCT'); position 27 ('S-ALA-4-pen'): unknown residue code 'S-ALA-4-pen': no match in p2smi database (checked Code='S-ALA-4-PEN')
15657,b1_excluded_non_monomer,out_of_scope,"non-monomer complexity (dimer/multi-peptide) -- not a single-chain SMILES peptide, out of scope for this dataset"
15677,b3_excluded_residue_no_smiles,residue_based,position 2 ('Sar'): unknown residue code 'Sar': no match in p2smi database (checked Code='SAR'); position 3 ('Me-Leu'): unknown residue code 'Me-Leu': no match in p2smi database (checked Code='ME-LEU'); position 5 ('Me-Leu'): unknown residue code 'Me-Leu': no match in p2smi database (checked Code='ME-LEU'); position 8 ('Me-Leu'): unknown residue code 'Me-Leu': no match in p2smi database (checked Code='ME-LEU'); position 9 ('Me-Leu'): unknown residue code 'Me-Leu': no match in p2smi database (checked Code='ME-LEU'); position 10 ('Me-Val'): unknown residue code 'Me-Val': no match in p2smi database (checked Code='ME-VAL'); position 11 ('N(Me)Bmt(E)'): unknown residue code 'N(Me)Bmt(E)': no match in p2smi database (checked Code='N(ME)BMT(E)')
15741,b3_excluded_residue_no_smiles,residue_based,position 23 ('LYS-PEG8'): unknown residue code 'LYS-PEG8': no match in p2smi database (checked Code='LYS-PEG8'); position 24 ('LYS-C16'): unknown residue code 'LYS-C16': no match in p2smi database (checked Code='LYS-C16')
15742,b3_excluded_residue_no_smiles,residue_based,position 23 ('LYS-PEG8'): unknown residue code 'LYS-PEG8': no match in p2smi database (checked Code='LYS-PEG8'); position 24 ('LYS-C16'): unknown residue code 'LYS-C16': no match in p2smi database (checked Code='LYS-C16')
15769,b3_excluded_residue_no_smiles,residue_based,position 1 ('Iaa'): unknown residue code 'Iaa': no match in p2smi database (checked Code='IAA')
15764,b3_excluded_residue_no_smiles,residue_based,position 1 ('Iaa'): unknown residue code 'Iaa': no match in p2smi database (checked Code='IAA')
15766,b3_excluded_residue_no_smiles,residue_based,position 1 ('Iac'): unknown residue code 'Iac': no match in p2smi database (checked Code='IAC')
15770,b3_excluded_residue_no_smiles,residue_based,position 1 ('Iaa'): unknown residue code 'Iaa': no match in p2smi database (checked Code='IAA')
15765,b3_excluded_residue_no_smiles,residue_based,position 1 ('Iac'): unknown residue code 'Iac': no match in p2smi database (checked Code='IAC')
15829,b3_excluded_residue_no_smiles,residue_based,position 1 ('LYS-C18'): unknown residue code 'LYS-C18': no match in p2smi database (checked Code='LYS-C18')
15831,b2_excluded_unsupported_terminus,terminus_based,unsupported N-terminal modification 'C18' (only free amine or ACT acetylation supported)
15828,b2_excluded_unsupported_terminus,terminus_based,unsupported N-terminal modification ' C10(6)' (only free amine or ACT acetylation supported)
15827,b2_excluded_unsupported_terminus,terminus_based,unsupported N-terminal modification 'C20' (only free amine or ACT acetylation supported)
15839,b2_excluded_unsupported_terminus,terminus_based,unsupported N-terminal modification 'C18' (only free amine or ACT acetylation supported)
15939,b3_excluded_residue_no_smiles,residue_based,position 10 ('S-ALA-4-pen'): unknown residue code 'S-ALA-4-pen': no match in p2smi database (checked Code='S-ALA-4-PEN'); position 14 ('S-ALA-4-pen'): unknown residue code 'S-ALA-4-pen': no match in p2smi database (checked Code='S-ALA-4-PEN')
15938,b3_excluded_residue_no_smiles,residue_based,position 10 ('S-ALA-4-pen'): unknown residue code 'S-ALA-4-pen': no match in p2smi database (checked Code='S-ALA-4-PEN'); position 14 ('S-ALA-4-pen'): unknown residue code 'S-ALA-4-pen': no match in p2smi database (checked Code='S-ALA-4-PEN')
15941,b3_excluded_residue_no_smiles,residue_based,position 10 ('S-ALA-4-pen'): unknown residue code 'S-ALA-4-pen': no match in p2smi database (checked Code='S-ALA-4-PEN'); position 14 ('S-ALA-4-pen'): unknown residue code 'S-ALA-4-pen': no match in p2smi database (checked Code='S-ALA-4-PEN')
15940,b3_excluded_residue_no_smiles,residue_based,position 10 ('S-ALA-4-pen'): unknown residue code 'S-ALA-4-pen': no match in p2smi database (checked Code='S-ALA-4-PEN'); position 14 ('S-ALA-4-pen'): unknown residue code 'S-ALA-4-pen': no match in p2smi database (checked Code='S-ALA-4-PEN')
15991,b3_excluded_residue_no_smiles,residue_based,position 4 ('S-ALA-4-pen'): unknown residue code 'S-ALA-4-pen': no match in p2smi database (checked Code='S-ALA-4-PEN'); position 8 ('S-ALA-4-pen'): unknown residue code 'S-ALA-4-pen': no match in p2smi database (checked Code='S-ALA-4-PEN')
15992,b3_excluded_residue_no_smiles,residue_based,position 28 ('S-ALA-4-pen'): unknown residue code 'S-ALA-4-pen': no match in p2smi database (checked Code='S-ALA-4-PEN'); position 32 ('S-ALA-4-pen'): unknown residue code 'S-ALA-4-pen': no match in p2smi database (checked Code='S-ALA-4-PEN')
15993,b3_excluded_residue_no_smiles,residue_based,position 4 ('S-ALA-4-pen'): unknown residue code 'S-ALA-4-pen': no match in p2smi database (checked Code='S-ALA-4-PEN'); position 8 ('S-ALA-4-pen'): unknown residue code 'S-ALA-4-pen': no match in p2smi database (checked Code='S-ALA-4-PEN'); position 28 ('S-ALA-4-pen'): unknown residue code 'S-ALA-4-pen': no match in p2smi database (checked Code='S-ALA-4-PEN'); position 32 ('S-ALA-4-pen'): unknown residue code 'S-ALA-4-pen': no match in p2smi database (checked Code='S-ALA-4-PEN')
15967,b1_excluded_non_monomer,out_of_scope,"non-monomer complexity (dimer/multi-peptide) -- not a single-chain SMILES peptide, out of scope for this dataset"
16044,b3_excluded_residue_no_smiles,residue_based,position 4 ('DIP'): unknown residue code 'DIP': no match in p2smi database (checked Code='DIP'); position 5 ('DIP'): unknown residue code 'DIP': no match in p2smi database (checked Code='DIP'); position 12 ('DIP'): unknown residue code 'DIP': no match in p2smi database (checked Code='DIP')
15937,b1_excluded_non_monomer,out_of_scope,"non-monomer complexity (dimer/multi-peptide) -- not a single-chain SMILES peptide, out of scope for this dataset"
16067,b3_excluded_residue_no_smiles,residue_based,position 7 ('Me-LYS'): unknown residue code 'Me-LYS': no match in p2smi database (checked Code='ME-LYS')
16065,b3_excluded_residue_no_smiles,residue_based,position 5 ('Me-ARG'): unknown residue code 'Me-ARG': no match in p2smi database (checked Code='ME-ARG')
16064,b3_excluded_residue_no_smiles,residue_based,position 4 ('Me-LYS'): unknown residue code 'Me-LYS': no match in p2smi database (checked Code='ME-LYS')
16073,b3_excluded_residue_no_smiles,residue_based,position 4 ('Me-LYS'): unknown residue code 'Me-LYS': no match in p2smi database (checked Code='ME-LYS'); position 7 ('Me-LYS'): unknown residue code 'Me-LYS': no match in p2smi database (checked Code='ME-LYS')
16074,b3_excluded_residue_no_smiles,residue_based,position 5 ('Me-ARG'): unknown residue code 'Me-ARG': no match in p2smi database (checked Code='ME-ARG'); position 7 ('Me-LYS'): unknown residue code 'Me-LYS': no match in p2smi database (checked Code='ME-LYS')
16077,b2_excluded_unsupported_terminus,terminus_based,unsupported N-terminal modification 'C8' (only free amine or ACT acetylation supported)
16080,b2_excluded_unsupported_terminus,terminus_based,unsupported N-terminal modification 'C10' (only free amine or ACT acetylation supported)
16075,b3_excluded_residue_no_smiles,residue_based,position 2 ('Me-LYS'): unknown residue code 'Me-LYS': no match in p2smi database (checked Code='ME-LYS'); position 3 ('Me-LYS'): unknown residue code 'Me-LYS': no match in p2smi database (checked Code='ME-LYS'); position 9 ('Me-LYS'): unknown residue code 'Me-LYS': no match in p2smi database (checked Code='ME-LYS'); position 10 ('Me-LYS'): unknown residue code 'Me-LYS': no match in p2smi database (checked Code='ME-LYS')
16081,b2_excluded_unsupported_terminus,terminus_based,unsupported N-terminal modification 'C10' (only free amine or ACT acetylation supported)
16078,b2_excluded_unsupported_terminus,terminus_based,unsupported N-terminal modification 'C8' (only free amine or ACT acetylation supported)
16085,b2_excluded_unsupported_terminus,terminus_based,unsupported N-terminal modification 'C12' (only free amine or ACT acetylation supported)
16084,b2_excluded_unsupported_terminus,terminus_based,unsupported N-terminal modification 'C12' (only free amine or ACT acetylation supported)
16089,b2_excluded_unsupported_terminus,terminus_based,unsupported N-terminal modification 'C14' (only free amine or ACT acetylation supported)
16087,b2_excluded_unsupported_terminus,terminus_based,unsupported N-terminal modification 'C14' (only free amine or ACT acetylation supported)
16171,b3_excluded_residue_no_smiles,residue_based,position 1 ('PYA'): unknown residue code 'PYA': no match in p2smi database (checked Code='PYA'); position 13 ('5-NH2-C5'): unknown residue code '5-NH2-C5': no match in p2smi database (checked Code='5-NH2-C5')
16177,b2_excluded_unsupported_terminus,terminus_based,unsupported N-terminal modification '6-Me-C8' (only free amine or ACT acetylation supported)
16237,b3_excluded_residue_no_smiles,residue_based,position 3 ('S-ALA-4-pen'): unknown residue code 'S-ALA-4-pen': no match in p2smi database (checked Code='S-ALA-4-PEN'); position 7 ('S-ALA-4-pen'): unknown residue code 'S-ALA-4-pen': no match in p2smi database (checked Code='S-ALA-4-PEN')
16239,b3_excluded_residue_no_smiles,residue_based,position 5 ('S-ALA-4-pen'): unknown residue code 'S-ALA-4-pen': no match in p2smi database (checked Code='S-ALA-4-PEN'); position 9 ('S-ALA-4-pen'): unknown residue code 'S-ALA-4-pen': no match in p2smi database (checked Code='S-ALA-4-PEN')
16238,b3_excluded_residue_no_smiles,residue_based,position 4 ('S-ALA-4-pen'): unknown residue code 'S-ALA-4-pen': no match in p2smi database (checked Code='S-ALA-4-PEN'); position 8 ('S-ALA-4-pen'): unknown residue code 'S-ALA-4-pen': no match in p2smi database (checked Code='S-ALA-4-PEN')
16236,b3_excluded_residue_no_smiles,residue_based,position 2 ('S-ALA-4-pen'): unknown residue code 'S-ALA-4-pen': no match in p2smi database (checked Code='S-ALA-4-PEN'); position 6 ('S-ALA-4-pen'): unknown residue code 'S-ALA-4-pen': no match in p2smi database (checked Code='S-ALA-4-PEN')
16241,b3_excluded_residue_no_smiles,residue_based,position 7 ('S-ALA-4-pen'): unknown residue code 'S-ALA-4-pen': no match in p2smi database (checked Code='S-ALA-4-PEN'); position 11 ('S-ALA-4-pen'): unknown residue code 'S-ALA-4-pen': no match in p2smi database (checked Code='S-ALA-4-PEN')
16235,b3_excluded_residue_no_smiles,residue_based,position 1 ('S-ALA-4-pen'): unknown residue code 'S-ALA-4-pen': no match in p2smi database (checked Code='S-ALA-4-PEN'); position 5 ('S-ALA-4-pen'): unknown residue code 'S-ALA-4-pen': no match in p2smi database (checked Code='S-ALA-4-PEN')
16240,b3_excluded_residue_no_smiles,residue_based,position 6 ('S-ALA-4-pen'): unknown residue code 'S-ALA-4-pen': no match in p2smi database (checked Code='S-ALA-4-PEN'); position 10 ('S-ALA-4-pen'): unknown residue code 'S-ALA-4-pen': no match in p2smi database (checked Code='S-ALA-4-PEN')
16243,b3_excluded_residue_no_smiles,residue_based,position 9 ('S-ALA-4-pen'): unknown residue code 'S-ALA-4-pen': no match in p2smi database (checked Code='S-ALA-4-PEN'); position 13 ('S-ALA-4-pen'): unknown residue code 'S-ALA-4-pen': no match in p2smi database (checked Code='S-ALA-4-PEN')
16173,b1_excluded_non_monomer,out_of_scope,"non-monomer complexity (dimer/multi-peptide) -- not a single-chain SMILES peptide, out of scope for this dataset"
16250,b3_excluded_residue_no_smiles,residue_based,position 4 ('O-Me-Tyr'): unknown residue code 'O-Me-Tyr': no match in p2smi database (checked Code='O-ME-TYR'); position 6 ('O-Me-Tyr'): unknown residue code 'O-Me-Tyr': no match in p2smi database (checked Code='O-ME-TYR'); position 8 ('O-Me-Tyr'): unknown residue code 'O-Me-Tyr': no match in p2smi database (checked Code='O-ME-TYR'); position 9 ('O-Me-Tyr'): unknown residue code 'O-Me-Tyr': no match in p2smi database (checked Code='O-ME-TYR'); position 11 ('O-Me-Tyr'): unknown residue code 'O-Me-Tyr': no match in p2smi database (checked Code='O-ME-TYR')
16242,b3_excluded_residue_no_smiles,residue_based,position 8 ('S-ALA-4-pen'): unknown residue code 'S-ALA-4-pen': no match in p2smi database (checked Code='S-ALA-4-PEN'); position 12 ('S-ALA-4-pen'): unknown residue code 'S-ALA-4-pen': no match in p2smi database (checked Code='S-ALA-4-PEN')
16256,b3_excluded_residue_no_smiles,residue_based,position 4 ('PHE(NH2-Bz)'): unknown residue code 'PHE(NH2-Bz)': no match in p2smi database (checked Code='PHE(NH2-BZ)'); position 6 ('PHE(NH2-Bz)'): unknown residue code 'PHE(NH2-Bz)': no match in p2smi database (checked Code='PHE(NH2-BZ)'); position 8 ('PHE(NH2-Bz)'): unknown residue code 'PHE(NH2-Bz)': no match in p2smi database (checked Code='PHE(NH2-BZ)'); position 9 ('PHE(NH2-Bz)'): unknown residue code 'PHE(NH2-Bz)': no match in p2smi database (checked Code='PHE(NH2-BZ)'); position 11 ('PHE(NH2-Bz)'): unknown residue code 'PHE(NH2-Bz)': no match in p2smi database (checked Code='PHE(NH2-BZ)')
16252,b3_excluded_residue_no_smiles,residue_based,position 10 ('S-ALA-4-pen'): unknown residue code 'S-ALA-4-pen': no match in p2smi database (checked Code='S-ALA-4-PEN'); position 14 ('S-ALA-4-pen'): unknown residue code 'S-ALA-4-pen': no match in p2smi database (checked Code='S-ALA-4-PEN')
16257,b3_excluded_residue_no_smiles,residue_based,position 4 ('HPhe'): unknown residue code 'HPhe': no match in p2smi database (checked Code='HPHE'); position 6 ('HPhe'): unknown residue code 'HPhe': no match in p2smi database (checked Code='HPHE'); position 8 ('HPhe'): unknown residue code 'HPhe': no match in p2smi database (checked Code='HPHE'); position 9 ('HPhe'): unknown residue code 'HPhe': no match in p2smi database (checked Code='HPHE'); position 11 ('HPhe'): unknown residue code 'HPhe': no match in p2smi database (checked Code='HPHE')
16261,b3_excluded_residue_no_smiles,residue_based,position 4 ('5F-PHE'): unknown residue code '5F-PHE': no match in p2smi database (checked Code='5F-PHE'); position 6 ('5F-PHE'): unknown residue code '5F-PHE': no match in p2smi database (checked Code='5F-PHE'); position 8 ('5F-PHE'): unknown residue code '5F-PHE': no match in p2smi database (checked Code='5F-PHE'); position 9 ('5F-PHE'): unknown residue code '5F-PHE': no match in p2smi database (checked Code='5F-PHE'); position 11 ('5F-PHE'): unknown residue code '5F-PHE': no match in p2smi database (checked Code='5F-PHE')
16263,b3_excluded_residue_no_smiles,residue_based,position 11 ('S-ALA-4-pen'): unknown residue code 'S-ALA-4-pen': no match in p2smi database (checked Code='S-ALA-4-PEN'); position 15 ('S-ALA-4-pen'): unknown residue code 'S-ALA-4-pen': no match in p2smi database (checked Code='S-ALA-4-PEN')
16264,b3_excluded_residue_no_smiles,residue_based,position 4 ('DIP'): unknown residue code 'DIP': no match in p2smi database (checked Code='DIP'); position 6 ('DIP'): unknown residue code 'DIP': no match in p2smi database (checked Code='DIP'); position 8 ('DIP'): unknown residue code 'DIP': no match in p2smi database (checked Code='DIP'); position 9 ('DIP'): unknown residue code 'DIP': no match in p2smi database (checked Code='DIP'); position 11 ('DIP'): unknown residue code 'DIP': no match in p2smi database (checked Code='DIP')
16265,b3_excluded_residue_no_smiles,residue_based,position 4 ('BTA'): unknown residue code 'BTA': no match in p2smi database (checked Code='BTA'); position 6 ('BTA'): unknown residue code 'BTA': no match in p2smi database (checked Code='BTA'); position 8 ('BTA'): unknown residue code 'BTA': no match in p2smi database (checked Code='BTA'); position 9 ('BTA'): unknown residue code 'BTA': no match in p2smi database (checked Code='BTA'); position 11 ('BTA'): unknown residue code 'BTA': no match in p2smi database (checked Code='BTA')
16278,b3_excluded_residue_no_smiles,residue_based,position 18 ('S-ALA-4-pen'): unknown residue code 'S-ALA-4-pen': no match in p2smi database (checked Code='S-ALA-4-PEN'); position 22 ('S-ALA-4-pen'): unknown residue code 'S-ALA-4-pen': no match in p2smi database (checked Code='S-ALA-4-PEN')
16272,b3_excluded_residue_no_smiles,residue_based,position 12 ('S-ALA-4-pen'): unknown residue code 'S-ALA-4-pen': no match in p2smi database (checked Code='S-ALA-4-PEN'); position 16 ('S-ALA-4-pen'): unknown residue code 'S-ALA-4-pen': no match in p2smi database (checked Code='S-ALA-4-PEN')
16280,b3_excluded_residue_no_smiles,residue_based,position 16 ('S-ALA-4-pen'): unknown residue code 'S-ALA-4-pen': no match in p2smi database (checked Code='S-ALA-4-PEN'); position 20 ('S-ALA-4-pen'): unknown residue code 'S-ALA-4-pen': no match in p2smi database (checked Code='S-ALA-4-PEN')
16275,b3_excluded_residue_no_smiles,residue_based,position 15 ('S-ALA-4-pen'): unknown residue code 'S-ALA-4-pen': no match in p2smi database (checked Code='S-ALA-4-PEN'); position 19 ('S-ALA-4-pen'): unknown residue code 'S-ALA-4-pen': no match in p2smi database (checked Code='S-ALA-4-PEN')
16279,b3_excluded_residue_no_smiles,residue_based,position 19 ('S-ALA-4-pen'): unknown residue code 'S-ALA-4-pen': no match in p2smi database (checked Code='S-ALA-4-PEN'); position 23 ('S-ALA-4-pen'): unknown residue code 'S-ALA-4-pen': no match in p2smi database (checked Code='S-ALA-4-PEN')
16281,b3_excluded_residue_no_smiles,residue_based,position 16 ('S-ALA-4-pen'): unknown residue code 'S-ALA-4-pen': no match in p2smi database (checked Code='S-ALA-4-PEN'); position 20 ('S-ALA-4-pen'): unknown residue code 'S-ALA-4-pen': no match in p2smi database (checked Code='S-ALA-4-PEN')
16273,b3_excluded_residue_no_smiles,residue_based,position 13 ('S-ALA-4-pen'): unknown residue code 'S-ALA-4-pen': no match in p2smi database (checked Code='S-ALA-4-PEN'); position 17 ('S-ALA-4-pen'): unknown residue code 'S-ALA-4-pen': no match in p2smi database (checked Code='S-ALA-4-PEN')
16276,b3_excluded_residue_no_smiles,residue_based,position 16 ('S-ALA-4-pen'): unknown residue code 'S-ALA-4-pen': no match in p2smi database (checked Code='S-ALA-4-PEN'); position 20 ('S-ALA-4-pen'): unknown residue code 'S-ALA-4-pen': no match in p2smi database (checked Code='S-ALA-4-PEN')
16274,b3_excluded_residue_no_smiles,residue_based,position 14 ('S-ALA-4-pen'): unknown residue code 'S-ALA-4-pen': no match in p2smi database (checked Code='S-ALA-4-PEN'); position 18 ('S-ALA-4-pen'): unknown residue code 'S-ALA-4-pen': no match in p2smi database (checked Code='S-ALA-4-PEN')
16277,b3_excluded_residue_no_smiles,residue_based,position 17 ('S-ALA-4-pen'): unknown residue code 'S-ALA-4-pen': no match in p2smi database (checked Code='S-ALA-4-PEN'); position 21 ('S-ALA-4-pen'): unknown residue code 'S-ALA-4-pen': no match in p2smi database (checked Code='S-ALA-4-PEN')
16282,b3_excluded_residue_no_smiles,residue_based,position 16 ('S-ALA-4-pen'): unknown residue code 'S-ALA-4-pen': no match in p2smi database (checked Code='S-ALA-4-PEN'); position 20 ('S-ALA-4-pen'): unknown residue code 'S-ALA-4-pen': no match in p2smi database (checked Code='S-ALA-4-PEN')
16286,b3_excluded_residue_no_smiles,residue_based,position 16 ('S-ALA-4-pen'): unknown residue code 'S-ALA-4-pen': no match in p2smi database (checked Code='S-ALA-4-PEN'); position 20 ('S-ALA-4-pen'): unknown residue code 'S-ALA-4-pen': no match in p2smi database (checked Code='S-ALA-4-PEN')
16283,b3_excluded_residue_no_smiles,residue_based,position 16 ('S-ALA-4-pen'): unknown residue code 'S-ALA-4-pen': no match in p2smi database (checked Code='S-ALA-4-PEN'); position 20 ('S-ALA-4-pen'): unknown residue code 'S-ALA-4-pen': no match in p2smi database (checked Code='S-ALA-4-PEN')
16285,b3_excluded_residue_no_smiles,residue_based,position 16 ('S-ALA-4-pen'): unknown residue code 'S-ALA-4-pen': no match in p2smi database (checked Code='S-ALA-4-PEN'); position 20 ('S-ALA-4-pen'): unknown residue code 'S-ALA-4-pen': no match in p2smi database (checked Code='S-ALA-4-PEN')
16284,b3_excluded_residue_no_smiles,residue_based,position 16 ('S-ALA-4-pen'): unknown residue code 'S-ALA-4-pen': no match in p2smi database (checked Code='S-ALA-4-PEN'); position 20 ('S-ALA-4-pen'): unknown residue code 'S-ALA-4-pen': no match in p2smi database (checked Code='S-ALA-4-PEN')
16287,b3_excluded_residue_no_smiles,residue_based,position 16 ('S-ALA-4-pen'): unknown residue code 'S-ALA-4-pen': no match in p2smi database (checked Code='S-ALA-4-PEN'); position 20 ('S-ALA-4-pen'): unknown residue code 'S-ALA-4-pen': no match in p2smi database (checked Code='S-ALA-4-PEN')
16288,b3_excluded_residue_no_smiles,residue_based,position 16 ('S-ALA-4-pen'): unknown residue code 'S-ALA-4-pen': no match in p2smi database (checked Code='S-ALA-4-PEN'); position 20 ('S-ALA-4-pen'): unknown residue code 'S-ALA-4-pen': no match in p2smi database (checked Code='S-ALA-4-PEN')
16294,b3_excluded_residue_no_smiles,residue_based,position 16 ('S-ALA-4-pen'): unknown residue code 'S-ALA-4-pen': no match in p2smi database (checked Code='S-ALA-4-PEN'); position 20 ('S-ALA-4-pen'): unknown residue code 'S-ALA-4-pen': no match in p2smi database (checked Code='S-ALA-4-PEN')
16289,b3_excluded_residue_no_smiles,residue_based,position 16 ('S-ALA-4-pen'): unknown residue code 'S-ALA-4-pen': no match in p2smi database (checked Code='S-ALA-4-PEN'); position 20 ('S-ALA-4-pen'): unknown residue code 'S-ALA-4-pen': no match in p2smi database (checked Code='S-ALA-4-PEN')
16290,b3_excluded_residue_no_smiles,residue_based,position 16 ('S-ALA-4-pen'): unknown residue code 'S-ALA-4-pen': no match in p2smi database (checked Code='S-ALA-4-PEN'); position 20 ('S-ALA-4-pen'): unknown residue code 'S-ALA-4-pen': no match in p2smi database (checked Code='S-ALA-4-PEN')
16293,b3_excluded_residue_no_smiles,residue_based,position 16 ('S-ALA-4-pen'): unknown residue code 'S-ALA-4-pen': no match in p2smi database (checked Code='S-ALA-4-PEN'); position 20 ('S-ALA-4-pen'): unknown residue code 'S-ALA-4-pen': no match in p2smi database (checked Code='S-ALA-4-PEN')
16298,b3_excluded_residue_no_smiles,residue_based,position 2 ('S-ALA-4-pen'): unknown residue code 'S-ALA-4-pen': no match in p2smi database (checked Code='S-ALA-4-PEN'); position 6 ('S-ALA-4-pen'): unknown residue code 'S-ALA-4-pen': no match in p2smi database (checked Code='S-ALA-4-PEN'); position 16 ('S-ALA-4-pen'): unknown residue code 'S-ALA-4-pen': no match in p2smi database (checked Code='S-ALA-4-PEN'); position 20 ('S-ALA-4-pen'): unknown residue code 'S-ALA-4-pen': no match in p2smi database (checked Code='S-ALA-4-PEN')
16291,b3_excluded_residue_no_smiles,residue_based,position 16 ('S-ALA-4-pen'): unknown residue code 'S-ALA-4-pen': no match in p2smi database (checked Code='S-ALA-4-PEN'); position 20 ('S-ALA-4-pen'): unknown residue code 'S-ALA-4-pen': no match in p2smi database (checked Code='S-ALA-4-PEN')
16296,b3_excluded_residue_no_smiles,residue_based,position 16 ('S-ALA-4-pen'): unknown residue code 'S-ALA-4-pen': no match in p2smi database (checked Code='S-ALA-4-PEN'); position 20 ('S-ALA-4-pen'): unknown residue code 'S-ALA-4-pen': no match in p2smi database (checked Code='S-ALA-4-PEN')
16297,b3_excluded_residue_no_smiles,residue_based,position 2 ('S-ALA-4-pen'): unknown residue code 'S-ALA-4-pen': no match in p2smi database (checked Code='S-ALA-4-PEN'); position 6 ('S-ALA-4-pen'): unknown residue code 'S-ALA-4-pen': no match in p2smi database (checked Code='S-ALA-4-PEN'); position 16 ('S-ALA-4-pen'): unknown residue code 'S-ALA-4-pen': no match in p2smi database (checked Code='S-ALA-4-PEN'); position 20 ('S-ALA-4-pen'): unknown residue code 'S-ALA-4-pen': no match in p2smi database (checked Code='S-ALA-4-PEN')
16295,b3_excluded_residue_no_smiles,residue_based,position 16 ('S-ALA-4-pen'): unknown residue code 'S-ALA-4-pen': no match in p2smi database (checked Code='S-ALA-4-PEN'); position 20 ('S-ALA-4-pen'): unknown residue code 'S-ALA-4-pen': no match in p2smi database (checked Code='S-ALA-4-PEN')
16300,b3_excluded_residue_no_smiles,residue_based,position 2 ('S-ALA-4-pen'): unknown residue code 'S-ALA-4-pen': no match in p2smi database (checked Code='S-ALA-4-PEN'); position 6 ('S-ALA-4-pen'): unknown residue code 'S-ALA-4-pen': no match in p2smi database (checked Code='S-ALA-4-PEN'); position 16 ('S-ALA-4-pen'): unknown residue code 'S-ALA-4-pen': no match in p2smi database (checked Code='S-ALA-4-PEN'); position 20 ('S-ALA-4-pen'): unknown residue code 'S-ALA-4-pen': no match in p2smi database (checked Code='S-ALA-4-PEN')
16304,b3_excluded_residue_no_smiles,residue_based,position 2 ('S-ALA-4-pen'): unknown residue code 'S-ALA-4-pen': no match in p2smi database (checked Code='S-ALA-4-PEN'); position 6 ('S-ALA-4-pen'): unknown residue code 'S-ALA-4-pen': no match in p2smi database (checked Code='S-ALA-4-PEN'); position 16 ('S-ALA-4-pen'): unknown residue code 'S-ALA-4-pen': no match in p2smi database (checked Code='S-ALA-4-PEN'); position 20 ('S-ALA-4-pen'): unknown residue code 'S-ALA-4-pen': no match in p2smi database (checked Code='S-ALA-4-PEN')
16292,b3_excluded_residue_no_smiles,residue_based,position 16 ('S-ALA-4-pen'): unknown residue code 'S-ALA-4-pen': no match in p2smi database (checked Code='S-ALA-4-PEN'); position 20 ('S-ALA-4-pen'): unknown residue code 'S-ALA-4-pen': no match in p2smi database (checked Code='S-ALA-4-PEN')
16301,b3_excluded_residue_no_smiles,residue_based,position 2 ('S-ALA-4-pen'): unknown residue code 'S-ALA-4-pen': no match in p2smi database (checked Code='S-ALA-4-PEN'); position 6 ('S-ALA-4-pen'): unknown residue code 'S-ALA-4-pen': no match in p2smi database (checked Code='S-ALA-4-PEN'); position 16 ('S-ALA-4-pen'): unknown residue code 'S-ALA-4-pen': no match in p2smi database (checked Code='S-ALA-4-PEN'); position 20 ('S-ALA-4-pen'): unknown residue code 'S-ALA-4-pen': no match in p2smi database (checked Code='S-ALA-4-PEN')
16303,b3_excluded_residue_no_smiles,residue_based,position 2 ('S-ALA-4-pen'): unknown residue code 'S-ALA-4-pen': no match in p2smi database (checked Code='S-ALA-4-PEN'); position 6 ('S-ALA-4-pen'): unknown residue code 'S-ALA-4-pen': no match in p2smi database (checked Code='S-ALA-4-PEN'); position 16 ('S-ALA-4-pen'): unknown residue code 'S-ALA-4-pen': no match in p2smi database (checked Code='S-ALA-4-PEN'); position 20 ('S-ALA-4-pen'): unknown residue code 'S-ALA-4-pen': no match in p2smi database (checked Code='S-ALA-4-PEN')
16299,b3_excluded_residue_no_smiles,residue_based,position 2 ('S-ALA-4-pen'): unknown residue code 'S-ALA-4-pen': no match in p2smi database (checked Code='S-ALA-4-PEN'); position 6 ('S-ALA-4-pen'): unknown residue code 'S-ALA-4-pen': no match in p2smi database (checked Code='S-ALA-4-PEN'); position 16 ('S-ALA-4-pen'): unknown residue code 'S-ALA-4-pen': no match in p2smi database (checked Code='S-ALA-4-PEN'); position 20 ('S-ALA-4-pen'): unknown residue code 'S-ALA-4-pen': no match in p2smi database (checked Code='S-ALA-4-PEN')
16302,b3_excluded_residue_no_smiles,residue_based,position 2 ('S-ALA-4-pen'): unknown residue code 'S-ALA-4-pen': no match in p2smi database (checked Code='S-ALA-4-PEN'); position 6 ('S-ALA-4-pen'): unknown residue code 'S-ALA-4-pen': no match in p2smi database (checked Code='S-ALA-4-PEN'); position 16 ('S-ALA-4-pen'): unknown residue code 'S-ALA-4-pen': no match in p2smi database (checked Code='S-ALA-4-PEN'); position 20 ('S-ALA-4-pen'): unknown residue code 'S-ALA-4-pen': no match in p2smi database (checked Code='S-ALA-4-PEN')
16305,b3_excluded_residue_no_smiles,residue_based,position 2 ('R-ALA-7-oct'): unknown residue code 'R-ALA-7-oct': no match in p2smi database (checked Code='R-ALA-7-OCT'); position 9 ('S-ALA-4-pen'): unknown residue code 'S-ALA-4-pen': no match in p2smi database (checked Code='S-ALA-4-PEN')
16306,b3_excluded_residue_no_smiles,residue_based,position 3 ('R-ALA-7-oct'): unknown residue code 'R-ALA-7-oct': no match in p2smi database (checked Code='R-ALA-7-OCT'); position 10 ('S-ALA-4-pen'): unknown residue code 'S-ALA-4-pen': no match in p2smi database (checked Code='S-ALA-4-PEN')
16309,b3_excluded_residue_no_smiles,residue_based,position 6 ('R-ALA-7-oct'): unknown residue code 'R-ALA-7-oct': no match in p2smi database (checked Code='R-ALA-7-OCT'); position 13 ('S-ALA-4-pen'): unknown residue code 'S-ALA-4-pen': no match in p2smi database (checked Code='S-ALA-4-PEN')
16308,b3_excluded_residue_no_smiles,residue_based,position 5 ('R-ALA-7-oct'): unknown residue code 'R-ALA-7-oct': no match in p2smi database (checked Code='R-ALA-7-OCT'); position 12 ('S-ALA-4-pen'): unknown residue code 'S-ALA-4-pen': no match in p2smi database (checked Code='S-ALA-4-PEN')
16313,b3_excluded_residue_no_smiles,residue_based,position 10 ('R-ALA-7-oct'): unknown residue code 'R-ALA-7-oct': no match in p2smi database (checked Code='R-ALA-7-OCT'); position 17 ('S-ALA-4-pen'): unknown residue code 'S-ALA-4-pen': no match in p2smi database (checked Code='S-ALA-4-PEN')
16310,b3_excluded_residue_no_smiles,residue_based,position 7 ('R-ALA-7-oct'): unknown residue code 'R-ALA-7-oct': no match in p2smi database (checked Code='R-ALA-7-OCT'); position 14 ('S-ALA-4-pen'): unknown residue code 'S-ALA-4-pen': no match in p2smi database (checked Code='S-ALA-4-PEN')
16314,b3_excluded_residue_no_smiles,residue_based,position 11 ('R-ALA-7-oct'): unknown residue code 'R-ALA-7-oct': no match in p2smi database (checked Code='R-ALA-7-OCT'); position 18 ('S-ALA-4-pen'): unknown residue code 'S-ALA-4-pen': no match in p2smi database (checked Code='S-ALA-4-PEN')
16307,b3_excluded_residue_no_smiles,residue_based,position 4 ('R-ALA-7-oct'): unknown residue code 'R-ALA-7-oct': no match in p2smi database (checked Code='R-ALA-7-OCT'); position 11 ('S-ALA-4-pen'): unknown residue code 'S-ALA-4-pen': no match in p2smi database (checked Code='S-ALA-4-PEN')
16315,b3_excluded_residue_no_smiles,residue_based,position 12 ('R-ALA-7-oct'): unknown residue code 'R-ALA-7-oct': no match in p2smi database (checked Code='R-ALA-7-OCT'); position 19 ('S-ALA-4-pen'): unknown residue code 'S-ALA-4-pen': no match in p2smi database (checked Code='S-ALA-4-PEN')
16311,b3_excluded_residue_no_smiles,residue_based,position 8 ('R-ALA-7-oct'): unknown residue code 'R-ALA-7-oct': no match in p2smi database (checked Code='R-ALA-7-OCT'); position 15 ('S-ALA-4-pen'): unknown residue code 'S-ALA-4-pen': no match in p2smi database (checked Code='S-ALA-4-PEN')
16312,b3_excluded_residue_no_smiles,residue_based,position 9 ('R-ALA-7-oct'): unknown residue code 'R-ALA-7-oct': no match in p2smi database (checked Code='R-ALA-7-OCT'); position 16 ('S-ALA-4-pen'): unknown residue code 'S-ALA-4-pen': no match in p2smi database (checked Code='S-ALA-4-PEN')
16318,b3_excluded_residue_no_smiles,residue_based,position 15 ('R-ALA-7-oct'): unknown residue code 'R-ALA-7-oct': no match in p2smi database (checked Code='R-ALA-7-OCT'); position 22 ('S-ALA-4-pen'): unknown residue code 'S-ALA-4-pen': no match in p2smi database (checked Code='S-ALA-4-PEN')
16317,b3_excluded_residue_no_smiles,residue_based,position 14 ('R-ALA-7-oct'): unknown residue code 'R-ALA-7-oct': no match in p2smi database (checked Code='R-ALA-7-OCT'); position 21 ('S-ALA-4-pen'): unknown residue code 'S-ALA-4-pen': no match in p2smi database (checked Code='S-ALA-4-PEN')
16320,b3_excluded_residue_no_smiles,residue_based,position 2 ('S-ALA-4-pen'): unknown residue code 'S-ALA-4-pen': no match in p2smi database (checked Code='S-ALA-4-PEN'); position 6 ('S-ALA-4-pen'): unknown residue code 'S-ALA-4-pen': no match in p2smi database (checked Code='S-ALA-4-PEN'); position 24 ('S-ALA-4-pen'): unknown residue code 'S-ALA-4-pen': no match in p2smi database (checked Code='S-ALA-4-PEN'); position 28 ('S-ALA-4-pen'): unknown residue code 'S-ALA-4-pen': no match in p2smi database (checked Code='S-ALA-4-PEN')
16321,b3_excluded_residue_no_smiles,residue_based,position 2 ('S-ALA-4-pen'): unknown residue code 'S-ALA-4-pen': no match in p2smi database (checked Code='S-ALA-4-PEN'); position 6 ('S-ALA-4-pen'): unknown residue code 'S-ALA-4-pen': no match in p2smi database (checked Code='S-ALA-4-PEN'); position 15 ('S-ALA-4-pen'): unknown residue code 'S-ALA-4-pen': no match in p2smi database (checked Code='S-ALA-4-PEN'); position 19 ('S-ALA-4-pen'): unknown residue code 'S-ALA-4-pen': no match in p2smi database (checked Code='S-ALA-4-PEN')
16316,b3_excluded_residue_no_smiles,residue_based,position 13 ('R-ALA-7-oct'): unknown residue code 'R-ALA-7-oct': no match in p2smi database (checked Code='R-ALA-7-OCT'); position 20 ('S-ALA-4-pen'): unknown residue code 'S-ALA-4-pen': no match in p2smi database (checked Code='S-ALA-4-PEN')
16319,b3_excluded_residue_no_smiles,residue_based,position 2 ('S-ALA-4-pen'): unknown residue code 'S-ALA-4-pen': no match in p2smi database (checked Code='S-ALA-4-PEN'); position 6 ('S-ALA-4-pen'): unknown residue code 'S-ALA-4-pen': no match in p2smi database (checked Code='S-ALA-4-PEN'); position 16 ('S-ALA-4-pen'): unknown residue code 'S-ALA-4-pen': no match in p2smi database (checked Code='S-ALA-4-PEN'); position 20 ('S-ALA-4-pen'): unknown residue code 'S-ALA-4-pen': no match in p2smi database (checked Code='S-ALA-4-PEN')
16360,b2_excluded_unsupported_terminus,terminus_based,unsupported N-terminal modification 'VitE' (only free amine or ACT acetylation supported)
16363,b2_excluded_unsupported_terminus,terminus_based,unsupported N-terminal modification 'VitE' (only free amine or ACT acetylation supported)
16343,b1_excluded_non_monomer,out_of_scope,"non-monomer complexity (dimer/multi-peptide) -- not a single-chain SMILES peptide, out of scope for this dataset"
16362,b2_excluded_unsupported_terminus,terminus_based,unsupported N-terminal modification 'VitE' (only free amine or ACT acetylation supported)
16361,b2_excluded_unsupported_terminus,terminus_based,unsupported N-terminal modification 'VitE' (only free amine or ACT acetylation supported)
16345,b1_excluded_non_monomer,out_of_scope,"non-monomer complexity (dimer/multi-peptide) -- not a single-chain SMILES peptide, out of scope for this dataset"
16342,b1_excluded_non_monomer,out_of_scope,"non-monomer complexity (dimer/multi-peptide) -- not a single-chain SMILES peptide, out of scope for this dataset"
16364,b2_excluded_unsupported_terminus,terminus_based,unsupported N-terminal modification 'Chol' (only free amine or ACT acetylation supported)
16353,b1_excluded_non_monomer,out_of_scope,"non-monomer complexity (dimer/multi-peptide) -- not a single-chain SMILES peptide, out of scope for this dataset"
16367,b2_excluded_unsupported_terminus,terminus_based,unsupported N-terminal modification 'OBU' (only free amine or ACT acetylation supported)
16348,b1_excluded_non_monomer,out_of_scope,"non-monomer complexity (dimer/multi-peptide) -- not a single-chain SMILES peptide, out of scope for this dataset"
16366,b3_excluded_residue_no_smiles,residue_based,position 3 ('DHB'): unknown residue code 'DHB': no match in p2smi database (checked Code='DHB'); position 5 ('DHB'): unknown residue code 'DHB': no match in p2smi database (checked Code='DHB'); position 7 ('DHA'): unknown residue code 'DHA': no match in p2smi database (checked Code='DHA')
16339,b1_excluded_non_monomer,out_of_scope,"non-monomer complexity (dimer/multi-peptide) -- not a single-chain SMILES peptide, out of scope for this dataset"
16344,b1_excluded_non_monomer,out_of_scope,"non-monomer complexity (dimer/multi-peptide) -- not a single-chain SMILES peptide, out of scope for this dataset"
16394,b3_excluded_residue_no_smiles,residue_based,position 1 ('CM-Cys'): unknown residue code 'CM-Cys': no match in p2smi database (checked Code='CM-CYS')
16368,b1_excluded_non_monomer,out_of_scope,"non-monomer complexity (dimer/multi-peptide) -- not a single-chain SMILES peptide, out of scope for this dataset"
16438,b3_excluded_residue_no_smiles,residue_based,"position 1 ('Acm-Cys'): unknown residue code 'Acm-Cys': no match in p2smi database (checked Code='ACM-CYS'); position 5 ('Acm-Cys'): unknown residue code 'Acm-Cys': no match in p2smi database (checked Code='ACM-CYS'); position 9 ('(S,S)-ACPC'): unknown residue code '(S,S)-ACPC': no match in p2smi database (checked Code='(S,S)-ACPC'); position 15 ('Acm-Cys'): unknown residue code 'Acm-Cys': no match in p2smi database (checked Code='ACM-CYS')"
16473,b2_excluded_unsupported_terminus,terminus_based,unsupported N-terminal modification 'PEG 5000' (only free amine or ACT acetylation supported)
16474,b2_excluded_unsupported_terminus,terminus_based,unsupported N-terminal modification 'PEG 5000' (only free amine or ACT acetylation supported)
16495,b1_excluded_non_monomer,out_of_scope,"non-monomer complexity (dimer/multi-peptide) -- not a single-chain SMILES peptide, out of scope for this dataset"
16540,b3_excluded_residue_no_smiles,residue_based,position 4 ('S-ALA-4-pen'): unknown residue code 'S-ALA-4-pen': no match in p2smi database (checked Code='S-ALA-4-PEN'); position 8 ('S-ALA-4-pen'): unknown residue code 'S-ALA-4-pen': no match in p2smi database (checked Code='S-ALA-4-PEN')
16542,b1_excluded_non_monomer,out_of_scope,"non-monomer complexity (dimer/multi-peptide) -- not a single-chain SMILES peptide, out of scope for this dataset"
16576,b2_excluded_unsupported_terminus,terminus_based,unsupported N-terminal modification 'OMe-CIN' (only free amine or ACT acetylation supported)
16575,b2_excluded_unsupported_terminus,terminus_based,unsupported N-terminal modification 'CIN' (only free amine or ACT acetylation supported)
16578,b2_excluded_unsupported_terminus,terminus_based,unsupported N-terminal modification 'N-CIN' (only free amine or ACT acetylation supported)
16572,b3_excluded_residue_no_smiles,residue_based,position 13 ('Ahx'): unknown residue code 'Ahx': no match in p2smi database (checked Code='AHX'); position 14 ('βALA'): unknown residue code 'βALA': no match in p2smi database (checked Code='ΒALA')
16577,b2_excluded_unsupported_terminus,terminus_based,"unsupported N-terminal modification '2,3-OMe-CIN' (only free amine or ACT acetylation supported)"
16571,b3_excluded_residue_no_smiles,residue_based,position 2 ('Ahx'): unknown residue code 'Ahx': no match in p2smi database (checked Code='AHX'); position 5 ('Ahx'): unknown residue code 'Ahx': no match in p2smi database (checked Code='AHX'); position 8 ('Ahx'): unknown residue code 'Ahx': no match in p2smi database (checked Code='AHX'); position 11 ('Ahx'): unknown residue code 'Ahx': no match in p2smi database (checked Code='AHX'); position 13 ('Ahx'): unknown residue code 'Ahx': no match in p2smi database (checked Code='AHX'); position 14 ('βALA'): unknown residue code 'βALA': no match in p2smi database (checked Code='ΒALA')
16579,b2_excluded_unsupported_terminus,terminus_based,unsupported N-terminal modification 'CIN' (only free amine or ACT acetylation supported)
16628,b3_excluded_residue_no_smiles,residue_based,position 2 ('βASP'): unknown residue code 'βASP': no match in p2smi database (checked Code='ΒASP')
16704,b3_excluded_residue_no_smiles,residue_based,position 1 ('AEEA'): unknown residue code 'AEEA': no match in p2smi database (checked Code='AEEA'); position 2 ('DAB-C8'): unknown residue code 'DAB-C8': no match in p2smi database (checked Code='DAB-C8'); position 9 ('BIP'): unknown residue code 'BIP': no match in p2smi database (checked Code='BIP')
16696,b3_excluded_residue_no_smiles,residue_based,position 1 ('AEEA'): unknown residue code 'AEEA': no match in p2smi database (checked Code='AEEA'); position 9 ('DAB-C4'): unknown residue code 'DAB-C4': no match in p2smi database (checked Code='DAB-C4')
16697,b3_excluded_residue_no_smiles,residue_based,position 1 ('AEEA'): unknown residue code 'AEEA': no match in p2smi database (checked Code='AEEA'); position 9 ('DAB-C6'): unknown residue code 'DAB-C6': no match in p2smi database (checked Code='DAB-C6')
16702,b3_excluded_residue_no_smiles,residue_based,position 1 ('AEEA'): unknown residue code 'AEEA': no match in p2smi database (checked Code='AEEA'); position 2 ('DAB-C4'): unknown residue code 'DAB-C4': no match in p2smi database (checked Code='DAB-C4'); position 9 ('BIP'): unknown residue code 'BIP': no match in p2smi database (checked Code='BIP')
16698,b3_excluded_residue_no_smiles,residue_based,position 1 ('AEEA'): unknown residue code 'AEEA': no match in p2smi database (checked Code='AEEA'); position 9 ('DAB-C8'): unknown residue code 'DAB-C8': no match in p2smi database (checked Code='DAB-C8')
16703,b3_excluded_residue_no_smiles,residue_based,position 1 ('AEEA'): unknown residue code 'AEEA': no match in p2smi database (checked Code='AEEA'); position 2 ('DAB-C6'): unknown residue code 'DAB-C6': no match in p2smi database (checked Code='DAB-C6'); position 9 ('BIP'): unknown residue code 'BIP': no match in p2smi database (checked Code='BIP')
16816,b2_excluded_unsupported_terminus,terminus_based,unsupported N-terminal modification 'C12' (only free amine or ACT acetylation supported)
16833,b2_excluded_unsupported_terminus,terminus_based,unsupported N-terminal modification 'C8' (only free amine or ACT acetylation supported)
16831,b2_excluded_unsupported_terminus,terminus_based,unsupported N-terminal modification 'C8' (only free amine or ACT acetylation supported)
16832,b2_excluded_unsupported_terminus,terminus_based,unsupported N-terminal modification 'C8' (only free amine or ACT acetylation supported)
16828,b2_excluded_unsupported_terminus,terminus_based,unsupported N-terminal modification 'C8' (only free amine or ACT acetylation supported)
16834,b2_excluded_unsupported_terminus,terminus_based,unsupported N-terminal modification '4-BCA' (only free amine or ACT acetylation supported)
16830,b2_excluded_unsupported_terminus,terminus_based,unsupported N-terminal modification '4-BCA' (only free amine or ACT acetylation supported)
16837,b2_excluded_unsupported_terminus,terminus_based,unsupported N-terminal modification 'Pac' (only free amine or ACT acetylation supported)
16836,b2_excluded_unsupported_terminus,terminus_based,unsupported N-terminal modification 'C8' (only free amine or ACT acetylation supported)
16829,b2_excluded_unsupported_terminus,terminus_based,unsupported N-terminal modification '4-BCA' (only free amine or ACT acetylation supported)
16835,b2_excluded_unsupported_terminus,terminus_based,unsupported N-terminal modification 'C8' (only free amine or ACT acetylation supported)
16840,b2_excluded_unsupported_terminus,terminus_based,unsupported N-terminal modification 'C8' (only free amine or ACT acetylation supported)
16839,b2_excluded_unsupported_terminus,terminus_based,unsupported N-terminal modification '4-BCA' (only free amine or ACT acetylation supported)
16838,b2_excluded_unsupported_terminus,terminus_based,unsupported N-terminal modification 'C8' (only free amine or ACT acetylation supported)
16841,b2_excluded_unsupported_terminus,terminus_based,unsupported N-terminal modification 'C8' (only free amine or ACT acetylation supported)
16842,b2_excluded_unsupported_terminus,terminus_based,unsupported N-terminal modification 'C8' (only free amine or ACT acetylation supported)
16843,b2_excluded_unsupported_terminus,terminus_based,unsupported N-terminal modification '6-Me-C8' (only free amine or ACT acetylation supported)
16848,b1_excluded_non_monomer,out_of_scope,"non-monomer complexity (dimer/multi-peptide) -- not a single-chain SMILES peptide, out of scope for this dataset"
16950,b2_excluded_unsupported_terminus,terminus_based,unsupported N-terminal modification 'PEG 5000' (only free amine or ACT acetylation supported)
16972,b2_excluded_unsupported_terminus,terminus_based,unsupported C-terminal modification 'Chol' (only free acid or AMD amidation supported)
16971,b2_excluded_unsupported_terminus,terminus_based,unsupported C-terminal modification 'Chol' (only free acid or AMD amidation supported)
16967,b2_excluded_unsupported_terminus,terminus_based,unsupported C-terminal modification 'Chol' (only free acid or AMD amidation supported)
16966,b2_excluded_unsupported_terminus,terminus_based,unsupported C-terminal modification 'Chol' (only free acid or AMD amidation supported)
16969,b2_excluded_unsupported_terminus,terminus_based,unsupported C-terminal modification 'Chol' (only free acid or AMD amidation supported)
16970,b2_excluded_unsupported_terminus,terminus_based,unsupported C-terminal modification 'Chol' (only free acid or AMD amidation supported)
16968,b2_excluded_unsupported_terminus,terminus_based,unsupported C-terminal modification 'Chol' (only free acid or AMD amidation supported)
16973,b2_excluded_unsupported_terminus,terminus_based,unsupported C-terminal modification 'Chol' (only free acid or AMD amidation supported)
16978,b3_excluded_residue_no_smiles,residue_based,position 42 ('CYS-PEG4-Chol'): unknown residue code 'CYS-PEG4-Chol': no match in p2smi database (checked Code='CYS-PEG4-CHOL')
16979,b1_excluded_non_monomer,out_of_scope,"non-monomer complexity (dimer/multi-peptide) -- not a single-chain SMILES peptide, out of scope for this dataset"
17047,b3_excluded_residue_no_smiles,residue_based,position 42 ('CYS-PEG4-Chol'): unknown residue code 'CYS-PEG4-Chol': no match in p2smi database (checked Code='CYS-PEG4-CHOL')
17048,b3_excluded_residue_no_smiles,residue_based,position 42 ('CYS-PEG4-Chol'): unknown residue code 'CYS-PEG4-Chol': no match in p2smi database (checked Code='CYS-PEG4-CHOL')
17089,b3_excluded_residue_no_smiles,residue_based,position 3 ('PYA'): unknown residue code 'PYA': no match in p2smi database (checked Code='PYA'); position 4 ('Sar'): unknown residue code 'Sar': no match in p2smi database (checked Code='SAR'); position 5 ('Me-Val'): unknown residue code 'Me-Val': no match in p2smi database (checked Code='ME-VAL')
17090,b3_excluded_residue_no_smiles,residue_based,position 3 ('4-HYP'): unknown residue code '4-HYP': no match in p2smi database (checked Code='4-HYP'); position 4 ('Sar'): unknown residue code 'Sar': no match in p2smi database (checked Code='SAR'); position 5 ('Me-Val'): unknown residue code 'Me-Val': no match in p2smi database (checked Code='ME-VAL')
17087,b3_excluded_residue_no_smiles,residue_based,position 4 ('Sar'): unknown residue code 'Sar': no match in p2smi database (checked Code='SAR'); position 5 ('Me-Val'): unknown residue code 'Me-Val': no match in p2smi database (checked Code='ME-VAL')
17098,b2_excluded_unsupported_terminus,terminus_based,unsupported C-terminal modification 'C12H25-NH2' (only free acid or AMD amidation supported)
17093,b2_excluded_unsupported_terminus,terminus_based,unsupported C-terminal modification 'C4H9-NH2' (only free acid or AMD amidation supported)
17101,b2_excluded_unsupported_terminus,terminus_based,unsupported C-terminal modification 'C12H25-NH2' (only free acid or AMD amidation supported)
17094,b2_excluded_unsupported_terminus,terminus_based,unsupported C-terminal modification 'C6H13-NH2' (only free acid or AMD amidation supported)
17102,b2_excluded_unsupported_terminus,terminus_based,unsupported C-terminal modification 'C12H25-NH2' (only free acid or AMD amidation supported)
17096,b2_excluded_unsupported_terminus,terminus_based,unsupported C-terminal modification 'C10H21-NH2' (only free acid or AMD amidation supported)
17095,b2_excluded_unsupported_terminus,terminus_based,unsupported C-terminal modification 'C8H17-NH2' (only free acid or AMD amidation supported)
17103,b2_excluded_unsupported_terminus,terminus_based,unsupported C-terminal modification 'C12H25-NH2' (only free acid or AMD amidation supported)
17100,b2_excluded_unsupported_terminus,terminus_based,unsupported C-terminal modification 'C12H25-NH2' (only free acid or AMD amidation supported)
17097,b2_excluded_unsupported_terminus,terminus_based,unsupported C-terminal modification 'C12H25-NH2' (only free acid or AMD amidation supported)
17105,b2_excluded_unsupported_terminus,terminus_based,unsupported C-terminal modification 'EthA' (only free acid or AMD amidation supported)
17099,b2_excluded_unsupported_terminus,terminus_based,unsupported C-terminal modification 'C16H33-NH2' (only free acid or AMD amidation supported)
17107,b4_excluded_nonstandard_bond,bond_based,2 intrachain bonds present -- multi-bond (e.g. multiply-bridged / bicyclic) peptides are out of scope for automated generation in this pass
17104,b2_excluded_unsupported_terminus,terminus_based,unsupported C-terminal modification 'EthA' (only free acid or AMD amidation supported)
17108,b4_excluded_nonstandard_bond,bond_based,2 intrachain bonds present -- multi-bond (e.g. multiply-bridged / bicyclic) peptides are out of scope for automated generation in this pass
17109,b4_excluded_nonstandard_bond,bond_based,2 intrachain bonds present -- multi-bond (e.g. multiply-bridged / bicyclic) peptides are out of scope for automated generation in this pass
17106,b4_excluded_nonstandard_bond,bond_based,2 intrachain bonds present -- multi-bond (e.g. multiply-bridged / bicyclic) peptides are out of scope for automated generation in this pass
17114,b3_excluded_residue_no_smiles,residue_based,position 1 ('DAP'): unknown residue code 'DAP': no match in p2smi database (checked Code='DAP'); position 3 ('DAP'): unknown residue code 'DAP': no match in p2smi database (checked Code='DAP'); position 4 ('3-Ud-DHA'): unknown residue code '3-Ud-DHA': no match in p2smi database (checked Code='3-UD-DHA'); position 5 ('CAM'): unknown residue code 'CAM': no match in p2smi database (checked Code='CAM')
17113,b3_excluded_residue_no_smiles,residue_based,position 1 ('βLYS'): unknown residue code 'βLYS': no match in p2smi database (checked Code='ΒLYS'); position 2 ('DAP'): unknown residue code 'DAP': no match in p2smi database (checked Code='DAP'); position 5 ('3-Ud-DHA'): unknown residue code '3-Ud-DHA': no match in p2smi database (checked Code='3-UD-DHA'); position 6 ('CAM'): unknown residue code 'CAM': no match in p2smi database (checked Code='CAM')
17088,b1_excluded_non_monomer,out_of_scope,"non-monomer complexity (dimer/multi-peptide) -- not a single-chain SMILES peptide, out of scope for this dataset"
17092,b1_excluded_non_monomer,out_of_scope,"non-monomer complexity (dimer/multi-peptide) -- not a single-chain SMILES peptide, out of scope for this dataset"
17117,b2_excluded_unsupported_terminus,terminus_based,unsupported N-terminal modification 'C10' (only free amine or ACT acetylation supported)
17091,b1_excluded_non_monomer,out_of_scope,"non-monomer complexity (dimer/multi-peptide) -- not a single-chain SMILES peptide, out of scope for this dataset"
17116,b1_excluded_non_monomer,out_of_scope,"non-monomer complexity (dimer/multi-peptide) -- not a single-chain SMILES peptide, out of scope for this dataset"
17186,b2_excluded_unsupported_terminus,terminus_based,unsupported N-terminal modification 'CAA' (only free amine or ACT acetylation supported)
17185,b2_excluded_unsupported_terminus,terminus_based,unsupported N-terminal modification 'CAA' (only free amine or ACT acetylation supported)
17189,b3_excluded_residue_no_smiles,residue_based,position 23 ('Eps-LYS'): unknown residue code 'Eps-LYS': no match in p2smi database (checked Code='EPS-LYS')
17187,b2_excluded_unsupported_terminus,terminus_based,unsupported N-terminal modification 'CAA' (only free amine or ACT acetylation supported)
17190,b3_excluded_residue_no_smiles,residue_based,position 21 ('Eps-LYS'): unknown residue code 'Eps-LYS': no match in p2smi database (checked Code='EPS-LYS')
17188,b2_excluded_unsupported_terminus,terminus_based,unsupported N-terminal modification 'CAA' (only free amine or ACT acetylation supported)
17191,b3_excluded_residue_no_smiles,residue_based,position 7 ('Eps-LYS'): unknown residue code 'Eps-LYS': no match in p2smi database (checked Code='EPS-LYS')
17192,b3_excluded_residue_no_smiles,residue_based,position 7 ('Eps-LYS'): unknown residue code 'Eps-LYS': no match in p2smi database (checked Code='EPS-LYS'); position 21 ('Eps-LYS'): unknown residue code 'Eps-LYS': no match in p2smi database (checked Code='EPS-LYS')
17194,b3_excluded_residue_no_smiles,residue_based,position 7 ('Eps-LYS'): unknown residue code 'Eps-LYS': no match in p2smi database (checked Code='EPS-LYS'); position 21 ('Eps-LYS'): unknown residue code 'Eps-LYS': no match in p2smi database (checked Code='EPS-LYS'); position 23 ('Eps-LYS'): unknown residue code 'Eps-LYS': no match in p2smi database (checked Code='EPS-LYS')
17193,b3_excluded_residue_no_smiles,residue_based,position 7 ('Eps-LYS'): unknown residue code 'Eps-LYS': no match in p2smi database (checked Code='EPS-LYS'); position 23 ('Eps-LYS'): unknown residue code 'Eps-LYS': no match in p2smi database (checked Code='EPS-LYS')
17205,b3_excluded_residue_no_smiles,residue_based,position 1 ('Me-Val'): unknown residue code 'Me-Val': no match in p2smi database (checked Code='ME-VAL'); position 2 ('4-Me-Pro'): unknown residue code '4-Me-Pro': no match in p2smi database (checked Code='4-ME-PRO'); position 3 ('Me-Thr'): unknown residue code 'Me-Thr': no match in p2smi database (checked Code='ME-THR'); position 5 ('4-Me-Pro'): unknown residue code '4-Me-Pro': no match in p2smi database (checked Code='4-ME-PRO'); position 7 ('Me-Val'): unknown residue code 'Me-Val': no match in p2smi database (checked Code='ME-VAL'); position 9 ('D-Me-Leu'): unknown residue code 'D-Me-Leu': no match in p2smi database (checked Code='ME-LEU')
17206,b3_excluded_residue_no_smiles,residue_based,position 1 ('Me-Val'): unknown residue code 'Me-Val': no match in p2smi database (checked Code='ME-VAL'); position 2 ('4-Me-Pro'): unknown residue code '4-Me-Pro': no match in p2smi database (checked Code='4-ME-PRO'); position 3 ('Me-Thr'): unknown residue code 'Me-Thr': no match in p2smi database (checked Code='ME-THR'); position 5 ('4-Me-Pro'): unknown residue code '4-Me-Pro': no match in p2smi database (checked Code='4-ME-PRO'); position 7 ('Me-Val'): unknown residue code 'Me-Val': no match in p2smi database (checked Code='ME-VAL'); position 8 ('4-Me-Pro'): unknown residue code '4-Me-Pro': no match in p2smi database (checked Code='4-ME-PRO'); position 9 ('D-Me-Leu'): unknown residue code 'D-Me-Leu': no match in p2smi database (checked Code='ME-LEU')
17215,b3_excluded_residue_no_smiles,residue_based,position 1 ('Ahx'): unknown residue code 'Ahx': no match in p2smi database (checked Code='AHX'); position 2 ('S-S-tBu-CYS'): unknown residue code 'S-S-tBu-CYS': no match in p2smi database (checked Code='S-S-TBU-CYS'); position 8 ('S-S-tBu-CYS'): unknown residue code 'S-S-tBu-CYS': no match in p2smi database (checked Code='S-S-TBU-CYS'); position 9 ('Ahx'): unknown residue code 'Ahx': no match in p2smi database (checked Code='AHX')
17216,b3_excluded_residue_no_smiles,residue_based,position 1 ('Ahx'): unknown residue code 'Ahx': no match in p2smi database (checked Code='AHX'); position 2 ('S-tBu-CYS'): unknown residue code 'S-tBu-CYS': no match in p2smi database (checked Code='S-TBU-CYS'); position 4 ('2-NAL'): unknown residue code '2-NAL': no match in p2smi database (checked Code='2-NAL'); position 5 ('2-NAL'): unknown residue code '2-NAL': no match in p2smi database (checked Code='2-NAL'); position 8 ('S-tBu-CYS'): unknown residue code 'S-tBu-CYS': no match in p2smi database (checked Code='S-TBU-CYS'); position 9 ('Ahx'): unknown residue code 'Ahx': no match in p2smi database (checked Code='AHX')
17214,b3_excluded_residue_no_smiles,residue_based,position 1 ('Ahx'): unknown residue code 'Ahx': no match in p2smi database (checked Code='AHX'); position 2 ('S-S-tBu-CYS'): unknown residue code 'S-S-tBu-CYS': no match in p2smi database (checked Code='S-S-TBU-CYS'); position 4 ('2-NAL'): unknown residue code '2-NAL': no match in p2smi database (checked Code='2-NAL'); position 5 ('2-NAL'): unknown residue code '2-NAL': no match in p2smi database (checked Code='2-NAL'); position 8 ('S-S-tBu-CYS'): unknown residue code 'S-S-tBu-CYS': no match in p2smi database (checked Code='S-S-TBU-CYS'); position 9 ('Ahx'): unknown residue code 'Ahx': no match in p2smi database (checked Code='AHX')
17213,b3_excluded_residue_no_smiles,residue_based,position 1 ('Er-Pre-TRP'): unknown residue code 'Er-Pre-TRP': no match in p2smi database (checked Code='ER-PRE-TRP'); position 2 ('Me-Leu'): unknown residue code 'Me-Leu': no match in p2smi database (checked Code='ME-LEU'); position 3 ('N-TYR'): unknown residue code 'N-TYR': no match in p2smi database (checked Code='N-TYR'); position 5 ('N-Me-5-O-Leu'): unknown residue code 'N-Me-5-O-Leu': no match in p2smi database (checked Code='N-ME-5-O-LEU'); position 7 ('2-Ahx'): unknown residue code '2-Ahx': no match in p2smi database (checked Code='2-AHX')
17207,b3_excluded_residue_no_smiles,residue_based,position 1 ('Me-Val'): unknown residue code 'Me-Val': no match in p2smi database (checked Code='ME-VAL'); position 2 ('4-Me-Pro'): unknown residue code '4-Me-Pro': no match in p2smi database (checked Code='4-ME-PRO'); position 3 ('Me-Thr'): unknown residue code 'Me-Thr': no match in p2smi database (checked Code='ME-THR'); position 5 ('4-Me-Pro'): unknown residue code '4-Me-Pro': no match in p2smi database (checked Code='4-ME-PRO'); position 7 ('Me-Val'): unknown residue code 'Me-Val': no match in p2smi database (checked Code='ME-VAL'); position 8 ('Chx-PRO'): unknown residue code 'Chx-PRO': no match in p2smi database (checked Code='CHX-PRO'); position 9 ('D-Me-Leu'): unknown residue code 'D-Me-Leu': no match in p2smi database (checked Code='ME-LEU')
17259,b3_excluded_residue_no_smiles,residue_based,position 4 ('β-Thi-D-ALA'): unknown residue code 'β-Thi-D-ALA': no match in p2smi database (checked Code='Β-THI-D-ALA')
17260,b3_excluded_residue_no_smiles,residue_based,position 4 ('THZ-Ala'): unknown residue code 'THZ-Ala': no match in p2smi database (checked Code='THZ-ALA')
17264,b4_excluded_nonstandard_bond,bond_based,bond constraint 'SCSC' not auto-generated in this pass (requires side-chain donor/acceptor role assignment)
17263,b4_excluded_nonstandard_bond,bond_based,bond constraint 'SCSC' not auto-generated in this pass (requires side-chain donor/acceptor role assignment)
17266,b4_excluded_nonstandard_bond,bond_based,bond constraint 'SCSC' not auto-generated in this pass (requires side-chain donor/acceptor role assignment)
17265,b4_excluded_nonstandard_bond,bond_based,bond constraint 'SCSC' not auto-generated in this pass (requires side-chain donor/acceptor role assignment)
17268,b4_excluded_nonstandard_bond,bond_based,bond constraint 'SCSC' not auto-generated in this pass (requires side-chain donor/acceptor role assignment)
17267,b4_excluded_nonstandard_bond,bond_based,bond constraint 'SCSC' not auto-generated in this pass (requires side-chain donor/acceptor role assignment)
17261,b3_excluded_residue_no_smiles,residue_based,position 4 ('S-ALA-4-pen'): unknown residue code 'S-ALA-4-pen': no match in p2smi database (checked Code='S-ALA-4-PEN')
17269,b4_excluded_nonstandard_bond,bond_based,bond constraint 'SCSC' not auto-generated in this pass (requires side-chain donor/acceptor role assignment)
17272,b4_excluded_nonstandard_bond,bond_based,bond constraint 'SCSC' not auto-generated in this pass (requires side-chain donor/acceptor role assignment)
17270,b4_excluded_nonstandard_bond,bond_based,bond constraint 'SCSC' not auto-generated in this pass (requires side-chain donor/acceptor role assignment)
17273,b4_excluded_nonstandard_bond,bond_based,bond constraint 'SCSC' not auto-generated in this pass (requires side-chain donor/acceptor role assignment)
17271,b4_excluded_nonstandard_bond,bond_based,bond constraint 'SCSC' not auto-generated in this pass (requires side-chain donor/acceptor role assignment)
17345,b2_excluded_unsupported_terminus,terminus_based,unsupported N-terminal modification 'RuC(O)' (only free amine or ACT acetylation supported)
17346,b2_excluded_unsupported_terminus,terminus_based,unsupported N-terminal modification 'FeC(O)' (only free amine or ACT acetylation supported)
17342,b2_excluded_unsupported_terminus,terminus_based,unsupported N-terminal modification 'FeC(O)' (only free amine or ACT acetylation supported)
17343,b2_excluded_unsupported_terminus,terminus_based,unsupported N-terminal modification 'FeC(O)' (only free amine or ACT acetylation supported)
17344,b2_excluded_unsupported_terminus,terminus_based,unsupported N-terminal modification 'RuC(O)' (only free amine or ACT acetylation supported)
17380,b3_excluded_residue_no_smiles,residue_based,position 6 ('β-BzThi-Ala'): unknown residue code 'β-BzThi-Ala': no match in p2smi database (checked Code='Β-BZTHI-ALA'); position 7 ('β-BzThi-Ala'): unknown residue code 'β-BzThi-Ala': no match in p2smi database (checked Code='Β-BZTHI-ALA'); position 8 ('β-BzThi-Ala'): unknown residue code 'β-BzThi-Ala': no match in p2smi database (checked Code='Β-BZTHI-ALA')
17389,b4_excluded_nonstandard_bond,bond_based,2 intrachain bonds present -- multi-bond (e.g. multiply-bridged / bicyclic) peptides are out of scope for automated generation in this pass
17377,b1_excluded_non_monomer,out_of_scope,"non-monomer complexity (dimer/multi-peptide) -- not a single-chain SMILES peptide, out of scope for this dataset"
17460,b3_excluded_residue_no_smiles,residue_based,position 26 ('CYS-C16'): unknown residue code 'CYS-C16': no match in p2smi database (checked Code='CYS-C16')
17459,b3_excluded_residue_no_smiles,residue_based,position 31 ('CYS-C16'): unknown residue code 'CYS-C16': no match in p2smi database (checked Code='CYS-C16')
17463,b3_excluded_residue_no_smiles,residue_based,position 14 ('CYS-C16'): unknown residue code 'CYS-C16': no match in p2smi database (checked Code='CYS-C16')
17462,b3_excluded_residue_no_smiles,residue_based,position 26 ('CYS-C16'): unknown residue code 'CYS-C16': no match in p2smi database (checked Code='CYS-C16')
17464,b3_excluded_residue_no_smiles,residue_based,position 8 ('CYS-C16'): unknown residue code 'CYS-C16': no match in p2smi database (checked Code='CYS-C16')
17483,b1_excluded_non_monomer,out_of_scope,"non-monomer complexity (dimer/multi-peptide) -- not a single-chain SMILES peptide, out of scope for this dataset"
17493,b1_excluded_non_monomer,out_of_scope,"non-monomer complexity (dimer/multi-peptide) -- not a single-chain SMILES peptide, out of scope for this dataset"
17491,b1_excluded_non_monomer,out_of_scope,"non-monomer complexity (dimer/multi-peptide) -- not a single-chain SMILES peptide, out of scope for this dataset"
17497,b1_excluded_non_monomer,out_of_scope,"non-monomer complexity (dimer/multi-peptide) -- not a single-chain SMILES peptide, out of scope for this dataset"
17487,b1_excluded_non_monomer,out_of_scope,"non-monomer complexity (dimer/multi-peptide) -- not a single-chain SMILES peptide, out of scope for this dataset"
17489,b1_excluded_non_monomer,out_of_scope,"non-monomer complexity (dimer/multi-peptide) -- not a single-chain SMILES peptide, out of scope for this dataset"
17485,b1_excluded_non_monomer,out_of_scope,"non-monomer complexity (dimer/multi-peptide) -- not a single-chain SMILES peptide, out of scope for this dataset"
17495,b1_excluded_non_monomer,out_of_scope,"non-monomer complexity (dimer/multi-peptide) -- not a single-chain SMILES peptide, out of scope for this dataset"
17499,b1_excluded_non_monomer,out_of_scope,"non-monomer complexity (dimer/multi-peptide) -- not a single-chain SMILES peptide, out of scope for this dataset"
17536,b3_excluded_residue_no_smiles,residue_based,position 9 ('S-ALA-4-pen'): unknown residue code 'S-ALA-4-pen': no match in p2smi database (checked Code='S-ALA-4-PEN'); position 13 ('S-ALA-4-pen'): unknown residue code 'S-ALA-4-pen': no match in p2smi database (checked Code='S-ALA-4-PEN')
17534,b3_excluded_residue_no_smiles,residue_based,position 5 ('S-ALA-4-pen'): unknown residue code 'S-ALA-4-pen': no match in p2smi database (checked Code='S-ALA-4-PEN'); position 9 ('S-ALA-4-pen'): unknown residue code 'S-ALA-4-pen': no match in p2smi database (checked Code='S-ALA-4-PEN')
17535,b3_excluded_residue_no_smiles,residue_based,position 8 ('S-ALA-4-pen'): unknown residue code 'S-ALA-4-pen': no match in p2smi database (checked Code='S-ALA-4-PEN'); position 12 ('S-ALA-4-pen'): unknown residue code 'S-ALA-4-pen': no match in p2smi database (checked Code='S-ALA-4-PEN')
17533,b3_excluded_residue_no_smiles,residue_based,position 1 ('S-ALA-4-pen'): unknown residue code 'S-ALA-4-pen': no match in p2smi database (checked Code='S-ALA-4-PEN'); position 5 ('S-ALA-4-pen'): unknown residue code 'S-ALA-4-pen': no match in p2smi database (checked Code='S-ALA-4-PEN')
17539,b3_excluded_residue_no_smiles,residue_based,position 8 ('R-ALA-7-oct'): unknown residue code 'R-ALA-7-oct': no match in p2smi database (checked Code='R-ALA-7-OCT'); position 15 ('S-ALA-4-pen'): unknown residue code 'S-ALA-4-pen': no match in p2smi database (checked Code='S-ALA-4-PEN')
17537,b3_excluded_residue_no_smiles,residue_based,position 12 ('S-ALA-4-pen'): unknown residue code 'S-ALA-4-pen': no match in p2smi database (checked Code='S-ALA-4-PEN'); position 16 ('S-ALA-4-pen'): unknown residue code 'S-ALA-4-pen': no match in p2smi database (checked Code='S-ALA-4-PEN')
17540,b3_excluded_residue_no_smiles,residue_based,position 9 ('R-ALA-7-oct'): unknown residue code 'R-ALA-7-oct': no match in p2smi database (checked Code='R-ALA-7-OCT'); position 16 ('S-ALA-4-pen'): unknown residue code 'S-ALA-4-pen': no match in p2smi database (checked Code='S-ALA-4-PEN')
17543,b2_excluded_unsupported_terminus,terminus_based,unsupported N-terminal modification 'C18' (only free amine or ACT acetylation supported)
17538,b3_excluded_residue_no_smiles,residue_based,position 5 ('R-ALA-7-oct'): unknown residue code 'R-ALA-7-oct': no match in p2smi database (checked Code='R-ALA-7-OCT'); position 12 ('S-ALA-4-pen'): unknown residue code 'S-ALA-4-pen': no match in p2smi database (checked Code='S-ALA-4-PEN')
17541,b2_excluded_unsupported_terminus,terminus_based,unsupported N-terminal modification 'C6' (only free amine or ACT acetylation supported)
17542,b2_excluded_unsupported_terminus,terminus_based,unsupported N-terminal modification 'C12' (only free amine or ACT acetylation supported)
17575,b3_excluded_residue_no_smiles,residue_based,position 1 ('R-ALA-7-oct'): unknown residue code 'R-ALA-7-oct': no match in p2smi database (checked Code='R-ALA-7-OCT'); position 8 ('S-ALA-4-pen'): unknown residue code 'S-ALA-4-pen': no match in p2smi database (checked Code='S-ALA-4-PEN')
17643,b3_excluded_residue_no_smiles,residue_based,position 1 ('Lys(N3)'): unknown residue code 'Lys(N3)': no match in p2smi database (checked Code='LYS(N3)')
17641,b3_excluded_residue_no_smiles,residue_based,position 11 ('Lys(N3)'): unknown residue code 'Lys(N3)': no match in p2smi database (checked Code='LYS(N3)')
17645,b3_excluded_residue_no_smiles,residue_based,position 11 ('Lys(N3)'): unknown residue code 'Lys(N3)': no match in p2smi database (checked Code='LYS(N3)')
17647,b3_excluded_residue_no_smiles,residue_based,position 1 ('Lys(N3)'): unknown residue code 'Lys(N3)': no match in p2smi database (checked Code='LYS(N3)')
17628,b1_excluded_non_monomer,out_of_scope,"non-monomer complexity (dimer/multi-peptide) -- not a single-chain SMILES peptide, out of scope for this dataset"
17623,b1_excluded_non_monomer,out_of_scope,"non-monomer complexity (dimer/multi-peptide) -- not a single-chain SMILES peptide, out of scope for this dataset"
17642,b1_excluded_non_monomer,out_of_scope,"non-monomer complexity (dimer/multi-peptide) -- not a single-chain SMILES peptide, out of scope for this dataset"
17648,b1_excluded_non_monomer,out_of_scope,"non-monomer complexity (dimer/multi-peptide) -- not a single-chain SMILES peptide, out of scope for this dataset"
17651,b1_excluded_non_monomer,out_of_scope,"non-monomer complexity (dimer/multi-peptide) -- not a single-chain SMILES peptide, out of scope for this dataset"
17644,b1_excluded_non_monomer,out_of_scope,"non-monomer complexity (dimer/multi-peptide) -- not a single-chain SMILES peptide, out of scope for this dataset"
17646,b1_excluded_non_monomer,out_of_scope,"non-monomer complexity (dimer/multi-peptide) -- not a single-chain SMILES peptide, out of scope for this dataset"
17650,b1_excluded_non_monomer,out_of_scope,"non-monomer complexity (dimer/multi-peptide) -- not a single-chain SMILES peptide, out of scope for this dataset"
17670,b1_excluded_non_monomer,out_of_scope,"non-monomer complexity (dimer/multi-peptide) -- not a single-chain SMILES peptide, out of scope for this dataset"
17718,b3_excluded_residue_no_smiles,residue_based,position 8 ('Lys(N3)'): unknown residue code 'Lys(N3)': no match in p2smi database (checked Code='LYS(N3)'); position 12 ('Pra'): unknown residue code 'Pra': no match in p2smi database (checked Code='PRA')
17727,b3_excluded_residue_no_smiles,residue_based,position 10 ('3-Me-Val'): unknown residue code '3-Me-Val': no match in p2smi database (checked Code='3-ME-VAL')
17719,b3_excluded_residue_no_smiles,residue_based,position 2 ('Lys(N3)'): unknown residue code 'Lys(N3)': no match in p2smi database (checked Code='LYS(N3)'); position 8 ('Pra'): unknown residue code 'Pra': no match in p2smi database (checked Code='PRA')
17672,b1_excluded_non_monomer,out_of_scope,"non-monomer complexity (dimer/multi-peptide) -- not a single-chain SMILES peptide, out of scope for this dataset"
17744,b3_excluded_residue_no_smiles,residue_based,position 5 ('DHA'): unknown residue code 'DHA': no match in p2smi database (checked Code='DHA'); position 18 ('DHB'): unknown residue code 'DHB': no match in p2smi database (checked Code='DHB'); position 31 ('DHA'): unknown residue code 'DHA': no match in p2smi database (checked Code='DHA')
17728,b1_excluded_non_monomer,out_of_scope,"non-monomer complexity (dimer/multi-peptide) -- not a single-chain SMILES peptide, out of scope for this dataset"
17731,b1_excluded_non_monomer,out_of_scope,"non-monomer complexity (dimer/multi-peptide) -- not a single-chain SMILES peptide, out of scope for this dataset"
17809,b2_excluded_unsupported_terminus,terminus_based,unsupported N-terminal modification 'C16' (only free amine or ACT acetylation supported)
18012,b3_excluded_residue_no_smiles,residue_based,position 6 ('S-ALA-4-pen'): unknown residue code 'S-ALA-4-pen': no match in p2smi database (checked Code='S-ALA-4-PEN'); position 10 ('S-ALA-4-pen'): unknown residue code 'S-ALA-4-pen': no match in p2smi database (checked Code='S-ALA-4-PEN')
18013,b3_excluded_residue_no_smiles,residue_based,position 18 ('S-ALA-4-pen'): unknown residue code 'S-ALA-4-pen': no match in p2smi database (checked Code='S-ALA-4-PEN'); position 22 ('S-ALA-4-pen'): unknown residue code 'S-ALA-4-pen': no match in p2smi database (checked Code='S-ALA-4-PEN')
18016,b3_excluded_residue_no_smiles,residue_based,position 6 ('S-ALA-4-pen'): unknown residue code 'S-ALA-4-pen': no match in p2smi database (checked Code='S-ALA-4-PEN'); position 10 ('S-ALA-4-pen'): unknown residue code 'S-ALA-4-pen': no match in p2smi database (checked Code='S-ALA-4-PEN')
18017,b3_excluded_residue_no_smiles,residue_based,position 6 ('S-ALA-4-pen'): unknown residue code 'S-ALA-4-pen': no match in p2smi database (checked Code='S-ALA-4-PEN'); position 10 ('S-ALA-4-pen'): unknown residue code 'S-ALA-4-pen': no match in p2smi database (checked Code='S-ALA-4-PEN')
18018,b3_excluded_residue_no_smiles,residue_based,position 18 ('S-ALA-4-pen'): unknown residue code 'S-ALA-4-pen': no match in p2smi database (checked Code='S-ALA-4-PEN'); position 22 ('S-ALA-4-pen'): unknown residue code 'S-ALA-4-pen': no match in p2smi database (checked Code='S-ALA-4-PEN')
18014,b3_excluded_residue_no_smiles,residue_based,position 6 ('S-ALA-4-pen'): unknown residue code 'S-ALA-4-pen': no match in p2smi database (checked Code='S-ALA-4-PEN'); position 10 ('S-ALA-4-pen'): unknown residue code 'S-ALA-4-pen': no match in p2smi database (checked Code='S-ALA-4-PEN'); position 18 ('S-ALA-4-pen'): unknown residue code 'S-ALA-4-pen': no match in p2smi database (checked Code='S-ALA-4-PEN'); position 22 ('S-ALA-4-pen'): unknown residue code 'S-ALA-4-pen': no match in p2smi database (checked Code='S-ALA-4-PEN')
18019,b3_excluded_residue_no_smiles,residue_based,"position 18 ('S-ALA-4-pen'): unknown residue code 'S-ALA-4-pen': no match in p2smi database (checked Code='S-ALA-4-PEN'); position 22 ('S-ALA-4-pen'): unknown residue code 'S-ALA-4-pen': no match in p2smi database (checked Code='S-ALA-4-PEN'); position 26 ('X'): unresolved residue character, no unusualAminoAcids annotation covers this position"
18022,b3_excluded_residue_no_smiles,residue_based,position 4 ('SER(GlcNAc)'): unknown residue code 'SER(GlcNAc)': no match in p2smi database (checked Code='SER(GLCNAC)'); position 7 ('Thr(GlcNAc)'): unknown residue code 'Thr(GlcNAc)': no match in p2smi database (checked Code='THR(GLCNAC)'); position 10 ('Asn(GlcNAc) '): unknown residue code 'Asn(GlcNAc) ': no match in p2smi database (checked Code='ASN(GLCNAC)'); position 18 ('S-ALA-4-pen'): unknown residue code 'S-ALA-4-pen': no match in p2smi database (checked Code='S-ALA-4-PEN'); position 22 ('S-ALA-4-pen'): unknown residue code 'S-ALA-4-pen': no match in p2smi database (checked Code='S-ALA-4-PEN')
18015,b3_excluded_residue_no_smiles,residue_based,position 6 ('S-ALA-4-pen'): unknown residue code 'S-ALA-4-pen': no match in p2smi database (checked Code='S-ALA-4-PEN'); position 10 ('S-ALA-4-pen'): unknown residue code 'S-ALA-4-pen': no match in p2smi database (checked Code='S-ALA-4-PEN')
18021,b3_excluded_residue_no_smiles,residue_based,position 6 ('S-ALA-4-pen'): unknown residue code 'S-ALA-4-pen': no match in p2smi database (checked Code='S-ALA-4-PEN'); position 10 ('S-ALA-4-pen'): unknown residue code 'S-ALA-4-pen': no match in p2smi database (checked Code='S-ALA-4-PEN'); position 18 ('S-ALA-4-pen'): unknown residue code 'S-ALA-4-pen': no match in p2smi database (checked Code='S-ALA-4-PEN'); position 22 ('S-ALA-4-pen'): unknown residue code 'S-ALA-4-pen': no match in p2smi database (checked Code='S-ALA-4-PEN')
18020,b3_excluded_residue_no_smiles,residue_based,position 6 ('S-ALA-4-pen'): unknown residue code 'S-ALA-4-pen': no match in p2smi database (checked Code='S-ALA-4-PEN'); position 10 ('S-ALA-4-pen'): unknown residue code 'S-ALA-4-pen': no match in p2smi database (checked Code='S-ALA-4-PEN'); position 18 ('S-ALA-4-pen'): unknown residue code 'S-ALA-4-pen': no match in p2smi database (checked Code='S-ALA-4-PEN'); position 22 ('S-ALA-4-pen'): unknown residue code 'S-ALA-4-pen': no match in p2smi database (checked Code='S-ALA-4-PEN')
18023,b3_excluded_residue_no_smiles,residue_based,position 4 ('SER(GlcNAc)'): unknown residue code 'SER(GlcNAc)': no match in p2smi database (checked Code='SER(GLCNAC)'); position 7 ('Thr(GlcNAc)'): unknown residue code 'Thr(GlcNAc)': no match in p2smi database (checked Code='THR(GLCNAC)'); position 10 ('Asn(GlcNAc) '): unknown residue code 'Asn(GlcNAc) ': no match in p2smi database (checked Code='ASN(GLCNAC)'); position 18 ('S-ALA-4-pen'): unknown residue code 'S-ALA-4-pen': no match in p2smi database (checked Code='S-ALA-4-PEN'); position 22 ('S-ALA-4-pen'): unknown residue code 'S-ALA-4-pen': no match in p2smi database (checked Code='S-ALA-4-PEN')
18050,b2_excluded_unsupported_terminus,terminus_based,unsupported N-terminal modification 'C8' (only free amine or ACT acetylation supported)
18109,b1_excluded_non_monomer,out_of_scope,"non-monomer complexity (dimer/multi-peptide) -- not a single-chain SMILES peptide, out of scope for this dataset"
18107,b1_excluded_non_monomer,out_of_scope,"non-monomer complexity (dimer/multi-peptide) -- not a single-chain SMILES peptide, out of scope for this dataset"
18150,b3_excluded_residue_no_smiles,residue_based,"position 10 ('3,5-F-PHE'): unknown residue code '3,5-F-PHE': no match in p2smi database (checked Code='3,5-F-PHE'); position 15 ('3,5-F-PHE'): unknown residue code '3,5-F-PHE': no match in p2smi database (checked Code='3,5-F-PHE')"
18151,b3_excluded_residue_no_smiles,residue_based,position 10 ('5F-PHE'): unknown residue code '5F-PHE': no match in p2smi database (checked Code='5F-PHE'); position 15 ('5F-PHE'): unknown residue code '5F-PHE': no match in p2smi database (checked Code='5F-PHE')
18189,b2_excluded_unsupported_terminus,terminus_based,unsupported N-terminal modification 'C13' (only free amine or ACT acetylation supported)
18188,b2_excluded_unsupported_terminus,terminus_based,unsupported N-terminal modification 'C11' (only free amine or ACT acetylation supported)
18179,b3_excluded_residue_no_smiles,residue_based,position 4 ('AzAla'): unknown residue code 'AzAla': no match in p2smi database (checked Code='AZALA')
18181,b3_excluded_residue_no_smiles,residue_based,position 8 ('AzAla'): unknown residue code 'AzAla': no match in p2smi database (checked Code='AZALA')
18185,b2_excluded_unsupported_terminus,terminus_based,unsupported C-terminal modification 'NME' (only free acid or AMD amidation supported)
18186,b2_excluded_unsupported_terminus,terminus_based,unsupported N-terminal modification 'C5' (only free amine or ACT acetylation supported)
18183,b2_excluded_unsupported_terminus,terminus_based,unsupported C-terminal modification 'NME' (only free acid or AMD amidation supported)
18180,b3_excluded_residue_no_smiles,residue_based,position 6 ('AzAla'): unknown residue code 'AzAla': no match in p2smi database (checked Code='AZALA')
18192,b3_excluded_residue_no_smiles,residue_based,position 14 ('CYS-PEG4-Chol'): unknown residue code 'CYS-PEG4-Chol': no match in p2smi database (checked Code='CYS-PEG4-CHOL')
18197,b3_excluded_residue_no_smiles,residue_based,position 1 ('PHE-NH2-C5'): unknown residue code 'PHE-NH2-C5': no match in p2smi database (checked Code='PHE-NH2-C5')
18195,b2_excluded_unsupported_terminus,terminus_based,unsupported N-terminal modification 'C11' (only free amine or ACT acetylation supported)
18193,b2_excluded_unsupported_terminus,terminus_based,unsupported N-terminal modification 'C5' (only free amine or ACT acetylation supported)
18199,b3_excluded_residue_no_smiles,residue_based,position 14 ('D-ORN-NH2-C7'): unknown residue code 'D-ORN-NH2-C7': no match in p2smi database (checked Code='ORN-NH2-C7')
18198,b3_excluded_residue_no_smiles,residue_based,position 14 ('D-ORN-NH2-C5'): unknown residue code 'D-ORN-NH2-C5': no match in p2smi database (checked Code='ORN-NH2-C5')
18196,b2_excluded_unsupported_terminus,terminus_based,unsupported N-terminal modification 'C13' (only free amine or ACT acetylation supported)
18207,b2_excluded_unsupported_terminus,terminus_based,unsupported N-terminal modification '4-Me-C6' (only free amine or ACT acetylation supported)
18206,b2_excluded_unsupported_terminus,terminus_based,unsupported N-terminal modification '4-Me-C6' (only free amine or ACT acetylation supported)
18208,b2_excluded_unsupported_terminus,terminus_based,unsupported N-terminal modification '7-Me-C8' (only free amine or ACT acetylation supported)
18245,b3_excluded_residue_no_smiles,residue_based,"position 1 ('X'): unresolved residue character, no unusualAminoAcids annotation covers this position; position 2 ('2,6-F-PHE'): unknown residue code '2,6-F-PHE': no match in p2smi database (checked Code='2,6-F-PHE'); position 5 ('2,6-F-PHE'): unknown residue code '2,6-F-PHE': no match in p2smi database (checked Code='2,6-F-PHE'); position 8 ('2,6-F-PHE'): unknown residue code '2,6-F-PHE': no match in p2smi database (checked Code='2,6-F-PHE')"
18253,b2_excluded_unsupported_terminus,terminus_based,unsupported N-terminal modification 'FMOC' (only free amine or ACT acetylation supported)
18258,b2_excluded_unsupported_terminus,terminus_based,unsupported N-terminal modification 'DiPhAc' (only free amine or ACT acetylation supported)
18257,b2_excluded_unsupported_terminus,terminus_based,unsupported N-terminal modification 'DiPhAc' (only free amine or ACT acetylation supported)
18255,b2_excluded_unsupported_terminus,terminus_based,unsupported N-terminal modification 'FMOC' (only free amine or ACT acetylation supported)
18256,b2_excluded_unsupported_terminus,terminus_based,unsupported N-terminal modification 'DiPhAc' (only free amine or ACT acetylation supported)
18259,b2_excluded_unsupported_terminus,terminus_based,unsupported N-terminal modification 'FMOC' (only free amine or ACT acetylation supported)
18254,b2_excluded_unsupported_terminus,terminus_based,unsupported N-terminal modification 'FMOC' (only free amine or ACT acetylation supported)
18260,b2_excluded_unsupported_terminus,terminus_based,unsupported N-terminal modification 'DiPhAc' (only free amine or ACT acetylation supported)
18305,b2_excluded_unsupported_terminus,terminus_based,unsupported N-terminal modification '(CH3)2' (only free amine or ACT acetylation supported)
18332,b3_excluded_residue_no_smiles,residue_based,position 3 ('F-Pro'): unknown residue code 'F-Pro': no match in p2smi database (checked Code='F-PRO')
18335,b3_excluded_residue_no_smiles,residue_based,position 3 ('CH3-S-Pro'): unknown residue code 'CH3-S-Pro': no match in p2smi database (checked Code='CH3-S-PRO')
18333,b3_excluded_residue_no_smiles,residue_based,"position 3 ('4,4-F-Pro'): unknown residue code '4,4-F-Pro': no match in p2smi database (checked Code='4,4-F-PRO')"
18337,b3_excluded_residue_no_smiles,residue_based,position 3 ('Chx-PRO'): unknown residue code 'Chx-PRO': no match in p2smi database (checked Code='CHX-PRO')
18338,b3_excluded_residue_no_smiles,residue_based,position 3 ('Ph-Pro'): unknown residue code 'Ph-Pro': no match in p2smi database (checked Code='PH-PRO')
18339,b3_excluded_residue_no_smiles,residue_based,position 3 ('Bn-Pro'): unknown residue code 'Bn-Pro': no match in p2smi database (checked Code='BN-PRO')
18345,b3_excluded_residue_no_smiles,residue_based,position 1 ('mPEG-5000-Mal-CYS'): unknown residue code 'mPEG-5000-Mal-CYS': no match in p2smi database (checked Code='MPEG-5000-MAL-CYS')
18346,b3_excluded_residue_no_smiles,residue_based,position 1 ('CYS-mPEG2000'): unknown residue code 'CYS-mPEG2000': no match in p2smi database (checked Code='CYS-MPEG2000')
18344,b3_excluded_residue_no_smiles,residue_based,position 1 ('CYS-mPEG2000'): unknown residue code 'CYS-mPEG2000': no match in p2smi database (checked Code='CYS-MPEG2000')
18364,b3_excluded_residue_no_smiles,residue_based,position 21 ('CYS-mPEG2000'): unknown residue code 'CYS-mPEG2000': no match in p2smi database (checked Code='CYS-MPEG2000')
18368,b2_excluded_unsupported_terminus,terminus_based,unsupported N-terminal modification 'FOR' (only free amine or ACT acetylation supported)
18365,b3_excluded_residue_no_smiles,residue_based,position 21 ('mPEG-5000-Mal-CYS'): unknown residue code 'mPEG-5000-Mal-CYS': no match in p2smi database (checked Code='MPEG-5000-MAL-CYS')
18369,b3_excluded_residue_no_smiles,residue_based,position 3 ('PhO-Pro'): unknown residue code 'PhO-Pro': no match in p2smi database (checked Code='PHO-PRO')
18404,b3_excluded_residue_no_smiles,residue_based,position 16 ('mPEG-2000-Mal-CYS'): unknown residue code 'mPEG-2000-Mal-CYS': no match in p2smi database (checked Code='MPEG-2000-MAL-CYS')
18402,b3_excluded_residue_no_smiles,residue_based,position 1 ('mPEG-2000-Mal-CYS'): unknown residue code 'mPEG-2000-Mal-CYS': no match in p2smi database (checked Code='MPEG-2000-MAL-CYS')
18403,b1_excluded_non_monomer,out_of_scope,"non-monomer complexity (dimer/multi-peptide) -- not a single-chain SMILES peptide, out of scope for this dataset"
18401,b1_excluded_non_monomer,out_of_scope,"non-monomer complexity (dimer/multi-peptide) -- not a single-chain SMILES peptide, out of scope for this dataset"
18399,b1_excluded_non_monomer,out_of_scope,"non-monomer complexity (dimer/multi-peptide) -- not a single-chain SMILES peptide, out of scope for this dataset"
18398,b1_excluded_non_monomer,out_of_scope,"non-monomer complexity (dimer/multi-peptide) -- not a single-chain SMILES peptide, out of scope for this dataset"
18435,b2_excluded_unsupported_terminus,terminus_based,unsupported N-terminal modification '5-Me-C6' (only free amine or ACT acetylation supported)
18400,b1_excluded_non_monomer,out_of_scope,"non-monomer complexity (dimer/multi-peptide) -- not a single-chain SMILES peptide, out of scope for this dataset"
18443,b2_excluded_unsupported_terminus,terminus_based,unsupported N-terminal modification 'OIle' (only free amine or ACT acetylation supported)
18445,b2_excluded_unsupported_terminus,terminus_based,unsupported N-terminal modification 'OIle' (only free amine or ACT acetylation supported)
18447,b2_excluded_unsupported_terminus,terminus_based,unsupported N-terminal modification 'OIle' (only free amine or ACT acetylation supported)
18446,b2_excluded_unsupported_terminus,terminus_based,unsupported N-terminal modification 'OIle' (only free amine or ACT acetylation supported)
18448,b2_excluded_unsupported_terminus,terminus_based,unsupported N-terminal modification '7-Me-C8' (only free amine or ACT acetylation supported)
18444,b2_excluded_unsupported_terminus,terminus_based,unsupported N-terminal modification 'OIle' (only free amine or ACT acetylation supported)
18458,b3_excluded_residue_no_smiles,residue_based,position 1 ('Me-Val'): unknown residue code 'Me-Val': no match in p2smi database (checked Code='ME-VAL'); position 4 ('Me-Thr'): unknown residue code 'Me-Thr': no match in p2smi database (checked Code='ME-THR'); position 6 ('Me-Leu'): unknown residue code 'Me-Leu': no match in p2smi database (checked Code='ME-LEU'); position 8 ('Me-Val'): unknown residue code 'Me-Val': no match in p2smi database (checked Code='ME-VAL'); position 9 ('Me-OMe-Trp'): unknown residue code 'Me-OMe-Trp': no match in p2smi database (checked Code='ME-OME-TRP'); position 11 ('3-OH-PHE'): unknown residue code '3-OH-PHE': no match in p2smi database (checked Code='3-OH-PHE')
18459,b2_excluded_unsupported_terminus,terminus_based,unsupported N-terminal modification '(CH3)2' (only free amine or ACT acetylation supported)
18461,b2_excluded_unsupported_terminus,terminus_based,unsupported N-terminal modification 'OIle' (only free amine or ACT acetylation supported)
18468,b2_excluded_unsupported_terminus,terminus_based,unsupported N-terminal modification '(CH3)2' (only free amine or ACT acetylation supported)
18466,b3_excluded_residue_no_smiles,residue_based,position 1 ('2-Abz'): unknown residue code '2-Abz': no match in p2smi database (checked Code='2-ABZ'); position 2 ('D-Pip'): unknown residue code 'D-Pip': no match in p2smi database (checked Code='PIP'); position 3 ('Me-Leu'): unknown residue code 'Me-Leu': no match in p2smi database (checked Code='ME-LEU')
18475,b3_excluded_residue_no_smiles,residue_based,position 1 ('3-NH2-C14'): unknown residue code '3-NH2-C14': no match in p2smi database (checked Code='3-NH2-C14')
18476,b2_excluded_unsupported_terminus,terminus_based,unsupported N-terminal modification '3-OH-C13' (only free amine or ACT acetylation supported)
18486,b2_excluded_unsupported_terminus,terminus_based,unsupported N-terminal modification 'Hmoya' (only free amine or ACT acetylation supported)
18473,b3_excluded_residue_no_smiles,residue_based,position 1 ('3-NH2-12-Me-C14'): unknown residue code '3-NH2-12-Me-C14': no match in p2smi database (checked Code='3-NH2-12-ME-C14')
18483,b2_excluded_unsupported_terminus,terminus_based,unsupported N-terminal modification 'Keto-Oya' (only free amine or ACT acetylation supported)
18478,b2_excluded_unsupported_terminus,terminus_based,unsupported N-terminal modification '3-OH-C20' (only free amine or ACT acetylation supported)
18484,b2_excluded_unsupported_terminus,terminus_based,"unsupported N-terminal modification '4,4-Cl-3-Me-C4' (only free amine or ACT acetylation supported)"
18477,b2_excluded_unsupported_terminus,terminus_based,unsupported N-terminal modification '3-OH-C14' (only free amine or ACT acetylation supported)
18487,b2_excluded_unsupported_terminus,terminus_based,"unsupported N-terminal modification '2,4-Me-C8' (only free amine or ACT acetylation supported)"
18485,b2_excluded_unsupported_terminus,terminus_based,"unsupported N-terminal modification '4,4-Cl-3-Me-C4' (only free amine or ACT acetylation supported)"
18482,b2_excluded_unsupported_terminus,terminus_based,unsupported N-terminal modification 'MeO-Oya-2-ene' (only free amine or ACT acetylation supported)
18481,b2_excluded_unsupported_terminus,terminus_based,unsupported N-terminal modification '(CH3)2' (only free amine or ACT acetylation supported)
18488,b2_excluded_unsupported_terminus,terminus_based,"unsupported N-terminal modification '2,4-Me-C8' (only free amine or ACT acetylation supported)"
18489,b2_excluded_unsupported_terminus,terminus_based,"unsupported N-terminal modification '2,4-Me-C8' (only free amine or ACT acetylation supported)"
18469,b1_excluded_non_monomer,out_of_scope,"non-monomer complexity (dimer/multi-peptide) -- not a single-chain SMILES peptide, out of scope for this dataset"
18509,b2_excluded_unsupported_terminus,terminus_based,unsupported N-terminal modification 'PIV' (only free amine or ACT acetylation supported)
18514,b2_excluded_unsupported_terminus,terminus_based,unsupported N-terminal modification '3-OH-11-Me-C13' (only free amine or ACT acetylation supported)
18518,b2_excluded_unsupported_terminus,terminus_based,unsupported N-terminal modification 'MeOya' (only free amine or ACT acetylation supported)
18506,b3_excluded_residue_no_smiles,residue_based,position 7 ('Allo-Thr'): unknown residue code 'Allo-Thr': no match in p2smi database (checked Code='ALLO-THR')
18516,b2_excluded_unsupported_terminus,terminus_based,"unsupported N-terminal modification '3-OH-8,10-Me-C12' (only free amine or ACT acetylation supported)"
18515,b2_excluded_unsupported_terminus,terminus_based,unsupported N-terminal modification '3-OH-12-Me-C14' (only free amine or ACT acetylation supported)
18517,b2_excluded_unsupported_terminus,terminus_based,"unsupported N-terminal modification '3-OH-9,11-Me-C13' (only free amine or ACT acetylation supported)"
18532,b2_excluded_unsupported_terminus,terminus_based,"unsupported N-terminal modification '1,3-Me-LUM' (only free amine or ACT acetylation supported)"
18530,b2_excluded_unsupported_terminus,terminus_based,"unsupported N-terminal modification '1,3-Me-LUM' (only free amine or ACT acetylation supported)"
18539,b3_excluded_residue_no_smiles,residue_based,position 1 ('3-NH2-14-Me-C15'): unknown residue code '3-NH2-14-Me-C15': no match in p2smi database (checked Code='3-NH2-14-ME-C15')
18538,b3_excluded_residue_no_smiles,residue_based,position 2 ('D-Me-Ala'): unknown residue code 'D-Me-Ala': no match in p2smi database (checked Code='ME-ALA'); position 3 ('Et-VAL'): unknown residue code 'Et-VAL': no match in p2smi database (checked Code='ET-VAL'); position 5 ('Me-Leu'): unknown residue code 'Me-Leu': no match in p2smi database (checked Code='ME-LEU'); position 8 ('Me-Leu'): unknown residue code 'Me-Leu': no match in p2smi database (checked Code='ME-LEU'); position 9 ('Me-Leu'): unknown residue code 'Me-Leu': no match in p2smi database (checked Code='ME-LEU'); position 10 ('Me-Val'): unknown residue code 'Me-Val': no match in p2smi database (checked Code='ME-VAL'); position 11 ('N(Me)Bmt(E)'): unknown residue code 'N(Me)Bmt(E)': no match in p2smi database (checked Code='N(ME)BMT(E)')
18533,b2_excluded_unsupported_terminus,terminus_based,"unsupported N-terminal modification '1,3-Me-LUM' (only free amine or ACT acetylation supported)"
18529,b2_excluded_unsupported_terminus,terminus_based,unsupported N-terminal modification 'MeOAc' (only free amine or ACT acetylation supported)
18531,b2_excluded_unsupported_terminus,terminus_based,"unsupported N-terminal modification '1,3-Me-LUM' (only free amine or ACT acetylation supported)"
18544,b3_excluded_residue_no_smiles,residue_based,position 1 ('3-NH2-14-Me-C16'): unknown residue code '3-NH2-14-Me-C16': no match in p2smi database (checked Code='3-NH2-14-ME-C16')
18537,b3_excluded_residue_no_smiles,residue_based,position 1 ('3-NH2-12-Me-C13'): unknown residue code '3-NH2-12-Me-C13': no match in p2smi database (checked Code='3-NH2-12-ME-C13')
18536,b2_excluded_unsupported_terminus,terminus_based,unsupported N-terminal modification '3-OH-C16' (only free amine or ACT acetylation supported)
18549,b1_excluded_non_monomer,out_of_scope,"non-monomer complexity (dimer/multi-peptide) -- not a single-chain SMILES peptide, out of scope for this dataset"
18553,b1_excluded_non_monomer,out_of_scope,"non-monomer complexity (dimer/multi-peptide) -- not a single-chain SMILES peptide, out of scope for this dataset"
18540,b1_excluded_non_monomer,out_of_scope,"non-monomer complexity (dimer/multi-peptide) -- not a single-chain SMILES peptide, out of scope for this dataset"
18550,b1_excluded_non_monomer,out_of_scope,"non-monomer complexity (dimer/multi-peptide) -- not a single-chain SMILES peptide, out of scope for this dataset"
18596,b2_excluded_unsupported_terminus,terminus_based,unsupported N-terminal modification '12-Me-(Z)3-C13' (only free amine or ACT acetylation supported)
18614,b3_excluded_residue_no_smiles,residue_based,position 3 ('S-ALA-4-pen'): unknown residue code 'S-ALA-4-pen': no match in p2smi database (checked Code='S-ALA-4-PEN')
18615,b3_excluded_residue_no_smiles,residue_based,position 1 ('S-ALA-4-pen'): unknown residue code 'S-ALA-4-pen': no match in p2smi database (checked Code='S-ALA-4-PEN')
18616,b3_excluded_residue_no_smiles,residue_based,position 1 ('S-ALA-4-pen'): unknown residue code 'S-ALA-4-pen': no match in p2smi database (checked Code='S-ALA-4-PEN')
18617,b3_excluded_residue_no_smiles,residue_based,position 2 ('S-ALA-4-pen'): unknown residue code 'S-ALA-4-pen': no match in p2smi database (checked Code='S-ALA-4-PEN')
18542,b1_excluded_non_monomer,out_of_scope,"non-monomer complexity (dimer/multi-peptide) -- not a single-chain SMILES peptide, out of scope for this dataset"
18618,b3_excluded_residue_no_smiles,residue_based,position 5 ('S-ALA-4-pen'): unknown residue code 'S-ALA-4-pen': no match in p2smi database (checked Code='S-ALA-4-PEN')
18619,b3_excluded_residue_no_smiles,residue_based,position 8 ('S-ALA-4-pen'): unknown residue code 'S-ALA-4-pen': no match in p2smi database (checked Code='S-ALA-4-PEN')
18620,b3_excluded_residue_no_smiles,residue_based,position 9 ('S-ALA-4-pen'): unknown residue code 'S-ALA-4-pen': no match in p2smi database (checked Code='S-ALA-4-PEN')
18621,b3_excluded_residue_no_smiles,residue_based,position 6 ('S-ALA-4-pen'): unknown residue code 'S-ALA-4-pen': no match in p2smi database (checked Code='S-ALA-4-PEN')
18543,b1_excluded_non_monomer,out_of_scope,"non-monomer complexity (dimer/multi-peptide) -- not a single-chain SMILES peptide, out of scope for this dataset"
18541,b1_excluded_non_monomer,out_of_scope,"non-monomer complexity (dimer/multi-peptide) -- not a single-chain SMILES peptide, out of scope for this dataset"
18668,b2_excluded_unsupported_terminus,terminus_based,unsupported N-terminal modification '6-Me-C8' (only free amine or ACT acetylation supported)
18671,b2_excluded_unsupported_terminus,terminus_based,unsupported N-terminal modification 'C7' (only free amine or ACT acetylation supported)
18674,b2_excluded_unsupported_terminus,terminus_based,unsupported N-terminal modification '8-Me-C9' (only free amine or ACT acetylation supported)
18669,b2_excluded_unsupported_terminus,terminus_based,unsupported N-terminal modification '6-Me-C8' (only free amine or ACT acetylation supported)
18672,b2_excluded_unsupported_terminus,terminus_based,unsupported N-terminal modification 'C8' (only free amine or ACT acetylation supported)
18678,b2_excluded_unsupported_terminus,terminus_based,unsupported N-terminal modification '6-Pha' (only free amine or ACT acetylation supported)
18679,b2_excluded_unsupported_terminus,terminus_based,unsupported N-terminal modification 'SA' (only free amine or ACT acetylation supported)
18673,b2_excluded_unsupported_terminus,terminus_based,unsupported N-terminal modification 'C9' (only free amine or ACT acetylation supported)
18676,b2_excluded_unsupported_terminus,terminus_based,unsupported N-terminal modification '4-BCA' (only free amine or ACT acetylation supported)
18667,b2_excluded_unsupported_terminus,terminus_based,unsupported N-terminal modification '6-Me-C8' (only free amine or ACT acetylation supported)
18675,b2_excluded_unsupported_terminus,terminus_based,unsupported N-terminal modification '2-OH-C8' (only free amine or ACT acetylation supported)
18683,b2_excluded_unsupported_terminus,terminus_based,unsupported N-terminal modification 'AdCA' (only free amine or ACT acetylation supported)
18677,b2_excluded_unsupported_terminus,terminus_based,unsupported N-terminal modification 'PyBA' (only free amine or ACT acetylation supported)
18684,b2_excluded_unsupported_terminus,terminus_based,unsupported N-terminal modification 'Di-BrPh-PY' (only free amine or ACT acetylation supported)
18681,b2_excluded_unsupported_terminus,terminus_based,unsupported N-terminal modification 'PCPC' (only free amine or ACT acetylation supported)
18680,b2_excluded_unsupported_terminus,terminus_based,unsupported N-terminal modification 'BCHC' (only free amine or ACT acetylation supported)
18698,b2_excluded_unsupported_terminus,terminus_based,unsupported N-terminal modification '6-Me-C7' (only free amine or ACT acetylation supported)
18702,b2_excluded_unsupported_terminus,terminus_based,unsupported N-terminal modification '6-Me-C8' (only free amine or ACT acetylation supported)
18701,b2_excluded_unsupported_terminus,terminus_based,unsupported N-terminal modification 'C9' (only free amine or ACT acetylation supported)
18699,b2_excluded_unsupported_terminus,terminus_based,unsupported N-terminal modification 'C8' (only free amine or ACT acetylation supported)
18703,b2_excluded_unsupported_terminus,terminus_based,unsupported N-terminal modification '6-Me-C7' (only free amine or ACT acetylation supported)
18706,b2_excluded_unsupported_terminus,terminus_based,unsupported N-terminal modification 'C7' (only free amine or ACT acetylation supported)
18712,b2_excluded_unsupported_terminus,terminus_based,unsupported N-terminal modification '6-Me-C8' (only free amine or ACT acetylation supported)
18711,b2_excluded_unsupported_terminus,terminus_based,unsupported N-terminal modification '6-Me-C8' (only free amine or ACT acetylation supported)
18708,b2_excluded_unsupported_terminus,terminus_based,unsupported N-terminal modification '7-Me-C8' (only free amine or ACT acetylation supported)
18716,b2_excluded_unsupported_terminus,terminus_based,unsupported N-terminal modification '6-Me-C7' (only free amine or ACT acetylation supported)
18715,b2_excluded_unsupported_terminus,terminus_based,unsupported N-terminal modification '6-Me-C7' (only free amine or ACT acetylation supported)
18714,b2_excluded_unsupported_terminus,terminus_based,unsupported N-terminal modification '6-Me-C7' (only free amine or ACT acetylation supported)
18713,b2_excluded_unsupported_terminus,terminus_based,unsupported N-terminal modification '6-Me-C8' (only free amine or ACT acetylation supported)
18705,b2_excluded_unsupported_terminus,terminus_based,unsupported N-terminal modification 'C8' (only free amine or ACT acetylation supported)
18718,b2_excluded_unsupported_terminus,terminus_based,unsupported N-terminal modification '6-Me-C7' (only free amine or ACT acetylation supported)
18717,b2_excluded_unsupported_terminus,terminus_based,unsupported N-terminal modification '6-Me-C8' (only free amine or ACT acetylation supported)
18722,b2_excluded_unsupported_terminus,terminus_based,unsupported N-terminal modification '6-Me-C7' (only free amine or ACT acetylation supported)
18700,b2_excluded_unsupported_terminus,terminus_based,unsupported N-terminal modification 'C7' (only free amine or ACT acetylation supported)
18726,b2_excluded_unsupported_terminus,terminus_based,unsupported N-terminal modification '6-Me-C7' (only free amine or ACT acetylation supported)
18724,b2_excluded_unsupported_terminus,terminus_based,unsupported N-terminal modification '6-Me-C7' (only free amine or ACT acetylation supported)
18719,b2_excluded_unsupported_terminus,terminus_based,unsupported N-terminal modification '6-Me-C8' (only free amine or ACT acetylation supported)
18725,b2_excluded_unsupported_terminus,terminus_based,unsupported N-terminal modification '6-Me-C8' (only free amine or ACT acetylation supported)
18721,b2_excluded_unsupported_terminus,terminus_based,unsupported N-terminal modification '6-Me-C8' (only free amine or ACT acetylation supported)
18720,b2_excluded_unsupported_terminus,terminus_based,unsupported N-terminal modification '6-Me-C7' (only free amine or ACT acetylation supported)
18723,b2_excluded_unsupported_terminus,terminus_based,unsupported N-terminal modification '6-Me-C8' (only free amine or ACT acetylation supported)
18741,b2_excluded_unsupported_terminus,terminus_based,unsupported N-terminal modification 'LIN' (only free amine or ACT acetylation supported)
18744,b2_excluded_unsupported_terminus,terminus_based,unsupported N-terminal modification '6-Me-C8' (only free amine or ACT acetylation supported)
18749,b2_excluded_unsupported_terminus,terminus_based,unsupported N-terminal modification '6-Me-C7' (only free amine or ACT acetylation supported)
18748,b2_excluded_unsupported_terminus,terminus_based,unsupported N-terminal modification '6-Me-C8' (only free amine or ACT acetylation supported)
18745,b2_excluded_unsupported_terminus,terminus_based,unsupported N-terminal modification '6-Me-C8' (only free amine or ACT acetylation supported)
18742,b2_excluded_unsupported_terminus,terminus_based,unsupported N-terminal modification 'LIN' (only free amine or ACT acetylation supported)
18750,b2_excluded_unsupported_terminus,terminus_based,unsupported N-terminal modification '6-Me-C7' (only free amine or ACT acetylation supported)
18761,b2_excluded_unsupported_terminus,terminus_based,unsupported N-terminal modification '4-BCA' (only free amine or ACT acetylation supported)
18762,b2_excluded_unsupported_terminus,terminus_based,unsupported N-terminal modification 'PhOBz' (only free amine or ACT acetylation supported)
18760,b2_excluded_unsupported_terminus,terminus_based,unsupported N-terminal modification '2-ClPhNHCO' (only free amine or ACT acetylation supported)
18764,b2_excluded_unsupported_terminus,terminus_based,unsupported N-terminal modification '2-ClPhNHCO' (only free amine or ACT acetylation supported)
18767,b2_excluded_unsupported_terminus,terminus_based,unsupported N-terminal modification 'C8' (only free amine or ACT acetylation supported)
18768,b2_excluded_unsupported_terminus,terminus_based,unsupported N-terminal modification 'C8' (only free amine or ACT acetylation supported)
18769,b2_excluded_unsupported_terminus,terminus_based,unsupported N-terminal modification 'C8' (only free amine or ACT acetylation supported)
18771,b2_excluded_unsupported_terminus,terminus_based,unsupported N-terminal modification 'C8' (only free amine or ACT acetylation supported)
18766,b2_excluded_unsupported_terminus,terminus_based,unsupported N-terminal modification 'C8' (only free amine or ACT acetylation supported)
18776,b2_excluded_unsupported_terminus,terminus_based,unsupported N-terminal modification 'C8' (only free amine or ACT acetylation supported)
18759,b2_excluded_unsupported_terminus,terminus_based,unsupported N-terminal modification 'C8' (only free amine or ACT acetylation supported)
18770,b2_excluded_unsupported_terminus,terminus_based,unsupported N-terminal modification 'C8' (only free amine or ACT acetylation supported)
18774,b2_excluded_unsupported_terminus,terminus_based,unsupported N-terminal modification 'C8' (only free amine or ACT acetylation supported)
18763,b2_excluded_unsupported_terminus,terminus_based,unsupported N-terminal modification 'Ph-4-PhNHCO' (only free amine or ACT acetylation supported)
18765,b2_excluded_unsupported_terminus,terminus_based,unsupported N-terminal modification '2-ClPhNHCO' (only free amine or ACT acetylation supported)
18777,b2_excluded_unsupported_terminus,terminus_based,unsupported N-terminal modification 'C8' (only free amine or ACT acetylation supported)
18773,b2_excluded_unsupported_terminus,terminus_based,unsupported N-terminal modification 'C8' (only free amine or ACT acetylation supported)
18775,b2_excluded_unsupported_terminus,terminus_based,unsupported N-terminal modification 'C8' (only free amine or ACT acetylation supported)
18772,b2_excluded_unsupported_terminus,terminus_based,unsupported N-terminal modification 'C8' (only free amine or ACT acetylation supported)
18779,b2_excluded_unsupported_terminus,terminus_based,unsupported N-terminal modification 'C8' (only free amine or ACT acetylation supported)
18778,b2_excluded_unsupported_terminus,terminus_based,unsupported N-terminal modification 'C8' (only free amine or ACT acetylation supported)
18794,b2_excluded_unsupported_terminus,terminus_based,unsupported N-terminal modification 'C12' (only free amine or ACT acetylation supported)
18795,b2_excluded_unsupported_terminus,terminus_based,unsupported N-terminal modification 'C12' (only free amine or ACT acetylation supported)
18796,b2_excluded_unsupported_terminus,terminus_based,unsupported N-terminal modification 'C12' (only free amine or ACT acetylation supported)
18801,b3_excluded_residue_no_smiles,residue_based,position 6 ('Pra'): unknown residue code 'Pra': no match in p2smi database (checked Code='PRA'); position 10 ('Lys(N3)'): unknown residue code 'Lys(N3)': no match in p2smi database (checked Code='LYS(N3)')
18803,b3_excluded_residue_no_smiles,residue_based,position 4 ('Pra'): unknown residue code 'Pra': no match in p2smi database (checked Code='PRA'); position 8 ('Lys(N3)'): unknown residue code 'Lys(N3)': no match in p2smi database (checked Code='LYS(N3)')
18799,b3_excluded_residue_no_smiles,residue_based,position 9 ('D-Pra'): unknown residue code 'D-Pra': no match in p2smi database (checked Code='PRA'); position 13 ('Lys(N3)'): unknown residue code 'Lys(N3)': no match in p2smi database (checked Code='LYS(N3)')
18806,b3_excluded_residue_no_smiles,residue_based,position 6 ('Pra'): unknown residue code 'Pra': no match in p2smi database (checked Code='PRA'); position 13 ('Lys(N3)'): unknown residue code 'Lys(N3)': no match in p2smi database (checked Code='LYS(N3)')
18802,b3_excluded_residue_no_smiles,residue_based,position 5 ('Pra'): unknown residue code 'Pra': no match in p2smi database (checked Code='PRA'); position 9 ('D-Lys(N3)'): unknown residue code 'D-Lys(N3)': no match in p2smi database (checked Code='LYS(N3)')
18807,b3_excluded_residue_no_smiles,residue_based,position 5 ('Pra'): unknown residue code 'Pra': no match in p2smi database (checked Code='PRA'); position 12 ('Lys(N3)'): unknown residue code 'Lys(N3)': no match in p2smi database (checked Code='LYS(N3)')
18809,b3_excluded_residue_no_smiles,residue_based,position 6 ('S-ALA-4-pen'): unknown residue code 'S-ALA-4-pen': no match in p2smi database (checked Code='S-ALA-4-PEN'); position 10 ('S-ALA-4-pen'): unknown residue code 'S-ALA-4-pen': no match in p2smi database (checked Code='S-ALA-4-PEN')
18800,b3_excluded_residue_no_smiles,residue_based,position 8 ('Pra'): unknown residue code 'Pra': no match in p2smi database (checked Code='PRA'); position 12 ('Lys(N3)'): unknown residue code 'Lys(N3)': no match in p2smi database (checked Code='LYS(N3)')
18852,b3_excluded_residue_no_smiles,residue_based,position 1 ('Ahx'): unknown residue code 'Ahx': no match in p2smi database (checked Code='AHX'); position 2 ('βALA'): unknown residue code 'βALA': no match in p2smi database (checked Code='ΒALA')
18851,b2_excluded_unsupported_terminus,terminus_based,unsupported N-terminal modification 'C5' (only free amine or ACT acetylation supported)
18903,b2_excluded_unsupported_terminus,terminus_based,unsupported N-terminal modification 'C5' (only free amine or ACT acetylation supported)
18915,b3_excluded_residue_no_smiles,residue_based,position 6 ('N-TYR'): unknown residue code 'N-TYR': no match in p2smi database (checked Code='N-TYR')
18914,b3_excluded_residue_no_smiles,residue_based,position 6 ('DIT'): unknown residue code 'DIT': no match in p2smi database (checked Code='DIT')
18928,b3_excluded_residue_no_smiles,residue_based,position 17 ('DIT'): unknown residue code 'DIT': no match in p2smi database (checked Code='DIT')
18930,b3_excluded_residue_no_smiles,residue_based,position 17 ('N-TYR'): unknown residue code 'N-TYR': no match in p2smi database (checked Code='N-TYR')
18993,b2_excluded_unsupported_terminus,terminus_based,unsupported N-terminal modification 'Chol' (only free amine or ACT acetylation supported)
18998,b2_excluded_unsupported_terminus,terminus_based,unsupported N-terminal modification 'HIP' (only free amine or ACT acetylation supported)
18995,b2_excluded_unsupported_terminus,terminus_based,unsupported N-terminal modification 'OIle' (only free amine or ACT acetylation supported)
18994,b2_excluded_unsupported_terminus,terminus_based,unsupported N-terminal modification 'OIle' (only free amine or ACT acetylation supported)
18996,b2_excluded_unsupported_terminus,terminus_based,unsupported N-terminal modification 'OIle' (only free amine or ACT acetylation supported)
19028,b2_excluded_unsupported_terminus,terminus_based,unsupported N-terminal modification 'C15' (only free amine or ACT acetylation supported)
19027,b2_excluded_unsupported_terminus,terminus_based,unsupported N-terminal modification '3-OH-C18' (only free amine or ACT acetylation supported)
19031,b4_excluded_nonstandard_bond,bond_based,4 intrachain bonds present -- multi-bond (e.g. multiply-bridged / bicyclic) peptides are out of scope for automated generation in this pass
19038,b2_excluded_unsupported_terminus,terminus_based,unsupported N-terminal modification 'C8' (only free amine or ACT acetylation supported)
19039,b2_excluded_unsupported_terminus,terminus_based,unsupported N-terminal modification 'C8' (only free amine or ACT acetylation supported)
19036,b2_excluded_unsupported_terminus,terminus_based,unsupported N-terminal modification 'C8' (only free amine or ACT acetylation supported)
19037,b2_excluded_unsupported_terminus,terminus_based,unsupported N-terminal modification 'C8' (only free amine or ACT acetylation supported)
19040,b2_excluded_unsupported_terminus,terminus_based,unsupported N-terminal modification 'C8' (only free amine or ACT acetylation supported)
19042,b2_excluded_unsupported_terminus,terminus_based,unsupported N-terminal modification 'C8' (only free amine or ACT acetylation supported)
19041,b2_excluded_unsupported_terminus,terminus_based,unsupported N-terminal modification 'C8' (only free amine or ACT acetylation supported)
19049,b2_excluded_unsupported_terminus,terminus_based,unsupported N-terminal modification 'C8' (only free amine or ACT acetylation supported)
19043,b2_excluded_unsupported_terminus,terminus_based,unsupported N-terminal modification 'C8' (only free amine or ACT acetylation supported)
19047,b2_excluded_unsupported_terminus,terminus_based,unsupported N-terminal modification 'C8' (only free amine or ACT acetylation supported)
19046,b2_excluded_unsupported_terminus,terminus_based,unsupported N-terminal modification 'C8' (only free amine or ACT acetylation supported)
19051,b2_excluded_unsupported_terminus,terminus_based,unsupported N-terminal modification 'C8' (only free amine or ACT acetylation supported)
19050,b2_excluded_unsupported_terminus,terminus_based,unsupported N-terminal modification 'C8' (only free amine or ACT acetylation supported)
19053,b2_excluded_unsupported_terminus,terminus_based,unsupported N-terminal modification 'C9' (only free amine or ACT acetylation supported)
19045,b2_excluded_unsupported_terminus,terminus_based,unsupported N-terminal modification 'C8' (only free amine or ACT acetylation supported)
19048,b2_excluded_unsupported_terminus,terminus_based,unsupported N-terminal modification 'C8' (only free amine or ACT acetylation supported)
19056,b2_excluded_unsupported_terminus,terminus_based,"unsupported N-terminal modification '2,6-Cl-Bz' (only free amine or ACT acetylation supported)"
19055,b2_excluded_unsupported_terminus,terminus_based,unsupported N-terminal modification '2-Cl-Bz' (only free amine or ACT acetylation supported)
19052,b2_excluded_unsupported_terminus,terminus_based,unsupported N-terminal modification 'C8' (only free amine or ACT acetylation supported)
19059,b2_excluded_unsupported_terminus,terminus_based,unsupported N-terminal modification '4-Cl-Bz' (only free amine or ACT acetylation supported)
19060,b2_excluded_unsupported_terminus,terminus_based,unsupported N-terminal modification 'BZA' (only free amine or ACT acetylation supported)
19058,b2_excluded_unsupported_terminus,terminus_based,unsupported N-terminal modification '3-Cl-Bz' (only free amine or ACT acetylation supported)
19057,b2_excluded_unsupported_terminus,terminus_based,"unsupported N-terminal modification '2,4-Cl-Bz' (only free amine or ACT acetylation supported)"
19054,b2_excluded_unsupported_terminus,terminus_based,unsupported N-terminal modification 'C6' (only free amine or ACT acetylation supported)
19044,b2_excluded_unsupported_terminus,terminus_based,unsupported N-terminal modification 'C8' (only free amine or ACT acetylation supported)
19065,b2_excluded_unsupported_terminus,terminus_based,unsupported N-terminal modification '4-BCA' (only free amine or ACT acetylation supported)
19062,b2_excluded_unsupported_terminus,terminus_based,unsupported N-terminal modification '4-Me-Bz' (only free amine or ACT acetylation supported)
19069,b2_excluded_unsupported_terminus,terminus_based,unsupported N-terminal modification '3-OH-C12' (only free amine or ACT acetylation supported)
19064,b2_excluded_unsupported_terminus,terminus_based,unsupported N-terminal modification '2-Cl-4-F-Bz' (only free amine or ACT acetylation supported)
19063,b2_excluded_unsupported_terminus,terminus_based,unsupported N-terminal modification '4-Cl-2-F-Bz' (only free amine or ACT acetylation supported)
19066,b2_excluded_unsupported_terminus,terminus_based,unsupported N-terminal modification '3-OH-C12' (only free amine or ACT acetylation supported)
19067,b2_excluded_unsupported_terminus,terminus_based,unsupported N-terminal modification '3-OH-C14' (only free amine or ACT acetylation supported)
19068,b2_excluded_unsupported_terminus,terminus_based,unsupported N-terminal modification '3-OH-C10' (only free amine or ACT acetylation supported)
19061,b2_excluded_unsupported_terminus,terminus_based,"unsupported N-terminal modification '3,5-Cl-Bz' (only free amine or ACT acetylation supported)"
19092,b2_excluded_unsupported_terminus,terminus_based,unsupported N-terminal modification 'OIle' (only free amine or ACT acetylation supported)
19094,b2_excluded_unsupported_terminus,terminus_based,unsupported N-terminal modification 'OIle' (only free amine or ACT acetylation supported)
19091,b2_excluded_unsupported_terminus,terminus_based,unsupported N-terminal modification 'OIle' (only free amine or ACT acetylation supported)
19095,b2_excluded_unsupported_terminus,terminus_based,unsupported N-terminal modification 'OIle' (only free amine or ACT acetylation supported)
19093,b2_excluded_unsupported_terminus,terminus_based,unsupported N-terminal modification 'OIle' (only free amine or ACT acetylation supported)
19101,b2_excluded_unsupported_terminus,terminus_based,unsupported N-terminal modification 'OIle' (only free amine or ACT acetylation supported)
19102,b2_excluded_unsupported_terminus,terminus_based,unsupported N-terminal modification 'OVal' (only free amine or ACT acetylation supported)
19100,b2_excluded_unsupported_terminus,terminus_based,unsupported N-terminal modification 'OVal' (only free amine or ACT acetylation supported)
19109,b3_excluded_residue_no_smiles,residue_based,position 18 ('DHB'): unknown residue code 'DHB': no match in p2smi database (checked Code='DHB'); position 31 ('DHA'): unknown residue code 'DHA': no match in p2smi database (checked Code='DHA')
19104,b3_excluded_residue_no_smiles,residue_based,position 6 ('DHA'): unknown residue code 'DHA': no match in p2smi database (checked Code='DHA'); position 15 ('3-OH-Asp'): unknown residue code '3-OH-Asp': no match in p2smi database (checked Code='3-OH-ASP')
19105,b3_excluded_residue_no_smiles,residue_based,position 6 ('DHA'): unknown residue code 'DHA': no match in p2smi database (checked Code='DHA'); position 15 ('3-OH-Asp'): unknown residue code '3-OH-Asp': no match in p2smi database (checked Code='3-OH-ASP')
19107,b3_excluded_residue_no_smiles,residue_based,"position 2 ('DHB'): unknown residue code 'DHB': no match in p2smi database (checked Code='DHB'); position 5 ('DHA'): unknown residue code 'DHA': no match in p2smi database (checked Code='DHA'); position 8 ('X'): unresolved residue character, no unusualAminoAcids annotation covers this position"
19108,b3_excluded_residue_no_smiles,residue_based,position 18 ('DHB'): unknown residue code 'DHB': no match in p2smi database (checked Code='DHB'); position 31 ('DHA'): unknown residue code 'DHA': no match in p2smi database (checked Code='DHA')
19099,b2_excluded_unsupported_terminus,terminus_based,unsupported C-terminal modification 'VALol' (only free acid or AMD amidation supported)
19106,b4_excluded_nonstandard_bond,bond_based,4 intrachain bonds present -- multi-bond (e.g. multiply-bridged / bicyclic) peptides are out of scope for automated generation in this pass
18997,b2_excluded_unsupported_terminus,terminus_based,unsupported N-terminal modification 'OIle' (only free amine or ACT acetylation supported)
19149,b3_excluded_residue_no_smiles,residue_based,bond constraint 'SCNT_OR_SCCT' not auto-generated in this pass (requires side-chain donor/acceptor role assignment)
19167,b2_excluded_unsupported_terminus,terminus_based,unsupported N-terminal modification 'C12' (only free amine or ACT acetylation supported)
19168,b2_excluded_unsupported_terminus,terminus_based,unsupported N-terminal modification '18:1 cis-9' (only free amine or ACT acetylation supported)
19170,b2_excluded_unsupported_terminus,terminus_based,unsupported N-terminal modification '3-OH-C14' (only free amine or ACT acetylation supported)
19169,b2_excluded_unsupported_terminus,terminus_based,unsupported N-terminal modification '18:1 cis-9' (only free amine or ACT acetylation supported)
19171,b2_excluded_unsupported_terminus,terminus_based,unsupported N-terminal modification '3-OH-C14' (only free amine or ACT acetylation supported)
19172,b2_excluded_unsupported_terminus,terminus_based,unsupported N-terminal modification '3-OH-C12' (only free amine or ACT acetylation supported)
19180,b4_excluded_nonstandard_bond,bond_based,bond constraint 'SCSC' not auto-generated in this pass (requires side-chain donor/acceptor role assignment)
19173,b2_excluded_unsupported_terminus,terminus_based,unsupported N-terminal modification 'C8' (only free amine or ACT acetylation supported)
19185,b4_excluded_nonstandard_bond,bond_based,bond constraint 'SCSC' not auto-generated in this pass (requires side-chain donor/acceptor role assignment)
19174,b2_excluded_unsupported_terminus,terminus_based,unsupported N-terminal modification '3-OH-C12' (only free amine or ACT acetylation supported)
19181,b4_excluded_nonstandard_bond,bond_based,bond constraint 'SCSC' not auto-generated in this pass (requires side-chain donor/acceptor role assignment)
19182,b4_excluded_nonstandard_bond,bond_based,bond constraint 'SCNT_OR_SCCT' not auto-generated in this pass (requires side-chain donor/acceptor role assignment)
19187,b4_excluded_nonstandard_bond,bond_based,bond constraint 'SCSC' not auto-generated in this pass (requires side-chain donor/acceptor role assignment)
19186,b4_excluded_nonstandard_bond,bond_based,bond constraint 'SCSC' not auto-generated in this pass (requires side-chain donor/acceptor role assignment)
19183,b4_excluded_nonstandard_bond,bond_based,bond constraint 'SCSC' not auto-generated in this pass (requires side-chain donor/acceptor role assignment)
19184,b4_excluded_nonstandard_bond,bond_based,bond constraint 'SCSC' not auto-generated in this pass (requires side-chain donor/acceptor role assignment)
19070,b1_excluded_non_monomer,out_of_scope,"non-monomer complexity (dimer/multi-peptide) -- not a single-chain SMILES peptide, out of scope for this dataset"
19190,b4_excluded_nonstandard_bond,bond_based,bond constraint 'SCSC' not auto-generated in this pass (requires side-chain donor/acceptor role assignment)
19195,b2_excluded_unsupported_terminus,terminus_based,unsupported N-terminal modification 'OsC(O)' (only free amine or ACT acetylation supported)
19194,b2_excluded_unsupported_terminus,terminus_based,unsupported N-terminal modification 'CoC(O)' (only free amine or ACT acetylation supported)
19192,b4_excluded_nonstandard_bond,bond_based,bond constraint 'SCSC' not auto-generated in this pass (requires side-chain donor/acceptor role assignment)
19188,b4_excluded_nonstandard_bond,bond_based,bond constraint 'SCSC' not auto-generated in this pass (requires side-chain donor/acceptor role assignment)
19189,b4_excluded_nonstandard_bond,bond_based,bond constraint 'SCSC' not auto-generated in this pass (requires side-chain donor/acceptor role assignment)
19191,b4_excluded_nonstandard_bond,bond_based,bond constraint 'SCSC' not auto-generated in this pass (requires side-chain donor/acceptor role assignment)
19226,b2_excluded_unsupported_terminus,terminus_based,unsupported C-terminal modification 'NH-NH2' (only free acid or AMD amidation supported)
19224,b2_excluded_unsupported_terminus,terminus_based,unsupported N-terminal modification 'PEG 3' (only free amine or ACT acetylation supported)
19225,b2_excluded_unsupported_terminus,terminus_based,unsupported N-terminal modification 'GlcA' (only free amine or ACT acetylation supported)
19228,b1_excluded_non_monomer,out_of_scope,"non-monomer complexity (dimer/multi-peptide) -- not a single-chain SMILES peptide, out of scope for this dataset"
19227,b1_excluded_non_monomer,out_of_scope,"non-monomer complexity (dimer/multi-peptide) -- not a single-chain SMILES peptide, out of scope for this dataset"
19232,b1_excluded_non_monomer,out_of_scope,"non-monomer complexity (dimer/multi-peptide) -- not a single-chain SMILES peptide, out of scope for this dataset"
19231,b1_excluded_non_monomer,out_of_scope,"non-monomer complexity (dimer/multi-peptide) -- not a single-chain SMILES peptide, out of scope for this dataset"
19229,b1_excluded_non_monomer,out_of_scope,"non-monomer complexity (dimer/multi-peptide) -- not a single-chain SMILES peptide, out of scope for this dataset"
19230,b1_excluded_non_monomer,out_of_scope,"non-monomer complexity (dimer/multi-peptide) -- not a single-chain SMILES peptide, out of scope for this dataset"
19266,b2_excluded_unsupported_terminus,terminus_based,unsupported N-terminal modification 'PcC(O)Zn' (only free amine or ACT acetylation supported)
19265,b2_excluded_unsupported_terminus,terminus_based,unsupported N-terminal modification 'PcC(O)Zn' (only free amine or ACT acetylation supported)
19260,b3_excluded_residue_no_smiles,residue_based,position 7 ('HTyr'): unknown residue code 'HTyr': no match in p2smi database (checked Code='HTYR')
19262,b3_excluded_residue_no_smiles,residue_based,position 9 ('S-ALA-4-pen'): unknown residue code 'S-ALA-4-pen': no match in p2smi database (checked Code='S-ALA-4-PEN'); position 13 ('S-ALA-4-pen'): unknown residue code 'S-ALA-4-pen': no match in p2smi database (checked Code='S-ALA-4-PEN'); position 24 ('S-ALA-4-pen'): unknown residue code 'S-ALA-4-pen': no match in p2smi database (checked Code='S-ALA-4-PEN'); position 28 ('S-ALA-4-pen'): unknown residue code 'S-ALA-4-pen': no match in p2smi database (checked Code='S-ALA-4-PEN')
19267,b2_excluded_unsupported_terminus,terminus_based,unsupported N-terminal modification 'PcC(O)Zn' (only free amine or ACT acetylation supported)
19259,b3_excluded_residue_no_smiles,residue_based,position 7 ('HTyr'): unknown residue code 'HTyr': no match in p2smi database (checked Code='HTYR')
19268,b3_excluded_residue_no_smiles,residue_based,position 6 ('R-ALA-7-oct'): unknown residue code 'R-ALA-7-oct': no match in p2smi database (checked Code='R-ALA-7-OCT'); position 13 ('S-ALA-4-pen'): unknown residue code 'S-ALA-4-pen': no match in p2smi database (checked Code='S-ALA-4-PEN'); position 21 ('R-ALA-7-oct'): unknown residue code 'R-ALA-7-oct': no match in p2smi database (checked Code='R-ALA-7-OCT'); position 28 ('S-ALA-4-pen'): unknown residue code 'S-ALA-4-pen': no match in p2smi database (checked Code='S-ALA-4-PEN')
19275,b3_excluded_residue_no_smiles,residue_based,position 6 ('R-ALA-7-oct'): unknown residue code 'R-ALA-7-oct': no match in p2smi database (checked Code='R-ALA-7-OCT'); position 13 ('S-ALA-4-pen'): unknown residue code 'S-ALA-4-pen': no match in p2smi database (checked Code='S-ALA-4-PEN'); position 24 ('S-ALA-4-pen'): unknown residue code 'S-ALA-4-pen': no match in p2smi database (checked Code='S-ALA-4-PEN'); position 28 ('S-ALA-4-pen'): unknown residue code 'S-ALA-4-pen': no match in p2smi database (checked Code='S-ALA-4-PEN')
19282,b3_excluded_residue_no_smiles,residue_based,position 31 ('CYS-PEG12-Chol'): unknown residue code 'CYS-PEG12-Chol': no match in p2smi database (checked Code='CYS-PEG12-CHOL')
19280,b3_excluded_residue_no_smiles,residue_based,position 27 ('CYS-PEG12-Chol'): unknown residue code 'CYS-PEG12-Chol': no match in p2smi database (checked Code='CYS-PEG12-CHOL')
19281,b3_excluded_residue_no_smiles,residue_based,position 31 ('CYS-PEG12-Chol'): unknown residue code 'CYS-PEG12-Chol': no match in p2smi database (checked Code='CYS-PEG12-CHOL')
19278,b3_excluded_residue_no_smiles,residue_based,position 21 ('CYS-PEG4-Chol'): unknown residue code 'CYS-PEG4-Chol': no match in p2smi database (checked Code='CYS-PEG4-CHOL')
19277,b3_excluded_residue_no_smiles,residue_based,position 31 ('CYS-PEG4-Chol'): unknown residue code 'CYS-PEG4-Chol': no match in p2smi database (checked Code='CYS-PEG4-CHOL')
19279,b3_excluded_residue_no_smiles,residue_based,position 27 ('CYS-PEG4-Chol'): unknown residue code 'CYS-PEG4-Chol': no match in p2smi database (checked Code='CYS-PEG4-CHOL')
19274,b3_excluded_residue_no_smiles,residue_based,position 9 ('S-ALA-4-pen'): unknown residue code 'S-ALA-4-pen': no match in p2smi database (checked Code='S-ALA-4-PEN'); position 13 ('S-ALA-4-pen'): unknown residue code 'S-ALA-4-pen': no match in p2smi database (checked Code='S-ALA-4-PEN'); position 21 ('R-ALA-7-oct'): unknown residue code 'R-ALA-7-oct': no match in p2smi database (checked Code='R-ALA-7-OCT'); position 28 ('S-ALA-4-pen'): unknown residue code 'S-ALA-4-pen': no match in p2smi database (checked Code='S-ALA-4-PEN')
19323,b3_excluded_residue_no_smiles,residue_based,position 9 ('LYS-C6'): unknown residue code 'LYS-C6': no match in p2smi database (checked Code='LYS-C6')
19337,b3_excluded_residue_no_smiles,residue_based,position 9 ('LYS-C24'): unknown residue code 'LYS-C24': no match in p2smi database (checked Code='LYS-C24')
19335,b3_excluded_residue_no_smiles,residue_based,position 9 ('LYS-C18'): unknown residue code 'LYS-C18': no match in p2smi database (checked Code='LYS-C18')
19328,b1_excluded_non_monomer,out_of_scope,"non-monomer complexity (dimer/multi-peptide) -- not a single-chain SMILES peptide, out of scope for this dataset"
19334,b1_excluded_non_monomer,out_of_scope,"non-monomer complexity (dimer/multi-peptide) -- not a single-chain SMILES peptide, out of scope for this dataset"
19326,b1_excluded_non_monomer,out_of_scope,"non-monomer complexity (dimer/multi-peptide) -- not a single-chain SMILES peptide, out of scope for this dataset"
19332,b1_excluded_non_monomer,out_of_scope,"non-monomer complexity (dimer/multi-peptide) -- not a single-chain SMILES peptide, out of scope for this dataset"
19330,b1_excluded_non_monomer,out_of_scope,"non-monomer complexity (dimer/multi-peptide) -- not a single-chain SMILES peptide, out of scope for this dataset"
19336,b1_excluded_non_monomer,out_of_scope,"non-monomer complexity (dimer/multi-peptide) -- not a single-chain SMILES peptide, out of scope for this dataset"
19338,b1_excluded_non_monomer,out_of_scope,"non-monomer complexity (dimer/multi-peptide) -- not a single-chain SMILES peptide, out of scope for this dataset"
19346,b1_excluded_non_monomer,out_of_scope,"non-monomer complexity (dimer/multi-peptide) -- not a single-chain SMILES peptide, out of scope for this dataset"
19350,b1_excluded_non_monomer,out_of_scope,"non-monomer complexity (dimer/multi-peptide) -- not a single-chain SMILES peptide, out of scope for this dataset"
19342,b1_excluded_non_monomer,out_of_scope,"non-monomer complexity (dimer/multi-peptide) -- not a single-chain SMILES peptide, out of scope for this dataset"
19447,b1_excluded_non_monomer,out_of_scope,"non-monomer complexity (dimer/multi-peptide) -- not a single-chain SMILES peptide, out of scope for this dataset"
19546,b2_excluded_unsupported_terminus,terminus_based,unsupported N-terminal modification '3-OH-C10' (only free amine or ACT acetylation supported)
19547,b2_excluded_unsupported_terminus,terminus_based,unsupported N-terminal modification '3-OH-C10' (only free amine or ACT acetylation supported)
19550,b2_excluded_unsupported_terminus,terminus_based,unsupported N-terminal modification 'D-OPhe' (only free amine or ACT acetylation supported)
19558,b2_excluded_unsupported_terminus,terminus_based,unsupported N-terminal modification 'D-OPhe' (only free amine or ACT acetylation supported)
19565,b3_excluded_residue_no_smiles,residue_based,position 1 ('Sar'): unknown residue code 'Sar': no match in p2smi database (checked Code='SAR'); position 2 ('O-Me-D-Tyr'): unknown residue code 'O-Me-D-Tyr': no match in p2smi database (checked Code='O-ME-D-TYR'); position 3 ('Allo-ILE'): unknown residue code 'Allo-ILE': no match in p2smi database (checked Code='ALLO-ILE'); position 4 ('Sar'): unknown residue code 'Sar': no match in p2smi database (checked Code='SAR'); position 5 ('O-Me-D-Tyr'): unknown residue code 'O-Me-D-Tyr': no match in p2smi database (checked Code='O-ME-D-TYR'); position 6 ('Allo-ILE'): unknown residue code 'Allo-ILE': no match in p2smi database (checked Code='ALLO-ILE')
19561,b2_excluded_unsupported_terminus,terminus_based,unsupported N-terminal modification '13-Me-(E)2-C14' (only free amine or ACT acetylation supported)
19559,b2_excluded_unsupported_terminus,terminus_based,unsupported N-terminal modification 'D-OPhe' (only free amine or ACT acetylation supported)
19568,b2_excluded_unsupported_terminus,terminus_based,unsupported N-terminal modification 'Pyr' (only free amine or ACT acetylation supported)
19567,b2_excluded_unsupported_terminus,terminus_based,unsupported N-terminal modification 'D-OVal' (only free amine or ACT acetylation supported)
19596,b1_excluded_non_monomer,out_of_scope,"non-monomer complexity (dimer/multi-peptide) -- not a single-chain SMILES peptide, out of scope for this dataset"
19631,b2_excluded_unsupported_terminus,terminus_based,unsupported C-terminal modification 'C12H25-NH2' (only free acid or AMD amidation supported)
19658,b4_excluded_nonstandard_bond,bond_based,bond constraint 'SCNT_OR_SCCT' not auto-generated in this pass (requires side-chain donor/acceptor role assignment)
19656,b4_excluded_nonstandard_bond,bond_based,bond constraint 'SCNT_OR_SCCT' not auto-generated in this pass (requires side-chain donor/acceptor role assignment)
19659,b2_excluded_unsupported_terminus,terminus_based,unsupported N-terminal modification 'C10' (only free amine or ACT acetylation supported)
19657,b4_excluded_nonstandard_bond,bond_based,bond constraint 'SCNT_OR_SCCT' not auto-generated in this pass (requires side-chain donor/acceptor role assignment)
19661,b2_excluded_unsupported_terminus,terminus_based,unsupported N-terminal modification 'C14' (only free amine or ACT acetylation supported)
19660,b2_excluded_unsupported_terminus,terminus_based,unsupported N-terminal modification 'C12' (only free amine or ACT acetylation supported)
19664,b2_excluded_unsupported_terminus,terminus_based,unsupported N-terminal modification 'C14' (only free amine or ACT acetylation supported)
19662,b2_excluded_unsupported_terminus,terminus_based,unsupported N-terminal modification 'C10' (only free amine or ACT acetylation supported)
19665,b2_excluded_unsupported_terminus,terminus_based,unsupported N-terminal modification 'C10' (only free amine or ACT acetylation supported)
19663,b2_excluded_unsupported_terminus,terminus_based,unsupported N-terminal modification 'C12' (only free amine or ACT acetylation supported)
19666,b2_excluded_unsupported_terminus,terminus_based,unsupported N-terminal modification 'C12' (only free amine or ACT acetylation supported)
19633,b1_excluded_non_monomer,out_of_scope,"non-monomer complexity (dimer/multi-peptide) -- not a single-chain SMILES peptide, out of scope for this dataset"
19667,b2_excluded_unsupported_terminus,terminus_based,unsupported N-terminal modification 'C14' (only free amine or ACT acetylation supported)
19708,b2_excluded_unsupported_terminus,terminus_based,unsupported N-terminal modification 'D-OVal' (only free amine or ACT acetylation supported)
19709,b2_excluded_unsupported_terminus,terminus_based,unsupported N-terminal modification 'D-OVal' (only free amine or ACT acetylation supported)
19711,b2_excluded_unsupported_terminus,terminus_based,unsupported N-terminal modification '3-OH-7-Me-C8' (only free amine or ACT acetylation supported)
19710,b2_excluded_unsupported_terminus,terminus_based,unsupported N-terminal modification '3-OH-5-Me-C6' (only free amine or ACT acetylation supported)
19714,b2_excluded_unsupported_terminus,terminus_based,unsupported N-terminal modification 'D-OIle' (only free amine or ACT acetylation supported)
19716,b3_excluded_residue_no_smiles,residue_based,position 4 ('DIP'): unknown residue code 'DIP': no match in p2smi database (checked Code='DIP'); position 5 ('DIP'): unknown residue code 'DIP': no match in p2smi database (checked Code='DIP'); position 6 ('DIP'): unknown residue code 'DIP': no match in p2smi database (checked Code='DIP')
19720,b2_excluded_unsupported_terminus,terminus_based,unsupported N-terminal modification '3-OH-C10' (only free amine or ACT acetylation supported)
19715,b3_excluded_residue_no_smiles,residue_based,position 4 ('DIP'): unknown residue code 'DIP': no match in p2smi database (checked Code='DIP'); position 5 ('DIP'): unknown residue code 'DIP': no match in p2smi database (checked Code='DIP'); position 6 ('DIP'): unknown residue code 'DIP': no match in p2smi database (checked Code='DIP')
19723,b3_excluded_residue_no_smiles,residue_based,position 5 ('DIP'): unknown residue code 'DIP': no match in p2smi database (checked Code='DIP'); position 6 ('DIP'): unknown residue code 'DIP': no match in p2smi database (checked Code='DIP'); position 7 ('DIP'): unknown residue code 'DIP': no match in p2smi database (checked Code='DIP'); position 8 ('DIP'): unknown residue code 'DIP': no match in p2smi database (checked Code='DIP')
19724,b3_excluded_residue_no_smiles,residue_based,position 5 ('DIP'): unknown residue code 'DIP': no match in p2smi database (checked Code='DIP'); position 6 ('DIP'): unknown residue code 'DIP': no match in p2smi database (checked Code='DIP'); position 7 ('DIP'): unknown residue code 'DIP': no match in p2smi database (checked Code='DIP'); position 8 ('DIP'): unknown residue code 'DIP': no match in p2smi database (checked Code='DIP')
19717,b2_excluded_unsupported_terminus,terminus_based,unsupported N-terminal modification '3-OH-14-Me-C15' (only free amine or ACT acetylation supported)
19735,b2_excluded_unsupported_terminus,terminus_based,unsupported N-terminal modification '5-OH-C14' (only free amine or ACT acetylation supported)
19740,b3_excluded_residue_no_smiles,residue_based,position 5 ('DIP'): unknown residue code 'DIP': no match in p2smi database (checked Code='DIP'); position 6 ('DIP'): unknown residue code 'DIP': no match in p2smi database (checked Code='DIP')
19736,b3_excluded_residue_no_smiles,residue_based,position 5 ('DIP'): unknown residue code 'DIP': no match in p2smi database (checked Code='DIP'); position 6 ('DIP'): unknown residue code 'DIP': no match in p2smi database (checked Code='DIP'); position 7 ('DIP'): unknown residue code 'DIP': no match in p2smi database (checked Code='DIP')
19745,b3_excluded_residue_no_smiles,residue_based,position 6 ('DIP'): unknown residue code 'DIP': no match in p2smi database (checked Code='DIP'); position 7 ('DIP'): unknown residue code 'DIP': no match in p2smi database (checked Code='DIP'); position 8 ('DIP'): unknown residue code 'DIP': no match in p2smi database (checked Code='DIP')
19737,b3_excluded_residue_no_smiles,residue_based,position 5 ('DIP'): unknown residue code 'DIP': no match in p2smi database (checked Code='DIP'); position 6 ('DIP'): unknown residue code 'DIP': no match in p2smi database (checked Code='DIP'); position 7 ('DIP'): unknown residue code 'DIP': no match in p2smi database (checked Code='DIP')
19741,b3_excluded_residue_no_smiles,residue_based,position 5 ('DIP'): unknown residue code 'DIP': no match in p2smi database (checked Code='DIP'); position 6 ('DIP'): unknown residue code 'DIP': no match in p2smi database (checked Code='DIP')
19744,b3_excluded_residue_no_smiles,residue_based,position 6 ('DIP'): unknown residue code 'DIP': no match in p2smi database (checked Code='DIP'); position 7 ('DIP'): unknown residue code 'DIP': no match in p2smi database (checked Code='DIP'); position 8 ('DIP'): unknown residue code 'DIP': no match in p2smi database (checked Code='DIP')
19750,b3_excluded_residue_no_smiles,residue_based,position 2 ('DHB'): unknown residue code 'DHB': no match in p2smi database (checked Code='DHB'); position 7 ('DHB'): unknown residue code 'DHB': no match in p2smi database (checked Code='DHB'); position 22 ('DHA'): unknown residue code 'DHA': no match in p2smi database (checked Code='DHA')
19753,b3_excluded_residue_no_smiles,residue_based,position 2 ('DIP'): unknown residue code 'DIP': no match in p2smi database (checked Code='DIP'); position 5 ('DIP'): unknown residue code 'DIP': no match in p2smi database (checked Code='DIP'); position 6 ('DIP'): unknown residue code 'DIP': no match in p2smi database (checked Code='DIP')
19751,b3_excluded_residue_no_smiles,residue_based,position 6 ('DIP'): unknown residue code 'DIP': no match in p2smi database (checked Code='DIP'); position 7 ('DIP'): unknown residue code 'DIP': no match in p2smi database (checked Code='DIP'); position 8 ('DIP'): unknown residue code 'DIP': no match in p2smi database (checked Code='DIP')
19749,b3_excluded_residue_no_smiles,residue_based,position 5 ('DIP'): unknown residue code 'DIP': no match in p2smi database (checked Code='DIP'); position 6 ('DIP'): unknown residue code 'DIP': no match in p2smi database (checked Code='DIP'); position 7 ('DIP'): unknown residue code 'DIP': no match in p2smi database (checked Code='DIP')
19754,b3_excluded_residue_no_smiles,residue_based,position 2 ('DIP'): unknown residue code 'DIP': no match in p2smi database (checked Code='DIP'); position 5 ('DIP'): unknown residue code 'DIP': no match in p2smi database (checked Code='DIP'); position 6 ('DIP'): unknown residue code 'DIP': no match in p2smi database (checked Code='DIP')
19752,b3_excluded_residue_no_smiles,residue_based,position 6 ('DIP'): unknown residue code 'DIP': no match in p2smi database (checked Code='DIP'); position 7 ('DIP'): unknown residue code 'DIP': no match in p2smi database (checked Code='DIP'); position 8 ('DIP'): unknown residue code 'DIP': no match in p2smi database (checked Code='DIP')
19756,b3_excluded_residue_no_smiles,residue_based,position 3 ('DIP'): unknown residue code 'DIP': no match in p2smi database (checked Code='DIP'); position 4 ('DIP'): unknown residue code 'DIP': no match in p2smi database (checked Code='DIP'); position 7 ('DIP'): unknown residue code 'DIP': no match in p2smi database (checked Code='DIP')
19748,b3_excluded_residue_no_smiles,residue_based,position 5 ('DIP'): unknown residue code 'DIP': no match in p2smi database (checked Code='DIP'); position 6 ('DIP'): unknown residue code 'DIP': no match in p2smi database (checked Code='DIP'); position 7 ('DIP'): unknown residue code 'DIP': no match in p2smi database (checked Code='DIP')
19755,b2_excluded_unsupported_terminus,terminus_based,unsupported C-terminal modification 'PEA' (only free acid or AMD amidation supported)
19757,b3_excluded_residue_no_smiles,residue_based,position 3 ('DIP'): unknown residue code 'DIP': no match in p2smi database (checked Code='DIP'); position 4 ('DIP'): unknown residue code 'DIP': no match in p2smi database (checked Code='DIP'); position 7 ('DIP'): unknown residue code 'DIP': no match in p2smi database (checked Code='DIP')
19774,b2_excluded_unsupported_terminus,terminus_based,unsupported N-terminal modification '2-Me-C4' (only free amine or ACT acetylation supported)
19765,b2_excluded_unsupported_terminus,terminus_based,unsupported N-terminal modification 'C11' (only free amine or ACT acetylation supported)
19796,b3_excluded_residue_no_smiles,residue_based,position 11 ('DHB'): unknown residue code 'DHB': no match in p2smi database (checked Code='DHB')
19791,b3_excluded_residue_no_smiles,residue_based,position 42 ('CYS-Aea-PEG24-Chol'): unknown residue code 'CYS-Aea-PEG24-Chol': no match in p2smi database (checked Code='CYS-AEA-PEG24-CHOL')
19794,b3_excluded_residue_no_smiles,residue_based,position 9 ('DHB'): unknown residue code 'DHB': no match in p2smi database (checked Code='DHB')
19789,b3_excluded_residue_no_smiles,residue_based,position 42 ('CYS-Chol'): unknown residue code 'CYS-Chol': no match in p2smi database (checked Code='CYS-CHOL')
19795,b3_excluded_residue_no_smiles,residue_based,position 10 ('DHB'): unknown residue code 'DHB': no match in p2smi database (checked Code='DHB')
19790,b3_excluded_residue_no_smiles,residue_based,position 42 ('CYS-PEG4-Chol'): unknown residue code 'CYS-PEG4-Chol': no match in p2smi database (checked Code='CYS-PEG4-CHOL')
19793,b3_excluded_residue_no_smiles,residue_based,position 1 ('CYS-PEG4-Chol'): unknown residue code 'CYS-PEG4-Chol': no match in p2smi database (checked Code='CYS-PEG4-CHOL')
19792,b3_excluded_residue_no_smiles,residue_based,position 1 ('CYS-Chol'): unknown residue code 'CYS-Chol': no match in p2smi database (checked Code='CYS-CHOL')
19797,b3_excluded_residue_no_smiles,residue_based,position 12 ('DHB'): unknown residue code 'DHB': no match in p2smi database (checked Code='DHB')
19798,b3_excluded_residue_no_smiles,residue_based,position 5 ('DHA'): unknown residue code 'DHA': no match in p2smi database (checked Code='DHA'); position 14 ('DHB'): unknown residue code 'DHB': no match in p2smi database (checked Code='DHB')
19803,b3_excluded_residue_no_smiles,residue_based,position 5 ('DHA'): unknown residue code 'DHA': no match in p2smi database (checked Code='DHA')
19816,b3_excluded_residue_no_smiles,residue_based,position 12 ('DHB'): unknown residue code 'DHB': no match in p2smi database (checked Code='DHB'); position 19 ('10-Adc'): unknown residue code '10-Adc': no match in p2smi database (checked Code='10-ADC')
19799,b3_excluded_residue_no_smiles,residue_based,position 5 ('DHA'): unknown residue code 'DHA': no match in p2smi database (checked Code='DHA'); position 14 ('DHB'): unknown residue code 'DHB': no match in p2smi database (checked Code='DHB')
19801,b3_excluded_residue_no_smiles,residue_based,position 14 ('DHB'): unknown residue code 'DHB': no match in p2smi database (checked Code='DHB')
19802,b3_excluded_residue_no_smiles,residue_based,position 14 ('DHB'): unknown residue code 'DHB': no match in p2smi database (checked Code='DHB')
19812,b3_excluded_residue_no_smiles,residue_based,position 22 ('10-Adc'): unknown residue code '10-Adc': no match in p2smi database (checked Code='10-ADC')
19813,b2_excluded_unsupported_terminus,terminus_based,unsupported C-terminal modification 'C12H25-NH2' (only free acid or AMD amidation supported)
19808,b2_excluded_unsupported_terminus,terminus_based,unsupported N-terminal modification '4-Me-C6' (only free amine or ACT acetylation supported)
19805,b3_excluded_residue_no_smiles,residue_based,position 5 ('DHA'): unknown residue code 'DHA': no match in p2smi database (checked Code='DHA')
19811,b3_excluded_residue_no_smiles,residue_based,position 22 ('8-Aoc'): unknown residue code '8-Aoc': no match in p2smi database (checked Code='8-AOC')
19804,b3_excluded_residue_no_smiles,residue_based,position 5 ('DHA'): unknown residue code 'DHA': no match in p2smi database (checked Code='DHA')
19807,b4_excluded_nonstandard_bond,bond_based,4 intrachain bonds present -- multi-bond (e.g. multiply-bridged / bicyclic) peptides are out of scope for automated generation in this pass
19800,b3_excluded_residue_no_smiles,residue_based,position 5 ('DHA'): unknown residue code 'DHA': no match in p2smi database (checked Code='DHA'); position 14 ('DHB'): unknown residue code 'DHB': no match in p2smi database (checked Code='DHB')
19817,b2_excluded_unsupported_terminus,terminus_based,unsupported C-terminal modification 'C12H25-NH2' (only free acid or AMD amidation supported)
19810,b4_excluded_nonstandard_bond,bond_based,Methyl lanthionine (thioether crosslink) -- p2smi has no thioether bond generator
19806,b3_excluded_residue_no_smiles,residue_based,position 5 ('DHA'): unknown residue code 'DHA': no match in p2smi database (checked Code='DHA'); position 14 ('DHB'): unknown residue code 'DHB': no match in p2smi database (checked Code='DHB')
19814,b3_excluded_residue_no_smiles,residue_based,position 12 ('DHB'): unknown residue code 'DHB': no match in p2smi database (checked Code='DHB')
19815,b3_excluded_residue_no_smiles,residue_based,position 12 ('DHB'): unknown residue code 'DHB': no match in p2smi database (checked Code='DHB'); position 19 ('8-Aoc'): unknown residue code '8-Aoc': no match in p2smi database (checked Code='8-AOC')
19809,b2_excluded_unsupported_terminus,terminus_based,unsupported N-terminal modification '4-Me-C6' (only free amine or ACT acetylation supported)
19824,b2_excluded_unsupported_terminus,terminus_based,unsupported N-terminal modification '3-OH-C10' (only free amine or ACT acetylation supported)
19823,b2_excluded_unsupported_terminus,terminus_based,unsupported N-terminal modification '3-OH-C8' (only free amine or ACT acetylation supported)
19822,b2_excluded_unsupported_terminus,terminus_based,unsupported N-terminal modification '3-OH-C8' (only free amine or ACT acetylation supported)
19964,b3_excluded_residue_no_smiles,residue_based,position 2 ('DHB'): unknown residue code 'DHB': no match in p2smi database (checked Code='DHB'); position 4 ('5-Cl-TRP'): unknown residue code '5-Cl-TRP': no match in p2smi database (checked Code='5-CL-TRP'); position 5 ('DHA'): unknown residue code 'DHA': no match in p2smi database (checked Code='DHA'); position 14 ('4-HYP'): unknown residue code '4-HYP': no match in p2smi database (checked Code='4-HYP')
19999,b3_excluded_residue_no_smiles,residue_based,position 1 ('βALA'): unknown residue code 'βALA': no match in p2smi database (checked Code='ΒALA')
19990,b2_excluded_unsupported_terminus,terminus_based,unsupported N-terminal modification 'Naproxen' (only free amine or ACT acetylation supported)
19959,b1_excluded_non_monomer,out_of_scope,"non-monomer complexity (dimer/multi-peptide) -- not a single-chain SMILES peptide, out of scope for this dataset"
20036,b4_excluded_nonstandard_bond,bond_based,2 intrachain bonds present -- multi-bond (e.g. multiply-bridged / bicyclic) peptides are out of scope for automated generation in this pass
20038,b2_excluded_unsupported_terminus,terminus_based,unsupported N-terminal modification 'OVal' (only free amine or ACT acetylation supported)
20037,b4_excluded_nonstandard_bond,bond_based,2 intrachain bonds present -- multi-bond (e.g. multiply-bridged / bicyclic) peptides are out of scope for automated generation in this pass
20035,b4_excluded_nonstandard_bond,bond_based,2 intrachain bonds present -- multi-bond (e.g. multiply-bridged / bicyclic) peptides are out of scope for automated generation in this pass
20039,b2_excluded_unsupported_terminus,terminus_based,unsupported N-terminal modification 'OVal' (only free amine or ACT acetylation supported)
19956,b1_excluded_non_monomer,out_of_scope,"non-monomer complexity (dimer/multi-peptide) -- not a single-chain SMILES peptide, out of scope for this dataset"
20063,b2_excluded_unsupported_terminus,terminus_based,unsupported N-terminal modification 'LA' (only free amine or ACT acetylation supported)
20064,b2_excluded_unsupported_terminus,terminus_based,unsupported N-terminal modification 'LA' (only free amine or ACT acetylation supported)
20082,b2_excluded_unsupported_terminus,terminus_based,unsupported N-terminal modification 'Naproxen' (only free amine or ACT acetylation supported)
20119,b3_excluded_residue_no_smiles,residue_based,position 3 ('iPr-Lys'): unknown residue code 'iPr-Lys': no match in p2smi database (checked Code='IPR-LYS'); position 5 ('2-NAL'): unknown residue code '2-NAL': no match in p2smi database (checked Code='2-NAL'); position 8 ('iPr-Lys'): unknown residue code 'iPr-Lys': no match in p2smi database (checked Code='IPR-LYS')
20129,b1_excluded_non_monomer,out_of_scope,"non-monomer complexity (dimer/multi-peptide) -- not a single-chain SMILES peptide, out of scope for this dataset"
20125,b1_excluded_non_monomer,out_of_scope,"non-monomer complexity (dimer/multi-peptide) -- not a single-chain SMILES peptide, out of scope for this dataset"
20127,b1_excluded_non_monomer,out_of_scope,"non-monomer complexity (dimer/multi-peptide) -- not a single-chain SMILES peptide, out of scope for this dataset"
20131,b1_excluded_non_monomer,out_of_scope,"non-monomer complexity (dimer/multi-peptide) -- not a single-chain SMILES peptide, out of scope for this dataset"
20210,b3_excluded_residue_no_smiles,residue_based,position 1 ('TERT BU TRP'): unknown residue code 'TERT BU TRP': no match in p2smi database (checked Code='TERT BU TRP')
20133,b1_excluded_non_monomer,out_of_scope,"non-monomer complexity (dimer/multi-peptide) -- not a single-chain SMILES peptide, out of scope for this dataset"
20223,b3_excluded_residue_no_smiles,residue_based,"position 1 ('D-LYS-C10'): unknown residue code 'D-LYS-C10': no match in p2smi database (checked Code='LYS-C10'); position 7 ('g'): unresolved residue character, no unusualAminoAcids annotation covers this position"
20217,b3_excluded_residue_no_smiles,residue_based,position 10 ('D-LYS-C10'): unknown residue code 'D-LYS-C10': no match in p2smi database (checked Code='LYS-C10')
20220,b3_excluded_residue_no_smiles,residue_based,position 10 ('D-LYS-C10'): unknown residue code 'D-LYS-C10': no match in p2smi database (checked Code='LYS-C10')
20222,b3_excluded_residue_no_smiles,residue_based,"position 1 ('D-LYS-C6'): unknown residue code 'D-LYS-C6': no match in p2smi database (checked Code='LYS-C6'); position 7 ('g'): unresolved residue character, no unusualAminoAcids annotation covers this position"
20228,b3_excluded_residue_no_smiles,residue_based,"position 1 ('OMe-Trp'): unknown residue code 'OMe-Trp': no match in p2smi database (checked Code='OME-TRP'); position 6 ('g'): unresolved residue character, no unusualAminoAcids annotation covers this position"
20230,b3_excluded_residue_no_smiles,residue_based,"position 1 ('6-F-TRP'): unknown residue code '6-F-TRP': no match in p2smi database (checked Code='6-F-TRP'); position 6 ('g'): unresolved residue character, no unusualAminoAcids annotation covers this position"
20229,b3_excluded_residue_no_smiles,residue_based,"position 1 ('β-BzThi-Ala'): unknown residue code 'β-BzThi-Ala': no match in p2smi database (checked Code='Β-BZTHI-ALA'); position 6 ('g'): unresolved residue character, no unusualAminoAcids annotation covers this position"
20286,b3_excluded_residue_no_smiles,residue_based,position 11 ('Asn(GlcNAc) '): unknown residue code 'Asn(GlcNAc) ': no match in p2smi database (checked Code='ASN(GLCNAC)')
20285,b3_excluded_residue_no_smiles,residue_based,position 1 ('Asn(GlcNAc) '): unknown residue code 'Asn(GlcNAc) ': no match in p2smi database (checked Code='ASN(GLCNAC)')
20296,b4_excluded_nonstandard_bond,bond_based,2 intrachain bonds present -- multi-bond (e.g. multiply-bridged / bicyclic) peptides are out of scope for automated generation in this pass
20315,b1_excluded_non_monomer,out_of_scope,"non-monomer complexity (dimer/multi-peptide) -- not a single-chain SMILES peptide, out of scope for this dataset"
20415,b1_excluded_non_monomer,out_of_scope,"non-monomer complexity (dimer/multi-peptide) -- not a single-chain SMILES peptide, out of scope for this dataset"
20421,b1_excluded_non_monomer,out_of_scope,"non-monomer complexity (dimer/multi-peptide) -- not a single-chain SMILES peptide, out of scope for this dataset"
20418,b1_excluded_non_monomer,out_of_scope,"non-monomer complexity (dimer/multi-peptide) -- not a single-chain SMILES peptide, out of scope for this dataset"
20412,b1_excluded_non_monomer,out_of_scope,"non-monomer complexity (dimer/multi-peptide) -- not a single-chain SMILES peptide, out of scope for this dataset"
20427,b1_excluded_non_monomer,out_of_scope,"non-monomer complexity (dimer/multi-peptide) -- not a single-chain SMILES peptide, out of scope for this dataset"
20424,b1_excluded_non_monomer,out_of_scope,"non-monomer complexity (dimer/multi-peptide) -- not a single-chain SMILES peptide, out of scope for this dataset"
20431,b1_excluded_non_monomer,out_of_scope,"non-monomer complexity (dimer/multi-peptide) -- not a single-chain SMILES peptide, out of scope for this dataset"
20437,b1_excluded_non_monomer,out_of_scope,"non-monomer complexity (dimer/multi-peptide) -- not a single-chain SMILES peptide, out of scope for this dataset"
20429,b1_excluded_non_monomer,out_of_scope,"non-monomer complexity (dimer/multi-peptide) -- not a single-chain SMILES peptide, out of scope for this dataset"
20433,b1_excluded_non_monomer,out_of_scope,"non-monomer complexity (dimer/multi-peptide) -- not a single-chain SMILES peptide, out of scope for this dataset"
20435,b1_excluded_non_monomer,out_of_scope,"non-monomer complexity (dimer/multi-peptide) -- not a single-chain SMILES peptide, out of scope for this dataset"
20439,b1_excluded_non_monomer,out_of_scope,"non-monomer complexity (dimer/multi-peptide) -- not a single-chain SMILES peptide, out of scope for this dataset"
20440,b1_excluded_non_monomer,out_of_scope,"non-monomer complexity (dimer/multi-peptide) -- not a single-chain SMILES peptide, out of scope for this dataset"
20478,b3_excluded_residue_no_smiles,residue_based,position 1 ('4-OH-Phg'): unknown residue code '4-OH-Phg': no match in p2smi database (checked Code='4-OH-PHG'); position 3 ('4-OH-Phg'): unknown residue code '4-OH-Phg': no match in p2smi database (checked Code='4-OH-PHG')
20449,b1_excluded_non_monomer,out_of_scope,"non-monomer complexity (dimer/multi-peptide) -- not a single-chain SMILES peptide, out of scope for this dataset"
20452,b1_excluded_non_monomer,out_of_scope,"non-monomer complexity (dimer/multi-peptide) -- not a single-chain SMILES peptide, out of scope for this dataset"
20451,b1_excluded_non_monomer,out_of_scope,"non-monomer complexity (dimer/multi-peptide) -- not a single-chain SMILES peptide, out of scope for this dataset"
20454,b1_excluded_non_monomer,out_of_scope,"non-monomer complexity (dimer/multi-peptide) -- not a single-chain SMILES peptide, out of scope for this dataset"
20509,b3_excluded_residue_no_smiles,residue_based,position 6 ('R-ALA-7-oct'): unknown residue code 'R-ALA-7-oct': no match in p2smi database (checked Code='R-ALA-7-OCT'); position 13 ('S-ALA-4-pen'): unknown residue code 'S-ALA-4-pen': no match in p2smi database (checked Code='S-ALA-4-PEN')
20456,b1_excluded_non_monomer,out_of_scope,"non-monomer complexity (dimer/multi-peptide) -- not a single-chain SMILES peptide, out of scope for this dataset"
20508,b3_excluded_residue_no_smiles,residue_based,position 13 ('R-ALA-7-oct'): unknown residue code 'R-ALA-7-oct': no match in p2smi database (checked Code='R-ALA-7-OCT'); position 20 ('S-ALA-4-pen'): unknown residue code 'S-ALA-4-pen': no match in p2smi database (checked Code='S-ALA-4-PEN')
20513,b3_excluded_residue_no_smiles,residue_based,position 14 ('DHB'): unknown residue code 'DHB': no match in p2smi database (checked Code='DHB')
20517,b3_excluded_residue_no_smiles,residue_based,position 8 ('LYS-C4'): unknown residue code 'LYS-C4': no match in p2smi database (checked Code='LYS-C4'); position 13 ('LYS-C4'): unknown residue code 'LYS-C4': no match in p2smi database (checked Code='LYS-C4')
20480,b1_excluded_non_monomer,out_of_scope,"non-monomer complexity (dimer/multi-peptide) -- not a single-chain SMILES peptide, out of scope for this dataset"
20516,b3_excluded_residue_no_smiles,residue_based,position 8 ('LYS-ACT'): unknown residue code 'LYS-ACT': no match in p2smi database (checked Code='LYS-ACT'); position 13 ('LYS-ACT'): unknown residue code 'LYS-ACT': no match in p2smi database (checked Code='LYS-ACT')
20518,b3_excluded_residue_no_smiles,residue_based,position 8 ('LYS-C6'): unknown residue code 'LYS-C6': no match in p2smi database (checked Code='LYS-C6'); position 13 ('LYS-C6'): unknown residue code 'LYS-C6': no match in p2smi database (checked Code='LYS-C6')
20525,b2_excluded_unsupported_terminus,terminus_based,unsupported N-terminal modification 'Pac' (only free amine or ACT acetylation supported)
20512,b3_excluded_residue_no_smiles,residue_based,position 14 ('DHB'): unknown residue code 'DHB': no match in p2smi database (checked Code='DHB')
20528,b3_excluded_residue_no_smiles,residue_based,position 16 ('CYS-PEG4-Chol'): unknown residue code 'CYS-PEG4-Chol': no match in p2smi database (checked Code='CYS-PEG4-CHOL')
20531,b2_excluded_unsupported_terminus,terminus_based,unsupported N-terminal modification 'C11' (only free amine or ACT acetylation supported)
20532,b2_excluded_unsupported_terminus,terminus_based,unsupported N-terminal modification 'C13' (only free amine or ACT acetylation supported)
20533,b2_excluded_unsupported_terminus,terminus_based,unsupported N-terminal modification 'C15' (only free amine or ACT acetylation supported)
20530,b3_excluded_residue_no_smiles,residue_based,position 1 ('CYS-PEG4-Chol'): unknown residue code 'CYS-PEG4-Chol': no match in p2smi database (checked Code='CYS-PEG4-CHOL')
20529,b3_excluded_residue_no_smiles,residue_based,position 1 ('CYS-PEG4-Chol'): unknown residue code 'CYS-PEG4-Chol': no match in p2smi database (checked Code='CYS-PEG4-CHOL')
20526,b3_excluded_residue_no_smiles,residue_based,position 1 ('MPro-HEMOAH'): unknown residue code 'MPro-HEMOAH': no match in p2smi database (checked Code='MPRO-HEMOAH'); position 2 ('4-Abz'): unknown residue code '4-Abz': no match in p2smi database (checked Code='4-ABZ')
20527,b1_excluded_non_monomer,out_of_scope,"non-monomer complexity (dimer/multi-peptide) -- not a single-chain SMILES peptide, out of scope for this dataset"
20592,b1_excluded_non_monomer,out_of_scope,"non-monomer complexity (dimer/multi-peptide) -- not a single-chain SMILES peptide, out of scope for this dataset"
20626,b2_excluded_unsupported_terminus,terminus_based,unsupported N-terminal modification 'FMOC' (only free amine or ACT acetylation supported)
20633,b3_excluded_residue_no_smiles,residue_based,position 1 ('THR-Cl'): unknown residue code 'THR-Cl': no match in p2smi database (checked Code='THR-CL'); position 3 ('5-Me-OPro'): unknown residue code '5-Me-OPro': no match in p2smi database (checked Code='5-ME-OPRO'); position 4 ('Sar'): unknown residue code 'Sar': no match in p2smi database (checked Code='SAR'); position 5 ('Me-Ala'): unknown residue code 'Me-Ala': no match in p2smi database (checked Code='ME-ALA')
20634,b3_excluded_residue_no_smiles,residue_based,position 3 ('3-OH-5-Me-Pro'): unknown residue code '3-OH-5-Me-Pro': no match in p2smi database (checked Code='3-OH-5-ME-PRO'); position 4 ('Sar'): unknown residue code 'Sar': no match in p2smi database (checked Code='SAR'); position 5 ('Me-Val'): unknown residue code 'Me-Val': no match in p2smi database (checked Code='ME-VAL')
20637,b3_excluded_residue_no_smiles,residue_based,position 3 ('5-Me-PRO'): unknown residue code '5-Me-PRO': no match in p2smi database (checked Code='5-ME-PRO'); position 4 ('Sar'): unknown residue code 'Sar': no match in p2smi database (checked Code='SAR'); position 5 ('Me-Val'): unknown residue code 'Me-Val': no match in p2smi database (checked Code='ME-VAL')
20636,b3_excluded_residue_no_smiles,residue_based,position 1 ('THR-OH'): unknown residue code 'THR-OH': no match in p2smi database (checked Code='THR-OH'); position 3 ('5-Me-OPro'): unknown residue code '5-Me-OPro': no match in p2smi database (checked Code='5-ME-OPRO'); position 4 ('Sar'): unknown residue code 'Sar': no match in p2smi database (checked Code='SAR'); position 5 ('Me-Ala'): unknown residue code 'Me-Ala': no match in p2smi database (checked Code='ME-ALA')
20649,b3_excluded_residue_no_smiles,residue_based,position 1 ('12-Guan-C12'): unknown residue code '12-Guan-C12': no match in p2smi database (checked Code='12-GUAN-C12'); position 2 ('DAP'): unknown residue code 'DAP': no match in p2smi database (checked Code='DAP'); position 3 ('DAP'): unknown residue code 'DAP': no match in p2smi database (checked Code='DAP'); position 4 ('DAP'): unknown residue code 'DAP': no match in p2smi database (checked Code='DAP')
20635,b1_excluded_non_monomer,out_of_scope,"non-monomer complexity (dimer/multi-peptide) -- not a single-chain SMILES peptide, out of scope for this dataset"
20638,b1_excluded_non_monomer,out_of_scope,"non-monomer complexity (dimer/multi-peptide) -- not a single-chain SMILES peptide, out of scope for this dataset"
20639,b1_excluded_non_monomer,out_of_scope,"non-monomer complexity (dimer/multi-peptide) -- not a single-chain SMILES peptide, out of scope for this dataset"
20688,b1_excluded_non_monomer,out_of_scope,"non-monomer complexity (dimer/multi-peptide) -- not a single-chain SMILES peptide, out of scope for this dataset"
20778,b2_excluded_unsupported_terminus,terminus_based,unsupported N-terminal modification 'C8' (only free amine or ACT acetylation supported)
20777,b2_excluded_unsupported_terminus,terminus_based,unsupported N-terminal modification 'C8' (only free amine or ACT acetylation supported)
20784,b2_excluded_unsupported_terminus,terminus_based,unsupported N-terminal modification 'C8' (only free amine or ACT acetylation supported)
20782,b2_excluded_unsupported_terminus,terminus_based,unsupported N-terminal modification 'C8' (only free amine or ACT acetylation supported)
20785,b2_excluded_unsupported_terminus,terminus_based,unsupported N-terminal modification 'C8' (only free amine or ACT acetylation supported)
20783,b2_excluded_unsupported_terminus,terminus_based,unsupported N-terminal modification 'C8' (only free amine or ACT acetylation supported)
20779,b2_excluded_unsupported_terminus,terminus_based,unsupported N-terminal modification 'C8' (only free amine or ACT acetylation supported)
20781,b2_excluded_unsupported_terminus,terminus_based,unsupported N-terminal modification 'C8' (only free amine or ACT acetylation supported)
20780,b2_excluded_unsupported_terminus,terminus_based,unsupported N-terminal modification 'C8' (only free amine or ACT acetylation supported)
20794,b3_excluded_residue_no_smiles,residue_based,position 1 ('βLYS'): unknown residue code 'βLYS': no match in p2smi database (checked Code='ΒLYS')
20817,b2_excluded_unsupported_terminus,terminus_based,unsupported N-terminal modification '3-OH-C10' (only free amine or ACT acetylation supported)
20828,b2_excluded_unsupported_terminus,terminus_based,unsupported N-terminal modification '3-OH-C14' (only free amine or ACT acetylation supported)
20829,b2_excluded_unsupported_terminus,terminus_based,unsupported N-terminal modification '3-OH-C14' (only free amine or ACT acetylation supported)
20830,b2_excluded_unsupported_terminus,terminus_based,unsupported N-terminal modification '3-OH-C15' (only free amine or ACT acetylation supported)
20831,b2_excluded_unsupported_terminus,terminus_based,unsupported N-terminal modification '3-OH-C15' (only free amine or ACT acetylation supported)
20795,b1_excluded_non_monomer,out_of_scope,"non-monomer complexity (dimer/multi-peptide) -- not a single-chain SMILES peptide, out of scope for this dataset"
20816,b1_excluded_non_monomer,out_of_scope,"non-monomer complexity (dimer/multi-peptide) -- not a single-chain SMILES peptide, out of scope for this dataset"
20845,b4_excluded_nonstandard_bond,bond_based,5 intrachain bonds present -- multi-bond (e.g. multiply-bridged / bicyclic) peptides are out of scope for automated generation in this pass
20848,b2_excluded_unsupported_terminus,terminus_based,unsupported N-terminal modification 'QUI' (only free amine or ACT acetylation supported)
20846,b2_excluded_unsupported_terminus,terminus_based,unsupported N-terminal modification '3-OH-QUA' (only free amine or ACT acetylation supported)
20859,b3_excluded_residue_no_smiles,residue_based,position 4 ('Allo-Thr'): unknown residue code 'Allo-Thr': no match in p2smi database (checked Code='ALLO-THR'); position 8 ('DHTrp'): unknown residue code 'DHTrp': no match in p2smi database (checked Code='DHTRP'); position 9 ('3-Me-Trp'): unknown residue code '3-Me-Trp': no match in p2smi database (checked Code='3-ME-TRP'); position 10 ('3-OH-Leu'): unknown residue code '3-OH-Leu': no match in p2smi database (checked Code='3-OH-LEU')
20865,b3_excluded_residue_no_smiles,residue_based,"position 4 ('Allo-Thr'): unknown residue code 'Allo-Thr': no match in p2smi database (checked Code='ALLO-THR'); position 7 ('3-Hyp'): unknown residue code '3-Hyp': no match in p2smi database (checked Code='3-HYP'); position 8 ('5-Me-DHTrp'): unknown residue code '5-Me-DHTrp': no match in p2smi database (checked Code='5-ME-DHTRP'); position 9 ('3,5-Me-Trp'): unknown residue code '3,5-Me-Trp': no match in p2smi database (checked Code='3,5-ME-TRP'); position 10 ('3-OH-Leu'): unknown residue code '3-OH-Leu': no match in p2smi database (checked Code='3-OH-LEU'); position 11 ('cis-3-Hyp'): unknown residue code 'cis-3-Hyp': no match in p2smi database (checked Code='CIS-3-HYP')"
20860,b3_excluded_residue_no_smiles,residue_based,position 4 ('Allo-Thr'): unknown residue code 'Allo-Thr': no match in p2smi database (checked Code='ALLO-THR'); position 8 ('DHTrp'): unknown residue code 'DHTrp': no match in p2smi database (checked Code='DHTRP'); position 9 ('3-Me-Trp'): unknown residue code '3-Me-Trp': no match in p2smi database (checked Code='3-ME-TRP'); position 10 ('3-OH-Leu'): unknown residue code '3-OH-Leu': no match in p2smi database (checked Code='3-OH-LEU'); position 11 ('cis-3-Hyp'): unknown residue code 'cis-3-Hyp': no match in p2smi database (checked Code='CIS-3-HYP')
20857,b3_excluded_residue_no_smiles,residue_based,position 4 ('Allo-Thr'): unknown residue code 'Allo-Thr': no match in p2smi database (checked Code='ALLO-THR'); position 7 ('3-Hyp'): unknown residue code '3-Hyp': no match in p2smi database (checked Code='3-HYP'); position 8 ('DHTrp'): unknown residue code 'DHTrp': no match in p2smi database (checked Code='DHTRP'); position 9 ('3-Me-Trp'): unknown residue code '3-Me-Trp': no match in p2smi database (checked Code='3-ME-TRP'); position 10 ('3-OH-Leu'): unknown residue code '3-OH-Leu': no match in p2smi database (checked Code='3-OH-LEU'); position 11 ('cis-3-Hyp'): unknown residue code 'cis-3-Hyp': no match in p2smi database (checked Code='CIS-3-HYP')
20862,b3_excluded_residue_no_smiles,residue_based,position 4 ('Allo-Thr'): unknown residue code 'Allo-Thr': no match in p2smi database (checked Code='ALLO-THR'); position 8 ('DHTrp'): unknown residue code 'DHTrp': no match in p2smi database (checked Code='DHTRP'); position 9 ('3-Me-Trp'): unknown residue code '3-Me-Trp': no match in p2smi database (checked Code='3-ME-TRP')
20863,b3_excluded_residue_no_smiles,residue_based,position 4 ('Allo-Thr'): unknown residue code 'Allo-Thr': no match in p2smi database (checked Code='ALLO-THR'); position 9 ('3-Me-Trp'): unknown residue code '3-Me-Trp': no match in p2smi database (checked Code='3-ME-TRP')
20858,b3_excluded_residue_no_smiles,residue_based,position 4 ('Allo-Thr'): unknown residue code 'Allo-Thr': no match in p2smi database (checked Code='ALLO-THR'); position 7 ('3-Hyp'): unknown residue code '3-Hyp': no match in p2smi database (checked Code='3-HYP'); position 8 ('DHTrp'): unknown residue code 'DHTrp': no match in p2smi database (checked Code='DHTRP'); position 9 ('3-Me-Trp'): unknown residue code '3-Me-Trp': no match in p2smi database (checked Code='3-ME-TRP'); position 10 ('3-OH-Leu'): unknown residue code '3-OH-Leu': no match in p2smi database (checked Code='3-OH-LEU')
20861,b3_excluded_residue_no_smiles,residue_based,position 4 ('Allo-Thr'): unknown residue code 'Allo-Thr': no match in p2smi database (checked Code='ALLO-THR'); position 9 ('3-Me-Trp'): unknown residue code '3-Me-Trp': no match in p2smi database (checked Code='3-ME-TRP'); position 10 ('3-OH-Leu'): unknown residue code '3-OH-Leu': no match in p2smi database (checked Code='3-OH-LEU')
20864,b3_excluded_residue_no_smiles,residue_based,position 4 ('Allo-Thr'): unknown residue code 'Allo-Thr': no match in p2smi database (checked Code='ALLO-THR'); position 7 ('3-Hyp'): unknown residue code '3-Hyp': no match in p2smi database (checked Code='3-HYP'); position 8 ('5-OH-DHTrp'): unknown residue code '5-OH-DHTrp': no match in p2smi database (checked Code='5-OH-DHTRP'); position 9 ('3-Me-5-OH-Trp'): unknown residue code '3-Me-5-OH-Trp': no match in p2smi database (checked Code='3-ME-5-OH-TRP'); position 10 ('3-OH-Leu'): unknown residue code '3-OH-Leu': no match in p2smi database (checked Code='3-OH-LEU'); position 11 ('cis-3-Hyp'): unknown residue code 'cis-3-Hyp': no match in p2smi database (checked Code='CIS-3-HYP')
20866,b3_excluded_residue_no_smiles,residue_based,position 4 ('Allo-Thr'): unknown residue code 'Allo-Thr': no match in p2smi database (checked Code='ALLO-THR'); position 7 ('3-Hyp'): unknown residue code '3-Hyp': no match in p2smi database (checked Code='3-HYP'); position 8 ('5-Ome-DHTrp'): unknown residue code '5-Ome-DHTrp': no match in p2smi database (checked Code='5-OME-DHTRP'); position 9 ('3-Me-5-Ome-Trp'): unknown residue code '3-Me-5-Ome-Trp': no match in p2smi database (checked Code='3-ME-5-OME-TRP'); position 10 ('3-OH-Leu'): unknown residue code '3-OH-Leu': no match in p2smi database (checked Code='3-OH-LEU'); position 11 ('cis-3-Hyp'): unknown residue code 'cis-3-Hyp': no match in p2smi database (checked Code='CIS-3-HYP')
20849,b1_excluded_non_monomer,out_of_scope,"non-monomer complexity (dimer/multi-peptide) -- not a single-chain SMILES peptide, out of scope for this dataset"
20877,b2_excluded_unsupported_terminus,terminus_based,unsupported N-terminal modification 'C7' (only free amine or ACT acetylation supported)
20876,b2_excluded_unsupported_terminus,terminus_based,unsupported N-terminal modification '6-Me-C7' (only free amine or ACT acetylation supported)
20878,b2_excluded_unsupported_terminus,terminus_based,unsupported N-terminal modification 'C8' (only free amine or ACT acetylation supported)
20881,b3_excluded_residue_no_smiles,residue_based,position 4 ('Allo-Thr'): unknown residue code 'Allo-Thr': no match in p2smi database (checked Code='ALLO-THR'); position 8 ('DHTrp'): unknown residue code 'DHTrp': no match in p2smi database (checked Code='DHTRP'); position 9 ('3-Me-Trp'): unknown residue code '3-Me-Trp': no match in p2smi database (checked Code='3-ME-TRP'); position 10 ('3-OH-Leu'): unknown residue code '3-OH-Leu': no match in p2smi database (checked Code='3-OH-LEU')
20882,b3_excluded_residue_no_smiles,residue_based,position 4 ('Allo-Thr'): unknown residue code 'Allo-Thr': no match in p2smi database (checked Code='ALLO-THR'); position 8 ('DHTrp'): unknown residue code 'DHTrp': no match in p2smi database (checked Code='DHTRP'); position 9 ('3-Me-Trp'): unknown residue code '3-Me-Trp': no match in p2smi database (checked Code='3-ME-TRP')
20879,b2_excluded_unsupported_terminus,terminus_based,unsupported N-terminal modification 'C12' (only free amine or ACT acetylation supported)
20850,b1_excluded_non_monomer,out_of_scope,"non-monomer complexity (dimer/multi-peptide) -- not a single-chain SMILES peptide, out of scope for this dataset"
20847,b1_excluded_non_monomer,out_of_scope,"non-monomer complexity (dimer/multi-peptide) -- not a single-chain SMILES peptide, out of scope for this dataset"
20880,b3_excluded_residue_no_smiles,residue_based,position 4 ('Allo-Thr'): unknown residue code 'Allo-Thr': no match in p2smi database (checked Code='ALLO-THR'); position 8 ('DHTrp'): unknown residue code 'DHTrp': no match in p2smi database (checked Code='DHTRP'); position 9 ('3-Me-Trp'): unknown residue code '3-Me-Trp': no match in p2smi database (checked Code='3-ME-TRP')
20886,b3_excluded_residue_no_smiles,residue_based,position 4 ('Allo-Thr'): unknown residue code 'Allo-Thr': no match in p2smi database (checked Code='ALLO-THR'); position 7 ('3-Hyp'): unknown residue code '3-Hyp': no match in p2smi database (checked Code='3-HYP'); position 8 ('DHTrp'): unknown residue code 'DHTrp': no match in p2smi database (checked Code='DHTRP'); position 9 ('D-3-Me-Trp'): unknown residue code 'D-3-Me-Trp': no match in p2smi database (checked Code='3-ME-TRP'); position 10 ('3-OH-Leu'): unknown residue code '3-OH-Leu': no match in p2smi database (checked Code='3-OH-LEU'); position 11 ('cis-3-Hyp'): unknown residue code 'cis-3-Hyp': no match in p2smi database (checked Code='CIS-3-HYP')
20892,b2_excluded_unsupported_terminus,terminus_based,unsupported N-terminal modification '8-Me-C10:2' (only free amine or ACT acetylation supported)
20891,b2_excluded_unsupported_terminus,terminus_based,unsupported N-terminal modification '8-Me-C9:2' (only free amine or ACT acetylation supported)
20898,b2_excluded_unsupported_terminus,terminus_based,unsupported N-terminal modification 'C10' (only free amine or ACT acetylation supported)
20896,b2_excluded_unsupported_terminus,terminus_based,unsupported N-terminal modification '3-OH-C10' (only free amine or ACT acetylation supported)
20897,b2_excluded_unsupported_terminus,terminus_based,unsupported N-terminal modification '3-OH-C10' (only free amine or ACT acetylation supported)
20899,b2_excluded_unsupported_terminus,terminus_based,unsupported N-terminal modification 'C10' (only free amine or ACT acetylation supported)
20905,b2_excluded_unsupported_terminus,terminus_based,unsupported N-terminal modification 'C8' (only free amine or ACT acetylation supported)
20904,b2_excluded_unsupported_terminus,terminus_based,unsupported N-terminal modification 'C8' (only free amine or ACT acetylation supported)
20912,b2_excluded_unsupported_terminus,terminus_based,"unsupported N-terminal modification '6-Me-(E)2,4-C8' (only free amine or ACT acetylation supported)"
20909,b2_excluded_unsupported_terminus,terminus_based,unsupported N-terminal modification '13-Me-(E)2-C14' (only free amine or ACT acetylation supported)
20911,b2_excluded_unsupported_terminus,terminus_based,"unsupported N-terminal modification '(E)2,4-C8' (only free amine or ACT acetylation supported)"
20921,b2_excluded_unsupported_terminus,terminus_based,unsupported N-terminal modification 'C10' (only free amine or ACT acetylation supported)
20920,b2_excluded_unsupported_terminus,terminus_based,unsupported N-terminal modification '8-Me-C9:2' (only free amine or ACT acetylation supported)
20919,b2_excluded_unsupported_terminus,terminus_based,unsupported N-terminal modification '8-Me-C10:2' (only free amine or ACT acetylation supported)
20924,b2_excluded_unsupported_terminus,terminus_based,unsupported N-terminal modification '3-OH-C10' (only free amine or ACT acetylation supported)
20927,b2_excluded_unsupported_terminus,terminus_based,unsupported N-terminal modification '4-Me-C6' (only free amine or ACT acetylation supported)
20908,b2_excluded_unsupported_terminus,terminus_based,unsupported N-terminal modification 'C10' (only free amine or ACT acetylation supported)
20985,b2_excluded_unsupported_terminus,terminus_based,unsupported N-terminal modification 'C10' (only free amine or ACT acetylation supported)
20984,b2_excluded_unsupported_terminus,terminus_based,unsupported N-terminal modification 'C10' (only free amine or ACT acetylation supported)
20974,b3_excluded_residue_no_smiles,residue_based,position 1 ('Dab(βOH)'): unknown residue code 'Dab(βOH)': no match in p2smi database (checked Code='DAB(ΒOH)'); position 2 ('Dab(βOH)'): unknown residue code 'Dab(βOH)': no match in p2smi database (checked Code='DAB(ΒOH)'); position 3 ('Dab(βOH)-C10'): unknown residue code 'Dab(βOH)-C10': no match in p2smi database (checked Code='DAB(ΒOH)-C10'); position 4 ('DHB'): unknown residue code 'DHB': no match in p2smi database (checked Code='DHB')
20982,b2_excluded_unsupported_terminus,terminus_based,unsupported N-terminal modification 'C10' (only free amine or ACT acetylation supported)
20991,b2_excluded_unsupported_terminus,terminus_based,unsupported N-terminal modification 'C16' (only free amine or ACT acetylation supported)
20978,b2_excluded_unsupported_terminus,terminus_based,unsupported C-terminal modification '(CH3)2N' (only free acid or AMD amidation supported)
20977,b3_excluded_residue_no_smiles,residue_based,position 1 ('Dab(βOH)'): unknown residue code 'Dab(βOH)': no match in p2smi database (checked Code='DAB(ΒOH)'); position 2 ('Dab(βOH)'): unknown residue code 'Dab(βOH)': no match in p2smi database (checked Code='DAB(ΒOH)'); position 3 ('Dab(βOH)-C14:1'): unknown residue code 'Dab(βOH)-C14:1': no match in p2smi database (checked Code='DAB(ΒOH)-C14:1'); position 4 ('DHB'): unknown residue code 'DHB': no match in p2smi database (checked Code='DHB')
20992,b2_excluded_unsupported_terminus,terminus_based,unsupported N-terminal modification '9-Me-C10' (only free amine or ACT acetylation supported)
20989,b2_excluded_unsupported_terminus,terminus_based,unsupported N-terminal modification '14-Me-C15' (only free amine or ACT acetylation supported)
20975,b3_excluded_residue_no_smiles,residue_based,position 1 ('Dab(βOH)'): unknown residue code 'Dab(βOH)': no match in p2smi database (checked Code='DAB(ΒOH)'); position 2 ('Dab(βOH)'): unknown residue code 'Dab(βOH)': no match in p2smi database (checked Code='DAB(ΒOH)'); position 3 ('Dab(βOH)-C12:1'): unknown residue code 'Dab(βOH)-C12:1': no match in p2smi database (checked Code='DAB(ΒOH)-C12:1'); position 4 ('DHB'): unknown residue code 'DHB': no match in p2smi database (checked Code='DHB')
20990,b2_excluded_unsupported_terminus,terminus_based,unsupported N-terminal modification '14-Me-C15' (only free amine or ACT acetylation supported)
20993,b2_excluded_unsupported_terminus,terminus_based,unsupported N-terminal modification 'C12' (only free amine or ACT acetylation supported)
20976,b3_excluded_residue_no_smiles,residue_based,position 1 ('Dab(βOH)'): unknown residue code 'Dab(βOH)': no match in p2smi database (checked Code='DAB(ΒOH)'); position 2 ('Dab(βOH)'): unknown residue code 'Dab(βOH)': no match in p2smi database (checked Code='DAB(ΒOH)'); position 3 ('Dab(βOH)-C12'): unknown residue code 'Dab(βOH)-C12': no match in p2smi database (checked Code='DAB(ΒOH)-C12'); position 4 ('DHB'): unknown residue code 'DHB': no match in p2smi database (checked Code='DHB')
20988,b2_excluded_unsupported_terminus,terminus_based,unsupported N-terminal modification '10-Me-C11' (only free amine or ACT acetylation supported)
20994,b2_excluded_unsupported_terminus,terminus_based,unsupported N-terminal modification '10-Me-C12' (only free amine or ACT acetylation supported)
20998,b2_excluded_unsupported_terminus,terminus_based,unsupported N-terminal modification 'C12' (only free amine or ACT acetylation supported)
20996,b2_excluded_unsupported_terminus,terminus_based,unsupported N-terminal modification '9-Me-C10' (only free amine or ACT acetylation supported)
20995,b2_excluded_unsupported_terminus,terminus_based,unsupported N-terminal modification '12-Me-C13' (only free amine or ACT acetylation supported)
20997,b2_excluded_unsupported_terminus,terminus_based,unsupported N-terminal modification '10-Me-C11' (only free amine or ACT acetylation supported)
20999,b2_excluded_unsupported_terminus,terminus_based,unsupported N-terminal modification '10-Me-C12' (only free amine or ACT acetylation supported)
21000,b2_excluded_unsupported_terminus,terminus_based,unsupported N-terminal modification '12-Me-C13' (only free amine or ACT acetylation supported)
21001,b2_excluded_unsupported_terminus,terminus_based,unsupported N-terminal modification '12-Me-C14' (only free amine or ACT acetylation supported)
20979,b1_excluded_non_monomer,out_of_scope,"non-monomer complexity (dimer/multi-peptide) -- not a single-chain SMILES peptide, out of scope for this dataset"
21013,b3_excluded_residue_no_smiles,residue_based,position 8 ('D-3-NH2-13-Me-C14'): unknown residue code 'D-3-NH2-13-Me-C14': no match in p2smi database (checked Code='3-NH2-13-ME-C14')
21016,b4_excluded_nonstandard_bond,bond_based,2 intrachain bonds present -- multi-bond (e.g. multiply-bridged / bicyclic) peptides are out of scope for automated generation in this pass
21018,b2_excluded_unsupported_terminus,terminus_based,unsupported N-terminal modification 'C10' (only free amine or ACT acetylation supported)
21020,b2_excluded_unsupported_terminus,terminus_based,unsupported N-terminal modification 'C10' (only free amine or ACT acetylation supported)
21017,b3_excluded_residue_no_smiles,residue_based,2 intrachain bonds present -- multi-bond (e.g. multiply-bridged / bicyclic) peptides are out of scope for automated generation in this pass
21021,b2_excluded_unsupported_terminus,terminus_based,unsupported N-terminal modification 'C10' (only free amine or ACT acetylation supported)
21019,b2_excluded_unsupported_terminus,terminus_based,unsupported N-terminal modification 'C10' (only free amine or ACT acetylation supported)
21014,b3_excluded_residue_no_smiles,residue_based,position 8 ('D-3-NH2-14-Me-C15'): unknown residue code 'D-3-NH2-14-Me-C15': no match in p2smi database (checked Code='3-NH2-14-ME-C15')
21062,b3_excluded_residue_no_smiles,residue_based,position 6 ('Pen'): unknown residue code 'Pen': no match in p2smi database (checked Code='PEN')
21064,b3_excluded_residue_no_smiles,residue_based,position 2 ('4-HYP'): unknown residue code '4-HYP': no match in p2smi database (checked Code='4-HYP'); position 6 ('Pen'): unknown residue code 'Pen': no match in p2smi database (checked Code='PEN')
21063,b3_excluded_residue_no_smiles,residue_based,position 2 ('4-HYP'): unknown residue code '4-HYP': no match in p2smi database (checked Code='4-HYP'); position 6 ('Pen'): unknown residue code 'Pen': no match in p2smi database (checked Code='PEN')
21061,b3_excluded_residue_no_smiles,residue_based,position 9 ('Pen'): unknown residue code 'Pen': no match in p2smi database (checked Code='PEN')
21065,b3_excluded_residue_no_smiles,residue_based,position 2 ('4-HYP'): unknown residue code '4-HYP': no match in p2smi database (checked Code='4-HYP'); position 6 ('Pen'): unknown residue code 'Pen': no match in p2smi database (checked Code='PEN')
21067,b3_excluded_residue_no_smiles,residue_based,position 2 ('D-4-HYP'): unknown residue code 'D-4-HYP': no match in p2smi database (checked Code='4-HYP'); position 6 ('D-Pen'): unknown residue code 'D-Pen': no match in p2smi database (checked Code='PEN')
21066,b2_excluded_unsupported_terminus,terminus_based,unsupported N-terminal modification 'GUAN' (only free amine or ACT acetylation supported)
21128,b3_excluded_residue_no_smiles,residue_based,position 2 ('3-OH-Leu'): unknown residue code '3-OH-Leu': no match in p2smi database (checked Code='3-OH-LEU')
21130,b3_excluded_residue_no_smiles,residue_based,position 2 ('3-Me-Pro'): unknown residue code '3-Me-Pro': no match in p2smi database (checked Code='3-ME-PRO'); position 4 ('3-Me-Val'): unknown residue code '3-Me-Val': no match in p2smi database (checked Code='3-ME-VAL'); position 5 ('3-Me-Val'): unknown residue code '3-Me-Val': no match in p2smi database (checked Code='3-ME-VAL'); position 6 ('3-Me-Phe'): unknown residue code '3-Me-Phe': no match in p2smi database (checked Code='3-ME-PHE')
21127,b4_excluded_nonstandard_bond,bond_based,8 intrachain bonds present -- multi-bond (e.g. multiply-bridged / bicyclic) peptides are out of scope for automated generation in this pass
21123,b2_excluded_unsupported_terminus,terminus_based,unsupported N-terminal modification '(CH3)2' (only free amine or ACT acetylation supported)
21122,b4_excluded_nonstandard_bond,bond_based,5 intrachain bonds present -- multi-bond (e.g. multiply-bridged / bicyclic) peptides are out of scope for automated generation in this pass
21129,b3_excluded_residue_no_smiles,residue_based,position 4 ('DHA'): unknown residue code 'DHA': no match in p2smi database (checked Code='DHA'); position 14 ('DHA'): unknown residue code 'DHA': no match in p2smi database (checked Code='DHA')
21121,b4_excluded_nonstandard_bond,bond_based,5 intrachain bonds present -- multi-bond (e.g. multiply-bridged / bicyclic) peptides are out of scope for automated generation in this pass
21131,b3_excluded_residue_no_smiles,residue_based,position 2 ('3-Me-Pro'): unknown residue code '3-Me-Pro': no match in p2smi database (checked Code='3-ME-PRO'); position 4 ('3-Me-Val'): unknown residue code '3-Me-Val': no match in p2smi database (checked Code='3-ME-VAL'); position 5 ('3-Me-Val'): unknown residue code '3-Me-Val': no match in p2smi database (checked Code='3-ME-VAL'); position 6 ('3-Me-Phe'): unknown residue code '3-Me-Phe': no match in p2smi database (checked Code='3-ME-PHE')
21139,b3_excluded_residue_no_smiles,residue_based,position 1 ('3-Me-HIS'): unknown residue code '3-Me-HIS': no match in p2smi database (checked Code='3-ME-HIS')
21143,b3_excluded_residue_no_smiles,residue_based,position 1 ('3-NH2-C14'): unknown residue code '3-NH2-C14': no match in p2smi database (checked Code='3-NH2-C14')
21120,b2_excluded_unsupported_terminus,terminus_based,unsupported C-terminal modification 'HPA' (only free acid or AMD amidation supported)
21132,b3_excluded_residue_no_smiles,residue_based,position 5 ('D-3-OH-ASN'): unknown residue code 'D-3-OH-ASN': no match in p2smi database (checked Code='3-OH-ASN')
21148,b4_excluded_nonstandard_bond,bond_based,3 intrachain bonds present -- multi-bond (e.g. multiply-bridged / bicyclic) peptides are out of scope for automated generation in this pass
21147,b4_excluded_nonstandard_bond,bond_based,3 intrachain bonds present -- multi-bond (e.g. multiply-bridged / bicyclic) peptides are out of scope for automated generation in this pass
21160,b2_excluded_unsupported_terminus,terminus_based,unsupported N-terminal modification '5-OH-C14' (only free amine or ACT acetylation supported)
21159,b3_excluded_residue_no_smiles,residue_based,position 1 ('D-Allo-ILE'): unknown residue code 'D-Allo-ILE': no match in p2smi database (checked Code='ALLO-ILE'); position 3 ('D-Me-Leu'): unknown residue code 'D-Me-Leu': no match in p2smi database (checked Code='ME-LEU'); position 4 ('OH-GLY'): unknown residue code 'OH-GLY': no match in p2smi database (checked Code='OH-GLY'); position 6 ('D-Me-Ala'): unknown residue code 'D-Me-Ala': no match in p2smi database (checked Code='ME-ALA'); position 7 ('Me-TYR'): unknown residue code 'Me-TYR': no match in p2smi database (checked Code='ME-TYR')
21149,b1_excluded_non_monomer,out_of_scope,"non-monomer complexity (dimer/multi-peptide) -- not a single-chain SMILES peptide, out of scope for this dataset"
21187,b3_excluded_residue_no_smiles,residue_based,position 2 ('DHB'): unknown residue code 'DHB': no match in p2smi database (checked Code='DHB'); position 5 ('DHA'): unknown residue code 'DHA': no match in p2smi database (checked Code='DHA'); position 18 ('DHB'): unknown residue code 'DHB': no match in p2smi database (checked Code='DHB'); position 33 ('DHA'): unknown residue code 'DHA': no match in p2smi database (checked Code='DHA')
21186,b3_excluded_residue_no_smiles,residue_based,position 2 ('DHB'): unknown residue code 'DHB': no match in p2smi database (checked Code='DHB'); position 5 ('DHA'): unknown residue code 'DHA': no match in p2smi database (checked Code='DHA'); position 18 ('DHB'): unknown residue code 'DHB': no match in p2smi database (checked Code='DHB'); position 33 ('DHA'): unknown residue code 'DHA': no match in p2smi database (checked Code='DHA')
21209,b3_excluded_residue_no_smiles,residue_based,position 4 ('P-Thr'): unknown residue code 'P-Thr': no match in p2smi database (checked Code='P-THR')
21205,b2_excluded_unsupported_terminus,terminus_based,unsupported N-terminal modification 'Pyr' (only free amine or ACT acetylation supported)
21206,b2_excluded_unsupported_terminus,terminus_based,unsupported N-terminal modification 'Pyr' (only free amine or ACT acetylation supported)
21208,b3_excluded_residue_no_smiles,residue_based,position 4 ('P-Thr'): unknown residue code 'P-Thr': no match in p2smi database (checked Code='P-THR')
21180,b1_excluded_non_monomer,out_of_scope,"non-monomer complexity (dimer/multi-peptide) -- not a single-chain SMILES peptide, out of scope for this dataset"
21210,b3_excluded_residue_no_smiles,residue_based,position 4 ('P-Thr'): unknown residue code 'P-Thr': no match in p2smi database (checked Code='P-THR'); position 19 ('DHB'): unknown residue code 'DHB': no match in p2smi database (checked Code='DHB'); position 21 ('DHA'): unknown residue code 'DHA': no match in p2smi database (checked Code='DHA')
21214,b2_excluded_unsupported_terminus,terminus_based,unsupported N-terminal modification 'C5' (only free amine or ACT acetylation supported)
21215,b2_excluded_unsupported_terminus,terminus_based,unsupported N-terminal modification 'C5' (only free amine or ACT acetylation supported)
21217,b2_excluded_unsupported_terminus,terminus_based,unsupported N-terminal modification 'C5' (only free amine or ACT acetylation supported)
21228,b2_excluded_unsupported_terminus,terminus_based,unsupported N-terminal modification 'C15' (only free amine or ACT acetylation supported)
21216,b2_excluded_unsupported_terminus,terminus_based,unsupported N-terminal modification 'C5' (only free amine or ACT acetylation supported)
21246,b2_excluded_unsupported_terminus,terminus_based,unsupported N-terminal modification '2-O-C4' (only free amine or ACT acetylation supported)
21207,b1_excluded_non_monomer,out_of_scope,"non-monomer complexity (dimer/multi-peptide) -- not a single-chain SMILES peptide, out of scope for this dataset"
21247,b2_excluded_unsupported_terminus,terminus_based,unsupported N-terminal modification '2-O-C4' (only free amine or ACT acetylation supported)
21249,b4_excluded_nonstandard_bond,bond_based,5 intrachain bonds present -- multi-bond (e.g. multiply-bridged / bicyclic) peptides are out of scope for automated generation in this pass
21250,b2_excluded_unsupported_terminus,terminus_based,unsupported N-terminal modification '2-OH-C3' (only free amine or ACT acetylation supported)
21248,b4_excluded_nonstandard_bond,bond_based,4 intrachain bonds present -- multi-bond (e.g. multiply-bridged / bicyclic) peptides are out of scope for automated generation in this pass
21252,b3_excluded_residue_no_smiles,residue_based,position 16 ('DHB'): unknown residue code 'DHB': no match in p2smi database (checked Code='DHB')
21251,b4_excluded_nonstandard_bond,bond_based,4 intrachain bonds present -- multi-bond (e.g. multiply-bridged / bicyclic) peptides are out of scope for automated generation in this pass
21262,b2_excluded_unsupported_terminus,terminus_based,unsupported C-terminal modification 'LEUol' (only free acid or AMD amidation supported)
21211,b1_excluded_non_monomer,out_of_scope,"non-monomer complexity (dimer/multi-peptide) -- not a single-chain SMILES peptide, out of scope for this dataset"
21257,b3_excluded_residue_no_smiles,residue_based,position 16 ('DHA'): unknown residue code 'DHA': no match in p2smi database (checked Code='DHA')
21258,b2_excluded_unsupported_terminus,terminus_based,unsupported C-terminal modification 'TRPol' (only free acid or AMD amidation supported)
21231,b1_excluded_non_monomer,out_of_scope,"non-monomer complexity (dimer/multi-peptide) -- not a single-chain SMILES peptide, out of scope for this dataset"
21235,b1_excluded_non_monomer,out_of_scope,"non-monomer complexity (dimer/multi-peptide) -- not a single-chain SMILES peptide, out of scope for this dataset"
21239,b1_excluded_non_monomer,out_of_scope,"non-monomer complexity (dimer/multi-peptide) -- not a single-chain SMILES peptide, out of scope for this dataset"
21260,b2_excluded_unsupported_terminus,terminus_based,unsupported C-terminal modification 'TRPol' (only free acid or AMD amidation supported)
21259,b2_excluded_unsupported_terminus,terminus_based,unsupported C-terminal modification 'TRPol' (only free acid or AMD amidation supported)
21261,b2_excluded_unsupported_terminus,terminus_based,unsupported C-terminal modification 'PHEol' (only free acid or AMD amidation supported)
21242,b1_excluded_non_monomer,out_of_scope,"non-monomer complexity (dimer/multi-peptide) -- not a single-chain SMILES peptide, out of scope for this dataset"
21236,b1_excluded_non_monomer,out_of_scope,"non-monomer complexity (dimer/multi-peptide) -- not a single-chain SMILES peptide, out of scope for this dataset"
21265,b2_excluded_unsupported_terminus,terminus_based,unsupported N-terminal modification '2-Me-C10' (only free amine or ACT acetylation supported)
21263,b2_excluded_unsupported_terminus,terminus_based,unsupported C-terminal modification 'LEUol' (only free acid or AMD amidation supported)
21245,b1_excluded_non_monomer,out_of_scope,"non-monomer complexity (dimer/multi-peptide) -- not a single-chain SMILES peptide, out of scope for this dataset"
21274,b3_excluded_residue_no_smiles,residue_based,position 2 ('DHB'): unknown residue code 'DHB': no match in p2smi database (checked Code='DHB'); position 13 ('DHB'): unknown residue code 'DHB': no match in p2smi database (checked Code='DHB')
21266,b4_excluded_nonstandard_bond,bond_based,4 intrachain bonds present -- multi-bond (e.g. multiply-bridged / bicyclic) peptides are out of scope for automated generation in this pass
21267,b4_excluded_nonstandard_bond,bond_based,4 intrachain bonds present -- multi-bond (e.g. multiply-bridged / bicyclic) peptides are out of scope for automated generation in this pass
21273,b3_excluded_residue_no_smiles,residue_based,position 2 ('DHB'): unknown residue code 'DHB': no match in p2smi database (checked Code='DHB'); position 13 ('DHB'): unknown residue code 'DHB': no match in p2smi database (checked Code='DHB')
21275,b3_excluded_residue_no_smiles,residue_based,position 2 ('DHB'): unknown residue code 'DHB': no match in p2smi database (checked Code='DHB')
21288,b3_excluded_residue_no_smiles,residue_based,position 7 ('3-OH-Leu'): unknown residue code '3-OH-Leu': no match in p2smi database (checked Code='3-OH-LEU')
21293,b2_excluded_unsupported_terminus,terminus_based,unsupported N-terminal modification 'C14' (only free amine or ACT acetylation supported)
21276,b3_excluded_residue_no_smiles,residue_based,position 2 ('DHB'): unknown residue code 'DHB': no match in p2smi database (checked Code='DHB'); position 5 ('DHA'): unknown residue code 'DHA': no match in p2smi database (checked Code='DHA'); position 33 ('DHA'): unknown residue code 'DHA': no match in p2smi database (checked Code='DHA')
21291,b2_excluded_unsupported_terminus,terminus_based,unsupported N-terminal modification 'C11' (only free amine or ACT acetylation supported)
21292,b2_excluded_unsupported_terminus,terminus_based,unsupported N-terminal modification 'C13' (only free amine or ACT acetylation supported)
21294,b2_excluded_unsupported_terminus,terminus_based,unsupported N-terminal modification 'C15' (only free amine or ACT acetylation supported)
21296,b2_excluded_unsupported_terminus,terminus_based,unsupported N-terminal modification 'PCHC' (only free amine or ACT acetylation supported)
21295,b2_excluded_unsupported_terminus,terminus_based,unsupported N-terminal modification '12-Me-C13' (only free amine or ACT acetylation supported)
21298,b2_excluded_unsupported_terminus,terminus_based,unsupported N-terminal modification 'PPCA' (only free amine or ACT acetylation supported)
21297,b2_excluded_unsupported_terminus,terminus_based,unsupported N-terminal modification 'HBz' (only free amine or ACT acetylation supported)
21299,b2_excluded_unsupported_terminus,terminus_based,unsupported N-terminal modification 'BPCA' (only free amine or ACT acetylation supported)
21308,b2_excluded_unsupported_terminus,terminus_based,unsupported N-terminal modification 'I3CA' (only free amine or ACT acetylation supported)
21327,b2_excluded_unsupported_terminus,terminus_based,unsupported N-terminal modification '9-Me-(Z)3-C10' (only free amine or ACT acetylation supported)
21328,b2_excluded_unsupported_terminus,terminus_based,unsupported N-terminal modification '10-Me-(Z)3-C12' (only free amine or ACT acetylation supported)
21326,b2_excluded_unsupported_terminus,terminus_based,unsupported N-terminal modification '10-Me-(Z)3-C11' (only free amine or ACT acetylation supported)
21340,b3_excluded_residue_no_smiles,residue_based,position 1 ('PYA'): unknown residue code 'PYA': no match in p2smi database (checked Code='PYA'); position 2 ('Allo-Thr'): unknown residue code 'Allo-Thr': no match in p2smi database (checked Code='ALLO-THR')
21329,b2_excluded_unsupported_terminus,terminus_based,unsupported N-terminal modification '12-Me-(Z)3-C13' (only free amine or ACT acetylation supported)
21350,b2_excluded_unsupported_terminus,terminus_based,unsupported N-terminal modification 'Cl-Th2CA' (only free amine or ACT acetylation supported)
21353,b2_excluded_unsupported_terminus,terminus_based,unsupported N-terminal modification 'Cl-Th2CA' (only free amine or ACT acetylation supported)
21359,b2_excluded_unsupported_terminus,terminus_based,unsupported N-terminal modification 'Cl-Th2CA' (only free amine or ACT acetylation supported)
21356,b2_excluded_unsupported_terminus,terminus_based,unsupported N-terminal modification 'Cl-Th2CA' (only free amine or ACT acetylation supported)
21364,b3_excluded_residue_no_smiles,residue_based,position 1 ('19-Guan-C19'): unknown residue code '19-Guan-C19': no match in p2smi database (checked Code='19-GUAN-C19')
21358,b2_excluded_unsupported_terminus,terminus_based,unsupported N-terminal modification 'Cl-Th2CA' (only free amine or ACT acetylation supported)
21361,b2_excluded_unsupported_terminus,terminus_based,unsupported N-terminal modification '3-OH-C10' (only free amine or ACT acetylation supported)
21355,b2_excluded_unsupported_terminus,terminus_based,unsupported N-terminal modification 'Cl-Th2CA' (only free amine or ACT acetylation supported)
21354,b2_excluded_unsupported_terminus,terminus_based,unsupported N-terminal modification 'Cl-Th2CA' (only free amine or ACT acetylation supported)
21357,b2_excluded_unsupported_terminus,terminus_based,unsupported N-terminal modification 'Cl-Th2CA' (only free amine or ACT acetylation supported)
21351,b2_excluded_unsupported_terminus,terminus_based,unsupported N-terminal modification 'Cl-Th2CA' (only free amine or ACT acetylation supported)
21367,b2_excluded_unsupported_terminus,terminus_based,unsupported N-terminal modification '3-OH-11-Me-C12' (only free amine or ACT acetylation supported)
21352,b2_excluded_unsupported_terminus,terminus_based,unsupported N-terminal modification 'Cl-Th2CA' (only free amine or ACT acetylation supported)
21360,b2_excluded_unsupported_terminus,terminus_based,unsupported N-terminal modification '3-OH-C10' (only free amine or ACT acetylation supported)
21365,b3_excluded_residue_no_smiles,residue_based,position 1 ('19-Guan-3-OH-C19'): unknown residue code '19-Guan-3-OH-C19': no match in p2smi database (checked Code='19-GUAN-3-OH-C19'); position 5 ('D-Allo-Thr'): unknown residue code 'D-Allo-Thr': no match in p2smi database (checked Code='ALLO-THR')
21370,b2_excluded_unsupported_terminus,terminus_based,unsupported N-terminal modification '3-OH-10-Me-C11' (only free amine or ACT acetylation supported)
21366,b2_excluded_unsupported_terminus,terminus_based,unsupported N-terminal modification '3-OH-13-Me-C14' (only free amine or ACT acetylation supported)
21362,b2_excluded_unsupported_terminus,terminus_based,unsupported N-terminal modification '3-OH-C10' (only free amine or ACT acetylation supported)
21368,b2_excluded_unsupported_terminus,terminus_based,unsupported N-terminal modification '3-OH-12-Me-C13' (only free amine or ACT acetylation supported)
21363,b3_excluded_residue_no_smiles,residue_based,position 1 ('19-Guan-3-OH-C19'): unknown residue code '19-Guan-3-OH-C19': no match in p2smi database (checked Code='19-GUAN-3-OH-C19')
21369,b2_excluded_unsupported_terminus,terminus_based,unsupported N-terminal modification '3-OH-14-Me-C15' (only free amine or ACT acetylation supported)
21387,b2_excluded_unsupported_terminus,terminus_based,unsupported N-terminal modification 'I3CA' (only free amine or ACT acetylation supported)
21386,b2_excluded_unsupported_terminus,terminus_based,unsupported N-terminal modification 'I3CA' (only free amine or ACT acetylation supported)
21389,b2_excluded_unsupported_terminus,terminus_based,unsupported N-terminal modification 'I3CA' (only free amine or ACT acetylation supported)
21390,b2_excluded_unsupported_terminus,terminus_based,unsupported N-terminal modification 'I3CA' (only free amine or ACT acetylation supported)
21391,b2_excluded_unsupported_terminus,terminus_based,unsupported N-terminal modification 'I3CA' (only free amine or ACT acetylation supported)
21388,b2_excluded_unsupported_terminus,terminus_based,unsupported N-terminal modification 'I3CA' (only free amine or ACT acetylation supported)
21392,b2_excluded_unsupported_terminus,terminus_based,unsupported N-terminal modification 'I3CA' (only free amine or ACT acetylation supported)
21393,b2_excluded_unsupported_terminus,terminus_based,"unsupported N-terminal modification '3,4-OH-C16' (only free amine or ACT acetylation supported)"
21395,b2_excluded_unsupported_terminus,terminus_based,unsupported N-terminal modification 'I3CA' (only free amine or ACT acetylation supported)
21394,b2_excluded_unsupported_terminus,terminus_based,unsupported N-terminal modification 'I3CA' (only free amine or ACT acetylation supported)
21401,b3_excluded_residue_no_smiles,residue_based,position 1 ('12-Guan-C12'): unknown residue code '12-Guan-C12': no match in p2smi database (checked Code='12-GUAN-C12'); position 2 ('DAP'): unknown residue code 'DAP': no match in p2smi database (checked Code='DAP')
21371,b1_excluded_non_monomer,out_of_scope,"non-monomer complexity (dimer/multi-peptide) -- not a single-chain SMILES peptide, out of scope for this dataset"
21405,b2_excluded_unsupported_terminus,terminus_based,"unsupported N-terminal modification '3,4-OH-C14' (only free amine or ACT acetylation supported)"
21406,b2_excluded_unsupported_terminus,terminus_based,unsupported N-terminal modification '3-OH-C12' (only free amine or ACT acetylation supported)
21407,b2_excluded_unsupported_terminus,terminus_based,unsupported N-terminal modification '3-OH-C14' (only free amine or ACT acetylation supported)
21374,b1_excluded_non_monomer,out_of_scope,"non-monomer complexity (dimer/multi-peptide) -- not a single-chain SMILES peptide, out of scope for this dataset"
21408,b2_excluded_unsupported_terminus,terminus_based,unsupported N-terminal modification '3-OH-C14' (only free amine or ACT acetylation supported)
21376,b1_excluded_non_monomer,out_of_scope,"non-monomer complexity (dimer/multi-peptide) -- not a single-chain SMILES peptide, out of scope for this dataset"
21378,b1_excluded_non_monomer,out_of_scope,"non-monomer complexity (dimer/multi-peptide) -- not a single-chain SMILES peptide, out of scope for this dataset"
21373,b1_excluded_non_monomer,out_of_scope,"non-monomer complexity (dimer/multi-peptide) -- not a single-chain SMILES peptide, out of scope for this dataset"
21372,b1_excluded_non_monomer,out_of_scope,"non-monomer complexity (dimer/multi-peptide) -- not a single-chain SMILES peptide, out of scope for this dataset"
21402,b1_excluded_non_monomer,out_of_scope,"non-monomer complexity (dimer/multi-peptide) -- not a single-chain SMILES peptide, out of scope for this dataset"
21397,b1_excluded_non_monomer,out_of_scope,"non-monomer complexity (dimer/multi-peptide) -- not a single-chain SMILES peptide, out of scope for this dataset"
21375,b1_excluded_non_monomer,out_of_scope,"non-monomer complexity (dimer/multi-peptide) -- not a single-chain SMILES peptide, out of scope for this dataset"
21400,b1_excluded_non_monomer,out_of_scope,"non-monomer complexity (dimer/multi-peptide) -- not a single-chain SMILES peptide, out of scope for this dataset"
21404,b1_excluded_non_monomer,out_of_scope,"non-monomer complexity (dimer/multi-peptide) -- not a single-chain SMILES peptide, out of scope for this dataset"
21379,b1_excluded_non_monomer,out_of_scope,"non-monomer complexity (dimer/multi-peptide) -- not a single-chain SMILES peptide, out of scope for this dataset"
21377,b1_excluded_non_monomer,out_of_scope,"non-monomer complexity (dimer/multi-peptide) -- not a single-chain SMILES peptide, out of scope for this dataset"
21399,b1_excluded_non_monomer,out_of_scope,"non-monomer complexity (dimer/multi-peptide) -- not a single-chain SMILES peptide, out of scope for this dataset"
21398,b1_excluded_non_monomer,out_of_scope,"non-monomer complexity (dimer/multi-peptide) -- not a single-chain SMILES peptide, out of scope for this dataset"
21403,b1_excluded_non_monomer,out_of_scope,"non-monomer complexity (dimer/multi-peptide) -- not a single-chain SMILES peptide, out of scope for this dataset"
21417,b2_excluded_unsupported_terminus,terminus_based,unsupported N-terminal modification '3-OH-9-Me-C10' (only free amine or ACT acetylation supported)
21420,b2_excluded_unsupported_terminus,terminus_based,unsupported N-terminal modification '3-OH-9-Me-C10' (only free amine or ACT acetylation supported)
21421,b2_excluded_unsupported_terminus,terminus_based,unsupported N-terminal modification '3-OH-11-Me-C12' (only free amine or ACT acetylation supported)
21418,b2_excluded_unsupported_terminus,terminus_based,unsupported N-terminal modification '3-OH-C10' (only free amine or ACT acetylation supported)
21419,b2_excluded_unsupported_terminus,terminus_based,unsupported N-terminal modification '3-OH-C10' (only free amine or ACT acetylation supported)
21424,b2_excluded_unsupported_terminus,terminus_based,unsupported N-terminal modification '3-OH-(Z)5-C12' (only free amine or ACT acetylation supported)
21423,b2_excluded_unsupported_terminus,terminus_based,unsupported N-terminal modification '3-OH-11-Me-(Z)5-C12' (only free amine or ACT acetylation supported)
21422,b2_excluded_unsupported_terminus,terminus_based,unsupported N-terminal modification '3-OH-11-Me-(Z)7-C12' (only free amine or ACT acetylation supported)
21425,b2_excluded_unsupported_terminus,terminus_based,unsupported N-terminal modification 'D-OLeu' (only free amine or ACT acetylation supported)
21429,b2_excluded_unsupported_terminus,terminus_based,unsupported N-terminal modification 'OVal' (only free amine or ACT acetylation supported)
21428,b2_excluded_unsupported_terminus,terminus_based,unsupported N-terminal modification 'D-OVal' (only free amine or ACT acetylation supported)
21427,b2_excluded_unsupported_terminus,terminus_based,unsupported N-terminal modification 'D-OIle' (only free amine or ACT acetylation supported)
21435,b2_excluded_unsupported_terminus,terminus_based,unsupported N-terminal modification 'Dhoea' (only free amine or ACT acetylation supported)
21431,b2_excluded_unsupported_terminus,terminus_based,unsupported N-terminal modification 'D-OVal' (only free amine or ACT acetylation supported)
21432,b2_excluded_unsupported_terminus,terminus_based,unsupported N-terminal modification 'Dhoya' (only free amine or ACT acetylation supported)
21437,b2_excluded_unsupported_terminus,terminus_based,unsupported N-terminal modification 'Dhoaa' (only free amine or ACT acetylation supported)
21441,b2_excluded_unsupported_terminus,terminus_based,unsupported N-terminal modification 'OVal' (only free amine or ACT acetylation supported)
21439,b2_excluded_unsupported_terminus,terminus_based,unsupported N-terminal modification 'Dhoya' (only free amine or ACT acetylation supported)
21450,b2_excluded_unsupported_terminus,terminus_based,unsupported N-terminal modification 'OPhe' (only free amine or ACT acetylation supported)
21434,b1_excluded_non_monomer,out_of_scope,"non-monomer complexity (dimer/multi-peptide) -- not a single-chain SMILES peptide, out of scope for this dataset"
21440,b1_excluded_non_monomer,out_of_scope,"non-monomer complexity (dimer/multi-peptide) -- not a single-chain SMILES peptide, out of scope for this dataset"
21438,b1_excluded_non_monomer,out_of_scope,"non-monomer complexity (dimer/multi-peptide) -- not a single-chain SMILES peptide, out of scope for this dataset"
21426,b1_excluded_non_monomer,out_of_scope,"non-monomer complexity (dimer/multi-peptide) -- not a single-chain SMILES peptide, out of scope for this dataset"
21436,b1_excluded_non_monomer,out_of_scope,"non-monomer complexity (dimer/multi-peptide) -- not a single-chain SMILES peptide, out of scope for this dataset"
21442,b1_excluded_non_monomer,out_of_scope,"non-monomer complexity (dimer/multi-peptide) -- not a single-chain SMILES peptide, out of scope for this dataset"
21444,b1_excluded_non_monomer,out_of_scope,"non-monomer complexity (dimer/multi-peptide) -- not a single-chain SMILES peptide, out of scope for this dataset"
21451,b1_excluded_non_monomer,out_of_scope,"non-monomer complexity (dimer/multi-peptide) -- not a single-chain SMILES peptide, out of scope for this dataset"
21430,b1_excluded_non_monomer,out_of_scope,"non-monomer complexity (dimer/multi-peptide) -- not a single-chain SMILES peptide, out of scope for this dataset"
21508,b2_excluded_unsupported_terminus,terminus_based,unsupported N-terminal modification 'Epd' (only free amine or ACT acetylation supported)
21507,b3_excluded_residue_no_smiles,residue_based,position 3 ('D-Allo-Thr'): unknown residue code 'D-Allo-Thr': no match in p2smi database (checked Code='ALLO-THR'); position 4 ('D-Allo-ILE'): unknown residue code 'D-Allo-ILE': no match in p2smi database (checked Code='ALLO-ILE')
21506,b2_excluded_unsupported_terminus,terminus_based,unsupported N-terminal modification 'C6' (only free amine or ACT acetylation supported)
21514,b3_excluded_residue_no_smiles,residue_based,position 21 ('11-NH2-C11'): unknown residue code '11-NH2-C11': no match in p2smi database (checked Code='11-NH2-C11')
21544,b2_excluded_unsupported_terminus,terminus_based,unsupported N-terminal modification '3-OH-5-Me-C6' (only free amine or ACT acetylation supported)
21539,b2_excluded_unsupported_terminus,terminus_based,unsupported N-terminal modification '3-OH-5-Me-C6' (only free amine or ACT acetylation supported)
21541,b2_excluded_unsupported_terminus,terminus_based,unsupported N-terminal modification '3-OH-5-Me-C6' (only free amine or ACT acetylation supported)
21540,b2_excluded_unsupported_terminus,terminus_based,unsupported N-terminal modification '3-OH-5-Me-C6' (only free amine or ACT acetylation supported)
21542,b2_excluded_unsupported_terminus,terminus_based,unsupported N-terminal modification '3-OH-5-Me-C6' (only free amine or ACT acetylation supported)
21543,b2_excluded_unsupported_terminus,terminus_based,unsupported N-terminal modification '3-OH-5-Me-C6' (only free amine or ACT acetylation supported)
21550,b2_excluded_unsupported_terminus,terminus_based,unsupported N-terminal modification '3-OH-5-Me-C6' (only free amine or ACT acetylation supported)
21545,b2_excluded_unsupported_terminus,terminus_based,unsupported N-terminal modification '3-OH-5-Me-C6' (only free amine or ACT acetylation supported)
21548,b2_excluded_unsupported_terminus,terminus_based,unsupported N-terminal modification '3-OH-5-Me-C6' (only free amine or ACT acetylation supported)
21549,b2_excluded_unsupported_terminus,terminus_based,unsupported N-terminal modification '3-OH-5-Me-C6' (only free amine or ACT acetylation supported)
21555,b2_excluded_unsupported_terminus,terminus_based,unsupported N-terminal modification '3-OH-5-Me-C6' (only free amine or ACT acetylation supported)
21557,b2_excluded_unsupported_terminus,terminus_based,unsupported N-terminal modification '3-OH-5-Me-C6' (only free amine or ACT acetylation supported)
21556,b2_excluded_unsupported_terminus,terminus_based,unsupported N-terminal modification '3-OH-5-Me-C6' (only free amine or ACT acetylation supported)
21564,b2_excluded_unsupported_terminus,terminus_based,unsupported N-terminal modification '3-OH-5-Me-C6' (only free amine or ACT acetylation supported)
21519,b1_excluded_non_monomer,out_of_scope,"non-monomer complexity (dimer/multi-peptide) -- not a single-chain SMILES peptide, out of scope for this dataset"
21558,b2_excluded_unsupported_terminus,terminus_based,unsupported N-terminal modification '3-OH-5-Me-C6' (only free amine or ACT acetylation supported)
21559,b2_excluded_unsupported_terminus,terminus_based,unsupported N-terminal modification '3-OH-7-Me-C8' (only free amine or ACT acetylation supported)
21563,b2_excluded_unsupported_terminus,terminus_based,unsupported N-terminal modification '3-OH-5-Me-C6' (only free amine or ACT acetylation supported)
21560,b2_excluded_unsupported_terminus,terminus_based,unsupported N-terminal modification '3-OH-5-Me-C6' (only free amine or ACT acetylation supported)
21562,b2_excluded_unsupported_terminus,terminus_based,unsupported N-terminal modification '3-OH-5-Me-C6' (only free amine or ACT acetylation supported)
21561,b2_excluded_unsupported_terminus,terminus_based,unsupported N-terminal modification '3-OH-5-Me-C6' (only free amine or ACT acetylation supported)
21565,b2_excluded_unsupported_terminus,terminus_based,unsupported N-terminal modification '3-OH-5-Me-C6' (only free amine or ACT acetylation supported)
21567,b2_excluded_unsupported_terminus,terminus_based,unsupported N-terminal modification '3-OH-5-Me-C6' (only free amine or ACT acetylation supported)
21566,b2_excluded_unsupported_terminus,terminus_based,unsupported N-terminal modification '3-OH-5-Me-C6' (only free amine or ACT acetylation supported)
21570,b2_excluded_unsupported_terminus,terminus_based,unsupported N-terminal modification '3-OH-5-Me-C6' (only free amine or ACT acetylation supported)
21571,b2_excluded_unsupported_terminus,terminus_based,unsupported N-terminal modification '3-OH-5-Me-C6' (only free amine or ACT acetylation supported)
21572,b2_excluded_unsupported_terminus,terminus_based,unsupported N-terminal modification '3-OH-5-Me-C6' (only free amine or ACT acetylation supported)
21569,b2_excluded_unsupported_terminus,terminus_based,unsupported N-terminal modification '3-OH-5-Me-C6' (only free amine or ACT acetylation supported)
21568,b2_excluded_unsupported_terminus,terminus_based,unsupported N-terminal modification '3-OH-5-Me-C6' (only free amine or ACT acetylation supported)
21576,b2_excluded_unsupported_terminus,terminus_based,unsupported N-terminal modification '3-OH-5-Me-C6' (only free amine or ACT acetylation supported)
21575,b2_excluded_unsupported_terminus,terminus_based,unsupported N-terminal modification '3-OH-5-Me-C6' (only free amine or ACT acetylation supported)
21573,b2_excluded_unsupported_terminus,terminus_based,unsupported N-terminal modification '3-OH-5-Me-C6' (only free amine or ACT acetylation supported)
21574,b2_excluded_unsupported_terminus,terminus_based,unsupported N-terminal modification '3-OH-5-Me-C6' (only free amine or ACT acetylation supported)
21577,b2_excluded_unsupported_terminus,terminus_based,unsupported N-terminal modification '3-OH-5-Me-C6' (only free amine or ACT acetylation supported)
21591,b2_excluded_unsupported_terminus,terminus_based,unsupported C-terminal modification 'LEUol' (only free acid or AMD amidation supported)
21588,b2_excluded_unsupported_terminus,terminus_based,"unsupported N-terminal modification '3-OH-12,14-Me-C16' (only free amine or ACT acetylation supported)"
21592,b2_excluded_unsupported_terminus,terminus_based,unsupported C-terminal modification 'LEUol' (only free acid or AMD amidation supported)
21589,b2_excluded_unsupported_terminus,terminus_based,unsupported N-terminal modification '3-OH-14-Me-C16' (only free amine or ACT acetylation supported)
21593,b2_excluded_unsupported_terminus,terminus_based,unsupported N-terminal modification 'C8' (only free amine or ACT acetylation supported)
21598,b2_excluded_unsupported_terminus,terminus_based,unsupported N-terminal modification 'MurNAc' (only free amine or ACT acetylation supported)
21599,b2_excluded_unsupported_terminus,terminus_based,unsupported N-terminal modification 'MurNAc' (only free amine or ACT acetylation supported)
21600,b2_excluded_unsupported_terminus,terminus_based,unsupported N-terminal modification 'MurNAc' (only free amine or ACT acetylation supported)
21610,b2_excluded_unsupported_terminus,terminus_based,unsupported N-terminal modification 'FOR' (only free amine or ACT acetylation supported)
21612,b2_excluded_unsupported_terminus,terminus_based,unsupported N-terminal modification 'FOR' (only free amine or ACT acetylation supported)
21611,b2_excluded_unsupported_terminus,terminus_based,unsupported N-terminal modification 'FOR' (only free amine or ACT acetylation supported)
21614,b2_excluded_unsupported_terminus,terminus_based,unsupported N-terminal modification 'FOR' (only free amine or ACT acetylation supported)
21609,b3_excluded_residue_no_smiles,residue_based,"position 1 ('3-NH2-2-OH-4,15-Me-(E)14-C19'): unknown residue code '3-NH2-2-OH-4,15-Me-(E)14-C19': no match in p2smi database (checked Code='3-NH2-2-OH-4,15-ME-(E)14-C19'); position 3 ('DHB'): unknown residue code 'DHB': no match in p2smi database (checked Code='DHB'); position 5 ('DHB'): unknown residue code 'DHB': no match in p2smi database (checked Code='DHB'); position 9 ('Me-Asn'): unknown residue code 'Me-Asn': no match in p2smi database (checked Code='ME-ASN')"
21633,b3_excluded_residue_no_smiles,residue_based,position 1 ('Sar'): unknown residue code 'Sar': no match in p2smi database (checked Code='SAR'); position 3 ('OH-Ile'): unknown residue code 'OH-Ile': no match in p2smi database (checked Code='OH-ILE'); position 4 ('D-4-O-Piz'): unknown residue code 'D-4-O-Piz': no match in p2smi database (checked Code='4-O-PIZ'); position 5 ('Me-3-OH-Val'): unknown residue code 'Me-3-OH-Val': no match in p2smi database (checked Code='ME-3-OH-VAL'); position 6 ('D-4-OH-Piz'): unknown residue code 'D-4-OH-Piz': no match in p2smi database (checked Code='4-OH-PIZ')
21631,b3_excluded_residue_no_smiles,residue_based,position 1 ('Sar'): unknown residue code 'Sar': no match in p2smi database (checked Code='SAR'); position 3 ('OH-VAL'): unknown residue code 'OH-VAL': no match in p2smi database (checked Code='OH-VAL'); position 4 ('D-Piz'): unknown residue code 'D-Piz': no match in p2smi database (checked Code='PIZ'); position 5 ('Me-3-OH-Val'): unknown residue code 'Me-3-OH-Val': no match in p2smi database (checked Code='ME-3-OH-VAL'); position 6 ('D-4-OH-Piz'): unknown residue code 'D-4-OH-Piz': no match in p2smi database (checked Code='4-OH-PIZ')
21639,b2_excluded_unsupported_terminus,terminus_based,unsupported N-terminal modification '(CH3)2' (only free amine or ACT acetylation supported)
21634,b3_excluded_residue_no_smiles,residue_based,"position 1 ('D-Me-Leu'): unknown residue code 'D-Me-Leu': no match in p2smi database (checked Code='ME-LEU'); position 2 ('D-3-Cl-3-OH-Tyr'): unknown residue code 'D-3-Cl-3-OH-Tyr': no match in p2smi database (checked Code='3-CL-3-OH-TYR'); position 4 ('D-Van-Glu-Phg'): unknown residue code 'D-Van-Glu-Phg': no match in p2smi database (checked Code='VAN-GLU-PHG'); position 5 ('D-4-OH-Phg'): unknown residue code 'D-4-OH-Phg': no match in p2smi database (checked Code='4-OH-PHG'); position 6 ('3-Cl-3-OH-Tyr'): unknown residue code '3-Cl-3-OH-Tyr': no match in p2smi database (checked Code='3-CL-3-OH-TYR'); position 7 ('3,5-OH-Phg'): unknown residue code '3,5-OH-Phg': no match in p2smi database (checked Code='3,5-OH-PHG')"
21667,b2_excluded_unsupported_terminus,terminus_based,unsupported C-terminal modification 'OMe' (only free acid or AMD amidation supported)
21687,b3_excluded_residue_no_smiles,residue_based,position 5 ('Me-Phe'): unknown residue code 'Me-Phe': no match in p2smi database (checked Code='ME-PHE')
21694,b3_excluded_residue_no_smiles,residue_based,"position 2 ('D-Allo-ILE'): unknown residue code 'D-Allo-ILE': no match in p2smi database (checked Code='ALLO-ILE'); position 5 ('N,O-Me-TYR'): unknown residue code 'N,O-Me-TYR': no match in p2smi database (checked Code='N,O-ME-TYR')"
21695,b3_excluded_residue_no_smiles,residue_based,position 2 ('D-Allo-ILE'): unknown residue code 'D-Allo-ILE': no match in p2smi database (checked Code='ALLO-ILE'); position 5 ('Me-Phe'): unknown residue code 'Me-Phe': no match in p2smi database (checked Code='ME-PHE')
21696,b3_excluded_residue_no_smiles,residue_based,"position 5 ('N,O-Me-TYR'): unknown residue code 'N,O-Me-TYR': no match in p2smi database (checked Code='N,O-ME-TYR')"
21740,b2_excluded_unsupported_terminus,terminus_based,unsupported N-terminal modification 'D-XA' (only free amine or ACT acetylation supported)
21746,b2_excluded_unsupported_terminus,terminus_based,unsupported N-terminal modification 'D-OIle' (only free amine or ACT acetylation supported)
21749,b2_excluded_unsupported_terminus,terminus_based,unsupported N-terminal modification 'C10' (only free amine or ACT acetylation supported)
21762,b4_excluded_nonstandard_bond,bond_based,5 intrachain bonds present -- multi-bond (e.g. multiply-bridged / bicyclic) peptides are out of scope for automated generation in this pass
21741,b2_excluded_unsupported_terminus,terminus_based,unsupported N-terminal modification 'D-OIle' (only free amine or ACT acetylation supported)
21766,b2_excluded_unsupported_terminus,terminus_based,unsupported N-terminal modification 'FOR' (only free amine or ACT acetylation supported)
21765,b2_excluded_unsupported_terminus,terminus_based,unsupported N-terminal modification 'OIle' (only free amine or ACT acetylation supported)
21771,b2_excluded_unsupported_terminus,terminus_based,unsupported N-terminal modification 'C14' (only free amine or ACT acetylation supported)
21772,b3_excluded_residue_no_smiles,residue_based,position 2 ('D-Me-Ala'): unknown residue code 'D-Me-Ala': no match in p2smi database (checked Code='ME-ALA'); position 3 ('Me-TYR'): unknown residue code 'Me-TYR': no match in p2smi database (checked Code='ME-TYR'); position 4 ('D-Allo-ILE'): unknown residue code 'D-Allo-ILE': no match in p2smi database (checked Code='ALLO-ILE'); position 6 ('D-Me-Leu'): unknown residue code 'D-Me-Leu': no match in p2smi database (checked Code='ME-LEU'); position 7 ('OH-GLY'): unknown residue code 'OH-GLY': no match in p2smi database (checked Code='OH-GLY')
21775,b3_excluded_residue_no_smiles,residue_based,position 18 ('SER(GlcNAc)'): unknown residue code 'SER(GlcNAc)': no match in p2smi database (checked Code='SER(GLCNAC)'); position 43 ('CYS-S-HexNAc'): unknown residue code 'CYS-S-HexNAc': no match in p2smi database (checked Code='CYS-S-HEXNAC')
21778,b3_excluded_residue_no_smiles,residue_based,position 2 ('DHB'): unknown residue code 'DHB': no match in p2smi database (checked Code='DHB'); position 5 ('DHA'): unknown residue code 'DHA': no match in p2smi database (checked Code='DHA'); position 18 ('DHB'): unknown residue code 'DHB': no match in p2smi database (checked Code='DHB')
21763,b3_excluded_residue_no_smiles,residue_based,position 18 ('DHB'): unknown residue code 'DHB': no match in p2smi database (checked Code='DHB')
21776,b3_excluded_residue_no_smiles,residue_based,position 18 ('SER(GlcNAc)'): unknown residue code 'SER(GlcNAc)': no match in p2smi database (checked Code='SER(GLCNAC)'); position 43 ('CYS-S-HexNAc'): unknown residue code 'CYS-S-HexNAc': no match in p2smi database (checked Code='CYS-S-HEXNAC')
21773,b3_excluded_residue_no_smiles,residue_based,position 6 ('DHA'): unknown residue code 'DHA': no match in p2smi database (checked Code='DHA'); position 15 ('3-OH-Asp'): unknown residue code '3-OH-Asp': no match in p2smi database (checked Code='3-OH-ASP')
21774,b3_excluded_residue_no_smiles,residue_based,position 6 ('DHA'): unknown residue code 'DHA': no match in p2smi database (checked Code='DHA'); position 15 ('3-OH-Asp'): unknown residue code '3-OH-Asp': no match in p2smi database (checked Code='3-OH-ASP')
21777,b3_excluded_residue_no_smiles,residue_based,position 2 ('DHB'): unknown residue code 'DHB': no match in p2smi database (checked Code='DHB'); position 5 ('DHA'): unknown residue code 'DHA': no match in p2smi database (checked Code='DHA'); position 18 ('DHB'): unknown residue code 'DHB': no match in p2smi database (checked Code='DHB')
21782,b3_excluded_residue_no_smiles,residue_based,position 2 ('DHB'): unknown residue code 'DHB': no match in p2smi database (checked Code='DHB'); position 5 ('DHA'): unknown residue code 'DHA': no match in p2smi database (checked Code='DHA'); position 20 ('DHB'): unknown residue code 'DHB': no match in p2smi database (checked Code='DHB'); position 26 ('DHA'): unknown residue code 'DHA': no match in p2smi database (checked Code='DHA'); position 28 ('DHB'): unknown residue code 'DHB': no match in p2smi database (checked Code='DHB')
21787,b3_excluded_residue_no_smiles,residue_based,position 4 ('D-Allo-ILE'): unknown residue code 'D-Allo-ILE': no match in p2smi database (checked Code='ALLO-ILE')
21783,b3_excluded_residue_no_smiles,residue_based,position 2 ('DHB'): unknown residue code 'DHB': no match in p2smi database (checked Code='DHB'); position 5 ('DHA'): unknown residue code 'DHA': no match in p2smi database (checked Code='DHA'); position 18 ('DHB'): unknown residue code 'DHB': no match in p2smi database (checked Code='DHB')
21786,b3_excluded_residue_no_smiles,residue_based,position 2 ('DHB'): unknown residue code 'DHB': no match in p2smi database (checked Code='DHB'); position 5 ('DHA'): unknown residue code 'DHA': no match in p2smi database (checked Code='DHA')
21781,b2_excluded_unsupported_terminus,terminus_based,unsupported N-terminal modification '(Z)9-C16' (only free amine or ACT acetylation supported)
21780,b2_excluded_unsupported_terminus,terminus_based,unsupported N-terminal modification 'C14' (only free amine or ACT acetylation supported)
21764,b1_excluded_non_monomer,out_of_scope,"non-monomer complexity (dimer/multi-peptide) -- not a single-chain SMILES peptide, out of scope for this dataset"
21793,b1_excluded_non_monomer,out_of_scope,"non-monomer complexity (dimer/multi-peptide) -- not a single-chain SMILES peptide, out of scope for this dataset"
21826,b2_excluded_unsupported_terminus,terminus_based,unsupported N-terminal modification '(CH3)2' (only free amine or ACT acetylation supported)
21790,b1_excluded_non_monomer,out_of_scope,"non-monomer complexity (dimer/multi-peptide) -- not a single-chain SMILES peptide, out of scope for this dataset"
21799,b1_excluded_non_monomer,out_of_scope,"non-monomer complexity (dimer/multi-peptide) -- not a single-chain SMILES peptide, out of scope for this dataset"
21825,b2_excluded_unsupported_terminus,terminus_based,unsupported N-terminal modification '(CH3)2' (only free amine or ACT acetylation supported)
21796,b1_excluded_non_monomer,out_of_scope,"non-monomer complexity (dimer/multi-peptide) -- not a single-chain SMILES peptide, out of scope for this dataset"
21805,b1_excluded_non_monomer,out_of_scope,"non-monomer complexity (dimer/multi-peptide) -- not a single-chain SMILES peptide, out of scope for this dataset"
21811,b1_excluded_non_monomer,out_of_scope,"non-monomer complexity (dimer/multi-peptide) -- not a single-chain SMILES peptide, out of scope for this dataset"
21808,b1_excluded_non_monomer,out_of_scope,"non-monomer complexity (dimer/multi-peptide) -- not a single-chain SMILES peptide, out of scope for this dataset"
21802,b1_excluded_non_monomer,out_of_scope,"non-monomer complexity (dimer/multi-peptide) -- not a single-chain SMILES peptide, out of scope for this dataset"
21817,b1_excluded_non_monomer,out_of_scope,"non-monomer complexity (dimer/multi-peptide) -- not a single-chain SMILES peptide, out of scope for this dataset"
21814,b1_excluded_non_monomer,out_of_scope,"non-monomer complexity (dimer/multi-peptide) -- not a single-chain SMILES peptide, out of scope for this dataset"
21820,b1_excluded_non_monomer,out_of_scope,"non-monomer complexity (dimer/multi-peptide) -- not a single-chain SMILES peptide, out of scope for this dataset"
21895,b2_excluded_unsupported_terminus,terminus_based,unsupported N-terminal modification '2-O-C4' (only free amine or ACT acetylation supported)
21897,b3_excluded_residue_no_smiles,residue_based,position 2 ('DHB'): unknown residue code 'DHB': no match in p2smi database (checked Code='DHB'); position 5 ('DHA'): unknown residue code 'DHA': no match in p2smi database (checked Code='DHA'); position 18 ('DHB'): unknown residue code 'DHB': no match in p2smi database (checked Code='DHB'); position 31 ('DHB'): unknown residue code 'DHB': no match in p2smi database (checked Code='DHB')
21906,b3_excluded_residue_no_smiles,residue_based,position 2 ('DHB'): unknown residue code 'DHB': no match in p2smi database (checked Code='DHB'); position 5 ('DHA'): unknown residue code 'DHA': no match in p2smi database (checked Code='DHA'); position 18 ('DHB'): unknown residue code 'DHB': no match in p2smi database (checked Code='DHB'); position 31 ('DHB'): unknown residue code 'DHB': no match in p2smi database (checked Code='DHB')
21898,b3_excluded_residue_no_smiles,residue_based,position 5 ('DHA'): unknown residue code 'DHA': no match in p2smi database (checked Code='DHA'); position 18 ('DHB'): unknown residue code 'DHB': no match in p2smi database (checked Code='DHB'); position 31 ('DHB'): unknown residue code 'DHB': no match in p2smi database (checked Code='DHB')
21904,b3_excluded_residue_no_smiles,residue_based,position 2 ('DHB'): unknown residue code 'DHB': no match in p2smi database (checked Code='DHB'); position 5 ('DHA'): unknown residue code 'DHA': no match in p2smi database (checked Code='DHA'); position 18 ('DHB'): unknown residue code 'DHB': no match in p2smi database (checked Code='DHB'); position 31 ('DHB'): unknown residue code 'DHB': no match in p2smi database (checked Code='DHB')
21908,b2_excluded_unsupported_terminus,terminus_based,unsupported N-terminal modification '(CH3)2' (only free amine or ACT acetylation supported)
21901,b3_excluded_residue_no_smiles,residue_based,position 2 ('DHB'): unknown residue code 'DHB': no match in p2smi database (checked Code='DHB'); position 5 ('DHA'): unknown residue code 'DHA': no match in p2smi database (checked Code='DHA'); position 29 ('DHA'): unknown residue code 'DHA': no match in p2smi database (checked Code='DHA')
21900,b3_excluded_residue_no_smiles,residue_based,position 5 ('DHA'): unknown residue code 'DHA': no match in p2smi database (checked Code='DHA'); position 18 ('DHB'): unknown residue code 'DHB': no match in p2smi database (checked Code='DHB'); position 31 ('DHB'): unknown residue code 'DHB': no match in p2smi database (checked Code='DHB')
21909,b3_excluded_residue_no_smiles,residue_based,position 2 ('DHA'): unknown residue code 'DHA': no match in p2smi database (checked Code='DHA'); position 4 ('DHB'): unknown residue code 'DHB': no match in p2smi database (checked Code='DHB'); position 12 ('DHB'): unknown residue code 'DHB': no match in p2smi database (checked Code='DHB'); position 18 ('DHA'): unknown residue code 'DHA': no match in p2smi database (checked Code='DHA'); position 30 ('DHB'): unknown residue code 'DHB': no match in p2smi database (checked Code='DHB')
21905,b3_excluded_residue_no_smiles,residue_based,position 2 ('DHB'): unknown residue code 'DHB': no match in p2smi database (checked Code='DHB'); position 5 ('DHA'): unknown residue code 'DHA': no match in p2smi database (checked Code='DHA'); position 18 ('DHB'): unknown residue code 'DHB': no match in p2smi database (checked Code='DHB'); position 31 ('DHB'): unknown residue code 'DHB': no match in p2smi database (checked Code='DHB')
21903,b3_excluded_residue_no_smiles,residue_based,position 5 ('DHA'): unknown residue code 'DHA': no match in p2smi database (checked Code='DHA'); position 18 ('DHB'): unknown residue code 'DHB': no match in p2smi database (checked Code='DHB'); position 31 ('DHB'): unknown residue code 'DHB': no match in p2smi database (checked Code='DHB')
21910,b2_excluded_unsupported_terminus,terminus_based,unsupported N-terminal modification '(CH3)2' (only free amine or ACT acetylation supported)
21899,b3_excluded_residue_no_smiles,residue_based,position 2 ('DHB'): unknown residue code 'DHB': no match in p2smi database (checked Code='DHB'); position 5 ('DHA'): unknown residue code 'DHA': no match in p2smi database (checked Code='DHA'); position 18 ('DHB'): unknown residue code 'DHB': no match in p2smi database (checked Code='DHB')
21907,b2_excluded_unsupported_terminus,terminus_based,unsupported N-terminal modification '(CH3)2' (only free amine or ACT acetylation supported)
21902,b3_excluded_residue_no_smiles,residue_based,position 2 ('DHB'): unknown residue code 'DHB': no match in p2smi database (checked Code='DHB'); position 5 ('DHA'): unknown residue code 'DHA': no match in p2smi database (checked Code='DHA'); position 29 ('DHA'): unknown residue code 'DHA': no match in p2smi database (checked Code='DHA')
21911,b2_excluded_unsupported_terminus,terminus_based,unsupported N-terminal modification '(CH3)2' (only free amine or ACT acetylation supported)
21931,b2_excluded_unsupported_terminus,terminus_based,unsupported N-terminal modification '(CH3)2' (only free amine or ACT acetylation supported)
21930,b2_excluded_unsupported_terminus,terminus_based,unsupported N-terminal modification '(CH3)2' (only free amine or ACT acetylation supported)
21939,b3_excluded_residue_no_smiles,residue_based,position 2 ('DHB'): unknown residue code 'DHB': no match in p2smi database (checked Code='DHB'); position 5 ('DHA'): unknown residue code 'DHA': no match in p2smi database (checked Code='DHA')
21940,b3_excluded_residue_no_smiles,residue_based,position 2 ('DHB'): unknown residue code 'DHB': no match in p2smi database (checked Code='DHB'); position 5 ('DHA'): unknown residue code 'DHA': no match in p2smi database (checked Code='DHA'); position 18 ('DHA'): unknown residue code 'DHA': no match in p2smi database (checked Code='DHA'); position 33 ('DHA'): unknown residue code 'DHA': no match in p2smi database (checked Code='DHA')
21973,b3_excluded_residue_no_smiles,residue_based,"position 1 ('15-N,N-Me-Guan-C15'): unknown residue code '15-N,N-Me-Guan-C15': no match in p2smi database (checked Code='15-N,N-ME-GUAN-C15')"
21974,b2_excluded_unsupported_terminus,terminus_based,"unsupported N-terminal modification 'N(3Me)-2-Me-3,19,21,23,25,27,30-OH-(E)11-C31' (only free amine or ACT acetylation supported)"
21935,b1_excluded_non_monomer,out_of_scope,"non-monomer complexity (dimer/multi-peptide) -- not a single-chain SMILES peptide, out of scope for this dataset"
21977,b2_excluded_unsupported_terminus,terminus_based,unsupported N-terminal modification '2-OH-C3' (only free amine or ACT acetylation supported)
21975,b2_excluded_unsupported_terminus,terminus_based,unsupported N-terminal modification 'Pyr' (only free amine or ACT acetylation supported)
21976,b2_excluded_unsupported_terminus,terminus_based,unsupported N-terminal modification 'Pyr' (only free amine or ACT acetylation supported)
21979,b2_excluded_unsupported_terminus,terminus_based,unsupported N-terminal modification '2-OH-C3' (only free amine or ACT acetylation supported)
21978,b2_excluded_unsupported_terminus,terminus_based,unsupported N-terminal modification '2-OH-2-Me-4-O-C5' (only free amine or ACT acetylation supported)
22000,b2_excluded_unsupported_terminus,terminus_based,unsupported N-terminal modification '(CH3)2' (only free amine or ACT acetylation supported)
22001,b3_excluded_residue_no_smiles,residue_based,position 2 ('DHB'): unknown residue code 'DHB': no match in p2smi database (checked Code='DHB'); position 5 ('DHA'): unknown residue code 'DHA': no match in p2smi database (checked Code='DHA')
22002,b3_excluded_residue_no_smiles,residue_based,position 2 ('DHB'): unknown residue code 'DHB': no match in p2smi database (checked Code='DHB'); position 5 ('DHA'): unknown residue code 'DHA': no match in p2smi database (checked Code='DHA')
21936,b1_excluded_non_monomer,out_of_scope,"non-monomer complexity (dimer/multi-peptide) -- not a single-chain SMILES peptide, out of scope for this dataset"
21938,b1_excluded_non_monomer,out_of_scope,"non-monomer complexity (dimer/multi-peptide) -- not a single-chain SMILES peptide, out of scope for this dataset"
22040,b2_excluded_unsupported_terminus,terminus_based,"unsupported N-terminal modification '(Z)4-(E)6-2,6,8-Me-2,3-OH-C10' (only free amine or ACT acetylation supported)"
22041,b2_excluded_unsupported_terminus,terminus_based,"unsupported N-terminal modification '(Z)4-(E)6-2,6,8-Me-2,3-OH-C10' (only free amine or ACT acetylation supported)"
22039,b3_excluded_residue_no_smiles,residue_based,position 8 ('NLys'): unknown residue code 'NLys': no match in p2smi database (checked Code='NLYS')
22045,b2_excluded_unsupported_terminus,terminus_based,"unsupported N-terminal modification '(Z)4-(E)6-2,6,8-Me-2,3-OH-C10' (only free amine or ACT acetylation supported)"
22044,b2_excluded_unsupported_terminus,terminus_based,"unsupported N-terminal modification '(Z)4-(E)6-2,6,8-Me-2,3-OH-C10' (only free amine or ACT acetylation supported)"
22046,b2_excluded_unsupported_terminus,terminus_based,"unsupported N-terminal modification ' (Z)4-(E)6-2,6,8-Me-3-OH-C10' (only free amine or ACT acetylation supported)"
22047,b2_excluded_unsupported_terminus,terminus_based,"unsupported N-terminal modification '(Z)4-(E)6-2,6,8-Me-2,3-OH-C10' (only free amine or ACT acetylation supported)"
22042,b2_excluded_unsupported_terminus,terminus_based,"unsupported N-terminal modification '(Z)4-(E)6-2,6,8-Me-2,3-OH-C10' (only free amine or ACT acetylation supported)"
22048,b2_excluded_unsupported_terminus,terminus_based,"unsupported N-terminal modification ' (Z)4-(E)6-2,6,8-Me-3-OH-C10' (only free amine or ACT acetylation supported)"
22043,b2_excluded_unsupported_terminus,terminus_based,"unsupported N-terminal modification '(Z)4-(E)6-2,6,8-Me-2,3-OH-C10' (only free amine or ACT acetylation supported)"
22068,b4_excluded_nonstandard_bond,bond_based,2 intrachain bonds present -- multi-bond (e.g. multiply-bridged / bicyclic) peptides are out of scope for automated generation in this pass
22069,b3_excluded_residue_no_smiles,residue_based,position 8 ('DHB'): unknown residue code 'DHB': no match in p2smi database (checked Code='DHB'); position 13 ('DHA'): unknown residue code 'DHA': no match in p2smi database (checked Code='DHA')
22078,b2_excluded_unsupported_terminus,terminus_based,unsupported N-terminal modification '(CH3)2' (only free amine or ACT acetylation supported)
22080,b2_excluded_unsupported_terminus,terminus_based,unsupported C-terminal modification 'Spr' (only free acid or AMD amidation supported)
22084,b2_excluded_unsupported_terminus,terminus_based,unsupported N-terminal modification 'C14' (only free amine or ACT acetylation supported)
22082,b2_excluded_unsupported_terminus,terminus_based,unsupported N-terminal modification 'C10' (only free amine or ACT acetylation supported)
22089,b3_excluded_residue_no_smiles,residue_based,position 2 ('Iva'): unknown residue code 'Iva': no match in p2smi database (checked Code='IVA'); position 4 ('AIB'): unknown residue code 'AIB': no match in p2smi database (checked Code='AIB'); position 7 ('AIB'): unknown residue code 'AIB': no match in p2smi database (checked Code='AIB'); position 9 ('AIB'): unknown residue code 'AIB': no match in p2smi database (checked Code='AIB'); position 12 ('AIB'): unknown residue code 'AIB': no match in p2smi database (checked Code='AIB'); position 13 ('4-HYP'): unknown residue code '4-HYP': no match in p2smi database (checked Code='4-HYP'); position 14 ('Iva'): unknown residue code 'Iva': no match in p2smi database (checked Code='IVA'); position 15 ('4-Me-Pro'): unknown residue code '4-Me-Pro': no match in p2smi database (checked Code='4-ME-PRO')
22090,b3_excluded_residue_no_smiles,residue_based,position 2 ('Iva'): unknown residue code 'Iva': no match in p2smi database (checked Code='IVA'); position 4 ('AIB'): unknown residue code 'AIB': no match in p2smi database (checked Code='AIB'); position 7 ('AIB'): unknown residue code 'AIB': no match in p2smi database (checked Code='AIB'); position 9 ('AIB'): unknown residue code 'AIB': no match in p2smi database (checked Code='AIB'); position 12 ('AIB'): unknown residue code 'AIB': no match in p2smi database (checked Code='AIB'); position 13 ('4-HYP'): unknown residue code '4-HYP': no match in p2smi database (checked Code='4-HYP'); position 14 ('AIB'): unknown residue code 'AIB': no match in p2smi database (checked Code='AIB'); position 15 ('4-Me-Pro'): unknown residue code '4-Me-Pro': no match in p2smi database (checked Code='4-ME-PRO')
22091,b3_excluded_residue_no_smiles,residue_based,position 2 ('Iva'): unknown residue code 'Iva': no match in p2smi database (checked Code='IVA'); position 4 ('AIB'): unknown residue code 'AIB': no match in p2smi database (checked Code='AIB'); position 7 ('AIB'): unknown residue code 'AIB': no match in p2smi database (checked Code='AIB'); position 9 ('AIB'): unknown residue code 'AIB': no match in p2smi database (checked Code='AIB'); position 12 ('AIB'): unknown residue code 'AIB': no match in p2smi database (checked Code='AIB'); position 13 ('4-HYP'): unknown residue code '4-HYP': no match in p2smi database (checked Code='4-HYP'); position 14 ('Iva'): unknown residue code 'Iva': no match in p2smi database (checked Code='IVA'); position 15 ('4-Me-Pro'): unknown residue code '4-Me-Pro': no match in p2smi database (checked Code='4-ME-PRO')
22083,b2_excluded_unsupported_terminus,terminus_based,unsupported N-terminal modification 'C12' (only free amine or ACT acetylation supported)
22088,b3_excluded_residue_no_smiles,residue_based,"position 2 ('Iva'): unknown residue code 'Iva': no match in p2smi database (checked Code='IVA'); position 4 ('AIB'): unknown residue code 'AIB': no match in p2smi database (checked Code='AIB'); position 7 ('AIB'): unknown residue code 'AIB': no match in p2smi database (checked Code='AIB'); position 9 ('AIB'): unknown residue code 'AIB': no match in p2smi database (checked Code='AIB'); position 12 ('AIB'): unknown residue code 'AIB': no match in p2smi database (checked Code='AIB'); position 13 ('4-HYP'): unknown residue code '4-HYP': no match in p2smi database (checked Code='4-HYP'); position 14 ('X'): unresolved residue character, no unusualAminoAcids annotation covers this position; position 15 ('Iva'): unknown residue code 'Iva': no match in p2smi database (checked Code='IVA')"
22092,b3_excluded_residue_no_smiles,residue_based,position 2 ('Iva'): unknown residue code 'Iva': no match in p2smi database (checked Code='IVA'); position 4 ('AIB'): unknown residue code 'AIB': no match in p2smi database (checked Code='AIB'); position 7 ('AIB'): unknown residue code 'AIB': no match in p2smi database (checked Code='AIB'); position 9 ('AIB'): unknown residue code 'AIB': no match in p2smi database (checked Code='AIB'); position 12 ('AIB'): unknown residue code 'AIB': no match in p2smi database (checked Code='AIB'); position 13 ('4-HYP'): unknown residue code '4-HYP': no match in p2smi database (checked Code='4-HYP'); position 14 ('Iva'): unknown residue code 'Iva': no match in p2smi database (checked Code='IVA')
22132,b2_excluded_unsupported_terminus,terminus_based,unsupported C-terminal modification 'PHEol' (only free acid or AMD amidation supported)
22133,b2_excluded_unsupported_terminus,terminus_based,unsupported C-terminal modification 'PHEol' (only free acid or AMD amidation supported)
22136,b3_excluded_residue_no_smiles,residue_based,position 7 ('GABA'): unknown residue code 'GABA': no match in p2smi database (checked Code='GABA')
22147,b2_excluded_unsupported_terminus,terminus_based,"unsupported N-terminal modification '3-OH-6,8-Me-(Z)4-C9' (only free amine or ACT acetylation supported)"
22144,b2_excluded_unsupported_terminus,terminus_based,unsupported N-terminal modification 'FOR' (only free amine or ACT acetylation supported)
22145,b2_excluded_unsupported_terminus,terminus_based,unsupported N-terminal modification 'FOR' (only free amine or ACT acetylation supported)
22134,b2_excluded_unsupported_terminus,terminus_based,unsupported C-terminal modification 'LEUol' (only free acid or AMD amidation supported)
22146,b2_excluded_unsupported_terminus,terminus_based,"unsupported N-terminal modification '3-OH-6,8-Me-(Z)4-C9' (only free amine or ACT acetylation supported)"
22135,b2_excluded_unsupported_terminus,terminus_based,unsupported C-terminal modification 'LEUol' (only free acid or AMD amidation supported)
22153,b2_excluded_unsupported_terminus,terminus_based,unsupported N-terminal modification '3-OH-Pic' (only free amine or ACT acetylation supported)
22148,b2_excluded_unsupported_terminus,terminus_based,unsupported N-terminal modification '2-O-C4' (only free amine or ACT acetylation supported)
22155,b2_excluded_unsupported_terminus,terminus_based,unsupported N-terminal modification '3-OH-Pic' (only free amine or ACT acetylation supported)
22154,b2_excluded_unsupported_terminus,terminus_based,unsupported N-terminal modification '3-OH-Pic' (only free amine or ACT acetylation supported)
22158,b3_excluded_residue_no_smiles,residue_based,position 3 ('D-OH-Leu'): unknown residue code 'D-OH-Leu': no match in p2smi database (checked Code='OH-LEU'); position 4 ('Piz'): unknown residue code 'Piz': no match in p2smi database (checked Code='PIZ'); position 5 ('D-Piz'): unknown residue code 'D-Piz': no match in p2smi database (checked Code='PIZ'); position 6 ('Me-Phe'): unknown residue code 'Me-Phe': no match in p2smi database (checked Code='ME-PHE')
22157,b3_excluded_residue_no_smiles,residue_based,position 3 ('OH-VAL'): unknown residue code 'OH-VAL': no match in p2smi database (checked Code='OH-VAL'); position 4 ('Piz'): unknown residue code 'Piz': no match in p2smi database (checked Code='PIZ'); position 5 ('D-Piz'): unknown residue code 'D-Piz': no match in p2smi database (checked Code='PIZ'); position 6 ('Me-Phe'): unknown residue code 'Me-Phe': no match in p2smi database (checked Code='ME-PHE')
22168,b2_excluded_unsupported_terminus,terminus_based,unsupported N-terminal modification '3-OH-9-Me-C10' (only free amine or ACT acetylation supported)
22167,b2_excluded_unsupported_terminus,terminus_based,unsupported N-terminal modification '7-Me-C8' (only free amine or ACT acetylation supported)
22170,b2_excluded_unsupported_terminus,terminus_based,unsupported N-terminal modification '(E)19-3-OH-C28' (only free amine or ACT acetylation supported)
22169,b2_excluded_unsupported_terminus,terminus_based,unsupported N-terminal modification '3-OH-C26' (only free amine or ACT acetylation supported)
22152,b2_excluded_unsupported_terminus,terminus_based,unsupported N-terminal modification '3-OH-Pic' (only free amine or ACT acetylation supported)
22178,b2_excluded_unsupported_terminus,terminus_based,unsupported N-terminal modification '(CH3)2' (only free amine or ACT acetylation supported)
22181,b2_excluded_unsupported_terminus,terminus_based,unsupported N-terminal modification '(CH3)2' (only free amine or ACT acetylation supported)
22184,b2_excluded_unsupported_terminus,terminus_based,unsupported N-terminal modification '(CH3)2' (only free amine or ACT acetylation supported)
22187,b2_excluded_unsupported_terminus,terminus_based,unsupported N-terminal modification '(CH3)2' (only free amine or ACT acetylation supported)
22190,b2_excluded_unsupported_terminus,terminus_based,unsupported N-terminal modification '(CH3)2' (only free amine or ACT acetylation supported)
22193,b3_excluded_residue_no_smiles,residue_based,position 1 ('Me-Leu'): unknown residue code 'Me-Leu': no match in p2smi database (checked Code='ME-LEU'); position 2 ('N-TYR'): unknown residue code 'N-TYR': no match in p2smi database (checked Code='N-TYR'); position 4 ('N-Me-5-OH-Leu'): unknown residue code 'N-Me-5-OH-Leu': no match in p2smi database (checked Code='N-ME-5-OH-LEU'); position 6 ('2-Ahx'): unknown residue code '2-Ahx': no match in p2smi database (checked Code='2-AHX'); position 7 ('Er-Pre-TRP'): unknown residue code 'Er-Pre-TRP': no match in p2smi database (checked Code='ER-PRE-TRP')
22199,b3_excluded_residue_no_smiles,residue_based,position 1 ('Me-Leu'): unknown residue code 'Me-Leu': no match in p2smi database (checked Code='ME-LEU'); position 2 ('N-TYR'): unknown residue code 'N-TYR': no match in p2smi database (checked Code='N-TYR'); position 4 ('N-Me-5-OH-Leu'): unknown residue code 'N-Me-5-OH-Leu': no match in p2smi database (checked Code='N-ME-5-OH-LEU'); position 6 ('2-Ahx'): unknown residue code '2-Ahx': no match in p2smi database (checked Code='2-AHX'); position 7 ('DHDMP-Trp'): unknown residue code 'DHDMP-Trp': no match in p2smi database (checked Code='DHDMP-TRP')
22194,b3_excluded_residue_no_smiles,residue_based,position 1 ('Me-Leu'): unknown residue code 'Me-Leu': no match in p2smi database (checked Code='ME-LEU'); position 2 ('N-TYR'): unknown residue code 'N-TYR': no match in p2smi database (checked Code='N-TYR'); position 4 ('N-Me-5-OH-Leu'): unknown residue code 'N-Me-5-OH-Leu': no match in p2smi database (checked Code='N-ME-5-OH-LEU'); position 6 ('2-Ahx'): unknown residue code '2-Ahx': no match in p2smi database (checked Code='2-AHX'); position 7 ('N-DMA-TRP'): unknown residue code 'N-DMA-TRP': no match in p2smi database (checked Code='N-DMA-TRP')
22197,b3_excluded_residue_no_smiles,residue_based,position 2 ('N-TYR'): unknown residue code 'N-TYR': no match in p2smi database (checked Code='N-TYR'); position 4 ('Me-Leu'): unknown residue code 'Me-Leu': no match in p2smi database (checked Code='ME-LEU'); position 6 ('2-Ahx'): unknown residue code '2-Ahx': no match in p2smi database (checked Code='2-AHX'); position 7 ('Er-Pre-TRP'): unknown residue code 'Er-Pre-TRP': no match in p2smi database (checked Code='ER-PRE-TRP')
22196,b3_excluded_residue_no_smiles,residue_based,"position 1 ('Me-Leu'): unknown residue code 'Me-Leu': no match in p2smi database (checked Code='ME-LEU'); position 2 ('N-TYR'): unknown residue code 'N-TYR': no match in p2smi database (checked Code='N-TYR'); position 4 ('N-Me-4,5-OMe-Leu'): unknown residue code 'N-Me-4,5-OMe-Leu': no match in p2smi database (checked Code='N-ME-4,5-OME-LEU'); position 6 ('2-Ahx'): unknown residue code '2-Ahx': no match in p2smi database (checked Code='2-AHX'); position 7 ('Er-Pre-TRP'): unknown residue code 'Er-Pre-TRP': no match in p2smi database (checked Code='ER-PRE-TRP')"
22200,b3_excluded_residue_no_smiles,residue_based,position 1 ('Me-Leu'): unknown residue code 'Me-Leu': no match in p2smi database (checked Code='ME-LEU'); position 2 ('N-TYR'): unknown residue code 'N-TYR': no match in p2smi database (checked Code='N-TYR'); position 4 ('N-Me-5-OH-Leu'): unknown residue code 'N-Me-5-OH-Leu': no match in p2smi database (checked Code='N-ME-5-OH-LEU'); position 6 ('2-Ahx'): unknown residue code '2-Ahx': no match in p2smi database (checked Code='2-AHX'); position 7 ('Er-Pre-TRP'): unknown residue code 'Er-Pre-TRP': no match in p2smi database (checked Code='ER-PRE-TRP')
22183,b1_excluded_non_monomer,out_of_scope,"non-monomer complexity (dimer/multi-peptide) -- not a single-chain SMILES peptide, out of scope for this dataset"
22180,b1_excluded_non_monomer,out_of_scope,"non-monomer complexity (dimer/multi-peptide) -- not a single-chain SMILES peptide, out of scope for this dataset"
22179,b1_excluded_non_monomer,out_of_scope,"non-monomer complexity (dimer/multi-peptide) -- not a single-chain SMILES peptide, out of scope for this dataset"
22186,b1_excluded_non_monomer,out_of_scope,"non-monomer complexity (dimer/multi-peptide) -- not a single-chain SMILES peptide, out of scope for this dataset"
22182,b1_excluded_non_monomer,out_of_scope,"non-monomer complexity (dimer/multi-peptide) -- not a single-chain SMILES peptide, out of scope for this dataset"
22185,b1_excluded_non_monomer,out_of_scope,"non-monomer complexity (dimer/multi-peptide) -- not a single-chain SMILES peptide, out of scope for this dataset"
22188,b1_excluded_non_monomer,out_of_scope,"non-monomer complexity (dimer/multi-peptide) -- not a single-chain SMILES peptide, out of scope for this dataset"
22189,b1_excluded_non_monomer,out_of_scope,"non-monomer complexity (dimer/multi-peptide) -- not a single-chain SMILES peptide, out of scope for this dataset"
22192,b1_excluded_non_monomer,out_of_scope,"non-monomer complexity (dimer/multi-peptide) -- not a single-chain SMILES peptide, out of scope for this dataset"
22191,b1_excluded_non_monomer,out_of_scope,"non-monomer complexity (dimer/multi-peptide) -- not a single-chain SMILES peptide, out of scope for this dataset"
22222,b3_excluded_residue_no_smiles,residue_based,position 1 ('5-Br-TRP'): unknown residue code '5-Br-TRP': no match in p2smi database (checked Code='5-BR-TRP'); position 5 ('DHLys'): unknown residue code 'DHLys': no match in p2smi database (checked Code='DHLYS')
22221,b3_excluded_residue_no_smiles,residue_based,position 1 ('5-Br-TRP'): unknown residue code '5-Br-TRP': no match in p2smi database (checked Code='5-BR-TRP')
22242,b2_excluded_unsupported_terminus,terminus_based,unsupported N-terminal modification 'FA' (only free amine or ACT acetylation supported)
22297,b3_excluded_residue_no_smiles,residue_based,position 10 ('S-ALA-4-pen'): unknown residue code 'S-ALA-4-pen': no match in p2smi database (checked Code='S-ALA-4-PEN'); position 14 ('S-ALA-4-pen'): unknown residue code 'S-ALA-4-pen': no match in p2smi database (checked Code='S-ALA-4-PEN')
22300,b3_excluded_residue_no_smiles,residue_based,position 6 ('S-ALA-4-pen'): unknown residue code 'S-ALA-4-pen': no match in p2smi database (checked Code='S-ALA-4-PEN'); position 10 ('S-ALA-4-pen'): unknown residue code 'S-ALA-4-pen': no match in p2smi database (checked Code='S-ALA-4-PEN')
22302,b3_excluded_residue_no_smiles,residue_based,position 3 ('S-ALA-4-pen'): unknown residue code 'S-ALA-4-pen': no match in p2smi database (checked Code='S-ALA-4-PEN'); position 7 ('S-ALA-4-pen'): unknown residue code 'S-ALA-4-pen': no match in p2smi database (checked Code='S-ALA-4-PEN')
22301,b3_excluded_residue_no_smiles,residue_based,position 5 ('S-ALA-4-pen'): unknown residue code 'S-ALA-4-pen': no match in p2smi database (checked Code='S-ALA-4-PEN'); position 9 ('S-ALA-4-pen'): unknown residue code 'S-ALA-4-pen': no match in p2smi database (checked Code='S-ALA-4-PEN')
22303,b3_excluded_residue_no_smiles,residue_based,position 2 ('S-ALA-4-pen'): unknown residue code 'S-ALA-4-pen': no match in p2smi database (checked Code='S-ALA-4-PEN'); position 6 ('S-ALA-4-pen'): unknown residue code 'S-ALA-4-pen': no match in p2smi database (checked Code='S-ALA-4-PEN')
22298,b3_excluded_residue_no_smiles,residue_based,position 9 ('S-ALA-4-pen'): unknown residue code 'S-ALA-4-pen': no match in p2smi database (checked Code='S-ALA-4-PEN'); position 13 ('S-ALA-4-pen'): unknown residue code 'S-ALA-4-pen': no match in p2smi database (checked Code='S-ALA-4-PEN')
22299,b3_excluded_residue_no_smiles,residue_based,position 7 ('S-ALA-4-pen'): unknown residue code 'S-ALA-4-pen': no match in p2smi database (checked Code='S-ALA-4-PEN'); position 11 ('S-ALA-4-pen'): unknown residue code 'S-ALA-4-pen': no match in p2smi database (checked Code='S-ALA-4-PEN')
22329,b3_excluded_residue_no_smiles,residue_based,position 1 ('βALA'): unknown residue code 'βALA': no match in p2smi database (checked Code='ΒALA'); position 3 ('βALA'): unknown residue code 'βALA': no match in p2smi database (checked Code='ΒALA'); position 5 ('βALA'): unknown residue code 'βALA': no match in p2smi database (checked Code='ΒALA'); position 7 ('AEEA'): unknown residue code 'AEEA': no match in p2smi database (checked Code='AEEA')
22304,b1_excluded_non_monomer,out_of_scope,"non-monomer complexity (dimer/multi-peptide) -- not a single-chain SMILES peptide, out of scope for this dataset"
22333,b2_excluded_unsupported_terminus,terminus_based,unsupported N-terminal modification 'C5' (only free amine or ACT acetylation supported)
22335,b3_excluded_residue_no_smiles,residue_based,position 1 ('Ahx'): unknown residue code 'Ahx': no match in p2smi database (checked Code='AHX'); position 2 ('βALA'): unknown residue code 'βALA': no match in p2smi database (checked Code='ΒALA'); position 4 ('AEEA'): unknown residue code 'AEEA': no match in p2smi database (checked Code='AEEA')
22336,b2_excluded_unsupported_terminus,terminus_based,unsupported N-terminal modification 'C12' (only free amine or ACT acetylation supported)
22337,b2_excluded_unsupported_terminus,terminus_based,unsupported N-terminal modification 'C16' (only free amine or ACT acetylation supported)
22351,b2_excluded_unsupported_terminus,terminus_based,unsupported N-terminal modification 'COC3H6CO' (only free amine or ACT acetylation supported)
22352,b3_excluded_residue_no_smiles,residue_based,position 2 ('DHB'): unknown residue code 'DHB': no match in p2smi database (checked Code='DHB'); position 5 ('DHA'): unknown residue code 'DHA': no match in p2smi database (checked Code='DHA'); position 33 ('DHA'): unknown residue code 'DHA': no match in p2smi database (checked Code='DHA')
22354,b3_excluded_residue_no_smiles,residue_based,position 1 ('5-Br-TRP'): unknown residue code '5-Br-TRP': no match in p2smi database (checked Code='5-BR-TRP'); position 2 ('DHB'): unknown residue code 'DHB': no match in p2smi database (checked Code='DHB'); position 5 ('DHA'): unknown residue code 'DHA': no match in p2smi database (checked Code='DHA'); position 33 ('DHA'): unknown residue code 'DHA': no match in p2smi database (checked Code='DHA')
22353,b3_excluded_residue_no_smiles,residue_based,position 1 ('5-OH-TRP'): unknown residue code '5-OH-TRP': no match in p2smi database (checked Code='5-OH-TRP'); position 2 ('DHB'): unknown residue code 'DHB': no match in p2smi database (checked Code='DHB'); position 5 ('DHA'): unknown residue code 'DHA': no match in p2smi database (checked Code='DHA'); position 33 ('DHA'): unknown residue code 'DHA': no match in p2smi database (checked Code='DHA')
22361,b2_excluded_unsupported_terminus,terminus_based,unsupported N-terminal modification 'COC3H6CO' (only free amine or ACT acetylation supported)
22358,b2_excluded_unsupported_terminus,terminus_based,unsupported N-terminal modification 'COC3H6CO' (only free amine or ACT acetylation supported)
22355,b3_excluded_residue_no_smiles,residue_based,position 1 ('6-Br-trp'): unknown residue code '6-Br-trp': no match in p2smi database (checked Code='6-BR-TRP'); position 2 ('DHB'): unknown residue code 'DHB': no match in p2smi database (checked Code='DHB'); position 5 ('DHA'): unknown residue code 'DHA': no match in p2smi database (checked Code='DHA'); position 33 ('DHA'): unknown residue code 'DHA': no match in p2smi database (checked Code='DHA')
22359,b3_excluded_residue_no_smiles,residue_based,position 10 ('N-TYR'): unknown residue code 'N-TYR': no match in p2smi database (checked Code='N-TYR')
22360,b3_excluded_residue_no_smiles,residue_based,position 10 ('N-TYR'): unknown residue code 'N-TYR': no match in p2smi database (checked Code='N-TYR')
22367,b2_excluded_unsupported_terminus,terminus_based,unsupported N-terminal modification 'pNBA' (only free amine or ACT acetylation supported)
22368,b2_excluded_unsupported_terminus,terminus_based,unsupported N-terminal modification '(CH3)2' (only free amine or ACT acetylation supported)
22370,b1_excluded_non_monomer,out_of_scope,"non-monomer complexity (dimer/multi-peptide) -- not a single-chain SMILES peptide, out of scope for this dataset"
22369,b1_excluded_non_monomer,out_of_scope,"non-monomer complexity (dimer/multi-peptide) -- not a single-chain SMILES peptide, out of scope for this dataset"
22371,b1_excluded_non_monomer,out_of_scope,"non-monomer complexity (dimer/multi-peptide) -- not a single-chain SMILES peptide, out of scope for this dataset"
22446,b1_excluded_non_monomer,out_of_scope,"non-monomer complexity (dimer/multi-peptide) -- not a single-chain SMILES peptide, out of scope for this dataset"
22486,b3_excluded_residue_no_smiles,residue_based,"position 1 ('13-N,N-Me-Guan-(E)2,4,8-C13'): unknown residue code '13-N,N-Me-Guan-(E)2,4,8-C13': no match in p2smi database (checked Code='13-N,N-ME-GUAN-(E)2,4,8-C13')"
22487,b3_excluded_residue_no_smiles,residue_based,"position 1 ('13-N,N-Me-Guan-(E)2,4,8-C13'): unknown residue code '13-N,N-Me-Guan-(E)2,4,8-C13': no match in p2smi database (checked Code='13-N,N-ME-GUAN-(E)2,4,8-C13')"
22488,b4_excluded_nonstandard_bond,bond_based,"unrecognized DBAASP cycleType='AVC' (bond type='TIE') -- no known p2smi mapping, flagged for manual review"
22469,b1_excluded_non_monomer,out_of_scope,"non-monomer complexity (dimer/multi-peptide) -- not a single-chain SMILES peptide, out of scope for this dataset"
22467,b1_excluded_non_monomer,out_of_scope,"non-monomer complexity (dimer/multi-peptide) -- not a single-chain SMILES peptide, out of scope for this dataset"
22483,b1_excluded_non_monomer,out_of_scope,"non-monomer complexity (dimer/multi-peptide) -- not a single-chain SMILES peptide, out of scope for this dataset"
22485,b1_excluded_non_monomer,out_of_scope,"non-monomer complexity (dimer/multi-peptide) -- not a single-chain SMILES peptide, out of scope for this dataset"
22489,b1_excluded_non_monomer,out_of_scope,"non-monomer complexity (dimer/multi-peptide) -- not a single-chain SMILES peptide, out of scope for this dataset"
22523,b1_excluded_non_monomer,out_of_scope,"non-monomer complexity (dimer/multi-peptide) -- not a single-chain SMILES peptide, out of scope for this dataset"
22516,b1_excluded_non_monomer,out_of_scope,"non-monomer complexity (dimer/multi-peptide) -- not a single-chain SMILES peptide, out of scope for this dataset"
22518,b1_excluded_non_monomer,out_of_scope,"non-monomer complexity (dimer/multi-peptide) -- not a single-chain SMILES peptide, out of scope for this dataset"
22513,b1_excluded_non_monomer,out_of_scope,"non-monomer complexity (dimer/multi-peptide) -- not a single-chain SMILES peptide, out of scope for this dataset"
22525,b1_excluded_non_monomer,out_of_scope,"non-monomer complexity (dimer/multi-peptide) -- not a single-chain SMILES peptide, out of scope for this dataset"
22520,b1_excluded_non_monomer,out_of_scope,"non-monomer complexity (dimer/multi-peptide) -- not a single-chain SMILES peptide, out of scope for this dataset"
22527,b1_excluded_non_monomer,out_of_scope,"non-monomer complexity (dimer/multi-peptide) -- not a single-chain SMILES peptide, out of scope for this dataset"
22536,b1_excluded_non_monomer,out_of_scope,"non-monomer complexity (dimer/multi-peptide) -- not a single-chain SMILES peptide, out of scope for this dataset"
22537,b1_excluded_non_monomer,out_of_scope,"non-monomer complexity (dimer/multi-peptide) -- not a single-chain SMILES peptide, out of scope for this dataset"
22540,b1_excluded_non_monomer,out_of_scope,"non-monomer complexity (dimer/multi-peptide) -- not a single-chain SMILES peptide, out of scope for this dataset"
22572,b2_excluded_unsupported_terminus,terminus_based,"unsupported N-terminal modification '3,5 Bis-(Me)Tol' (only free amine or ACT acetylation supported)"
22574,b2_excluded_unsupported_terminus,terminus_based,unsupported N-terminal modification '4-Me-Bz' (only free amine or ACT acetylation supported)
22573,b2_excluded_unsupported_terminus,terminus_based,"unsupported N-terminal modification '3,5 Bis-(Me)Tol' (only free amine or ACT acetylation supported)"
22575,b2_excluded_unsupported_terminus,terminus_based,unsupported N-terminal modification '4-Me-Bz' (only free amine or ACT acetylation supported)
22581,b3_excluded_residue_no_smiles,residue_based,position 5 ('DAP-Bu'): unknown residue code 'DAP-Bu': no match in p2smi database (checked Code='DAP-BU')
22580,b3_excluded_residue_no_smiles,residue_based,position 5 ('LYS-Bu'): unknown residue code 'LYS-Bu': no match in p2smi database (checked Code='LYS-BU')
22582,b3_excluded_residue_no_smiles,residue_based,position 18 ('LYS-Bu'): unknown residue code 'LYS-Bu': no match in p2smi database (checked Code='LYS-BU')
22583,b3_excluded_residue_no_smiles,residue_based,position 18 ('DAP-Bu'): unknown residue code 'DAP-Bu': no match in p2smi database (checked Code='DAP-BU')
22584,b3_excluded_residue_no_smiles,residue_based,position 18 ('LYS-Bu'): unknown residue code 'LYS-Bu': no match in p2smi database (checked Code='LYS-BU')
22592,b3_excluded_residue_no_smiles,residue_based,position 1 ('D-Me-Phe'): unknown residue code 'D-Me-Phe': no match in p2smi database (checked Code='ME-PHE'); position 5 ('D-Allo-ILE'): unknown residue code 'D-Allo-ILE': no match in p2smi database (checked Code='ALLO-ILE')
22594,b3_excluded_residue_no_smiles,residue_based,position 1 ('D-Me-Phe'): unknown residue code 'D-Me-Phe': no match in p2smi database (checked Code='ME-PHE'); position 5 ('D-Allo-ILE'): unknown residue code 'D-Allo-ILE': no match in p2smi database (checked Code='ALLO-ILE')
22568,b1_excluded_non_monomer,out_of_scope,"non-monomer complexity (dimer/multi-peptide) -- not a single-chain SMILES peptide, out of scope for this dataset"
22593,b3_excluded_residue_no_smiles,residue_based,position 1 ('D-Me-Phe'): unknown residue code 'D-Me-Phe': no match in p2smi database (checked Code='ME-PHE'); position 5 ('D-Allo-ILE'): unknown residue code 'D-Allo-ILE': no match in p2smi database (checked Code='ALLO-ILE')
22599,b3_excluded_residue_no_smiles,residue_based,position 1 ('D-Me-Phe'): unknown residue code 'D-Me-Phe': no match in p2smi database (checked Code='ME-PHE'); position 5 ('D-Allo-ILE'): unknown residue code 'D-Allo-ILE': no match in p2smi database (checked Code='ALLO-ILE')
22596,b3_excluded_residue_no_smiles,residue_based,position 1 ('D-Me-Phe'): unknown residue code 'D-Me-Phe': no match in p2smi database (checked Code='ME-PHE'); position 5 ('D-Allo-ILE'): unknown residue code 'D-Allo-ILE': no match in p2smi database (checked Code='ALLO-ILE')
22598,b3_excluded_residue_no_smiles,residue_based,position 1 ('D-Me-Phe'): unknown residue code 'D-Me-Phe': no match in p2smi database (checked Code='ME-PHE'); position 5 ('D-Allo-ILE'): unknown residue code 'D-Allo-ILE': no match in p2smi database (checked Code='ALLO-ILE')
22600,b3_excluded_residue_no_smiles,residue_based,position 1 ('D-Me-Phe'): unknown residue code 'D-Me-Phe': no match in p2smi database (checked Code='ME-PHE'); position 5 ('D-Allo-ILE'): unknown residue code 'D-Allo-ILE': no match in p2smi database (checked Code='ALLO-ILE')
22601,b3_excluded_residue_no_smiles,residue_based,position 1 ('D-Me-Phe'): unknown residue code 'D-Me-Phe': no match in p2smi database (checked Code='ME-PHE'); position 5 ('D-Allo-ILE'): unknown residue code 'D-Allo-ILE': no match in p2smi database (checked Code='ALLO-ILE')
22602,b3_excluded_residue_no_smiles,residue_based,position 1 ('D-Me-Phe'): unknown residue code 'D-Me-Phe': no match in p2smi database (checked Code='ME-PHE'); position 5 ('D-Allo-ILE'): unknown residue code 'D-Allo-ILE': no match in p2smi database (checked Code='ALLO-ILE'); position 10 ('S-S-tBu-CYS'): unknown residue code 'S-S-tBu-CYS': no match in p2smi database (checked Code='S-S-TBU-CYS')
22570,b1_excluded_non_monomer,out_of_scope,"non-monomer complexity (dimer/multi-peptide) -- not a single-chain SMILES peptide, out of scope for this dataset"
22597,b3_excluded_residue_no_smiles,residue_based,position 1 ('D-Me-Phe'): unknown residue code 'D-Me-Phe': no match in p2smi database (checked Code='ME-PHE'); position 5 ('D-Allo-ILE'): unknown residue code 'D-Allo-ILE': no match in p2smi database (checked Code='ALLO-ILE')
22595,b3_excluded_residue_no_smiles,residue_based,position 1 ('D-Me-Phe'): unknown residue code 'D-Me-Phe': no match in p2smi database (checked Code='ME-PHE'); position 5 ('D-Allo-ILE'): unknown residue code 'D-Allo-ILE': no match in p2smi database (checked Code='ALLO-ILE')
22604,b3_excluded_residue_no_smiles,residue_based,position 1 ('D-Me-Phe'): unknown residue code 'D-Me-Phe': no match in p2smi database (checked Code='ME-PHE'); position 5 ('D-Allo-ILE'): unknown residue code 'D-Allo-ILE': no match in p2smi database (checked Code='ALLO-ILE'); position 10 ('4-Br-PHE'): unknown residue code '4-Br-PHE': no match in p2smi database (checked Code='4-BR-PHE')
22603,b3_excluded_residue_no_smiles,residue_based,position 1 ('D-Me-Phe'): unknown residue code 'D-Me-Phe': no match in p2smi database (checked Code='ME-PHE'); position 5 ('D-Allo-ILE'): unknown residue code 'D-Allo-ILE': no match in p2smi database (checked Code='ALLO-ILE'); position 10 ('4-F-PHE'): unknown residue code '4-F-PHE': no match in p2smi database (checked Code='4-F-PHE')
22606,b3_excluded_residue_no_smiles,residue_based,position 1 ('D-Me-Phe'): unknown residue code 'D-Me-Phe': no match in p2smi database (checked Code='ME-PHE'); position 5 ('D-Allo-ILE'): unknown residue code 'D-Allo-ILE': no match in p2smi database (checked Code='ALLO-ILE')
22605,b3_excluded_residue_no_smiles,residue_based,position 1 ('D-Me-Phe'): unknown residue code 'D-Me-Phe': no match in p2smi database (checked Code='ME-PHE'); position 5 ('D-Allo-ILE'): unknown residue code 'D-Allo-ILE': no match in p2smi database (checked Code='ALLO-ILE'); position 10 ('4-NO2-PHE'): unknown residue code '4-NO2-PHE': no match in p2smi database (checked Code='4-NO2-PHE')
22569,b1_excluded_non_monomer,out_of_scope,"non-monomer complexity (dimer/multi-peptide) -- not a single-chain SMILES peptide, out of scope for this dataset"
22611,b3_excluded_residue_no_smiles,residue_based,position 1 ('D-Me-Phe'): unknown residue code 'D-Me-Phe': no match in p2smi database (checked Code='ME-PHE'); position 5 ('D-Allo-ILE'): unknown residue code 'D-Allo-ILE': no match in p2smi database (checked Code='ALLO-ILE')
22607,b3_excluded_residue_no_smiles,residue_based,position 1 ('D-Me-Phe'): unknown residue code 'D-Me-Phe': no match in p2smi database (checked Code='ME-PHE'); position 5 ('D-Allo-ILE'): unknown residue code 'D-Allo-ILE': no match in p2smi database (checked Code='ALLO-ILE'); position 10 ('AIB'): unknown residue code 'AIB': no match in p2smi database (checked Code='AIB')
22612,b3_excluded_residue_no_smiles,residue_based,position 1 ('D-Me-Phe'): unknown residue code 'D-Me-Phe': no match in p2smi database (checked Code='ME-PHE'); position 5 ('D-Allo-ILE'): unknown residue code 'D-Allo-ILE': no match in p2smi database (checked Code='ALLO-ILE')
22613,b3_excluded_residue_no_smiles,residue_based,position 22 ('DHB'): unknown residue code 'DHB': no match in p2smi database (checked Code='DHB')
22610,b3_excluded_residue_no_smiles,residue_based,position 1 ('D-Me-Phe'): unknown residue code 'D-Me-Phe': no match in p2smi database (checked Code='ME-PHE'); position 5 ('D-Allo-ILE'): unknown residue code 'D-Allo-ILE': no match in p2smi database (checked Code='ALLO-ILE')
22608,b3_excluded_residue_no_smiles,residue_based,position 1 ('D-Me-Phe'): unknown residue code 'D-Me-Phe': no match in p2smi database (checked Code='ME-PHE'); position 5 ('D-Allo-ILE'): unknown residue code 'D-Allo-ILE': no match in p2smi database (checked Code='ALLO-ILE')
22609,b3_excluded_residue_no_smiles,residue_based,position 1 ('D-Me-Phe'): unknown residue code 'D-Me-Phe': no match in p2smi database (checked Code='ME-PHE'); position 5 ('D-Allo-ILE'): unknown residue code 'D-Allo-ILE': no match in p2smi database (checked Code='ALLO-ILE')
22624,b2_excluded_unsupported_terminus,terminus_based,unsupported N-terminal modification 'C18' (only free amine or ACT acetylation supported)
22627,b2_excluded_unsupported_terminus,terminus_based,unsupported N-terminal modification 'C18' (only free amine or ACT acetylation supported)
22628,b2_excluded_unsupported_terminus,terminus_based,unsupported N-terminal modification 'C14' (only free amine or ACT acetylation supported)
22625,b2_excluded_unsupported_terminus,terminus_based,unsupported N-terminal modification 'C14' (only free amine or ACT acetylation supported)
22623,b2_excluded_unsupported_terminus,terminus_based,unsupported N-terminal modification 'C16' (only free amine or ACT acetylation supported)
22626,b2_excluded_unsupported_terminus,terminus_based,unsupported N-terminal modification 'C16' (only free amine or ACT acetylation supported)
22629,b2_excluded_unsupported_terminus,terminus_based,unsupported N-terminal modification 'C16' (only free amine or ACT acetylation supported)
22630,b2_excluded_unsupported_terminus,terminus_based,unsupported N-terminal modification 'C18' (only free amine or ACT acetylation supported)
22644,b3_excluded_residue_no_smiles,residue_based,position 9 ('S-ALA-4-pen'): unknown residue code 'S-ALA-4-pen': no match in p2smi database (checked Code='S-ALA-4-PEN'); position 13 ('S-ALA-4-pen'): unknown residue code 'S-ALA-4-pen': no match in p2smi database (checked Code='S-ALA-4-PEN')
22647,b3_excluded_residue_no_smiles,residue_based,position 6 ('R-ALA-7-oct'): unknown residue code 'R-ALA-7-oct': no match in p2smi database (checked Code='R-ALA-7-OCT'); position 13 ('S-ALA-4-pen'): unknown residue code 'S-ALA-4-pen': no match in p2smi database (checked Code='S-ALA-4-PEN')
22646,b3_excluded_residue_no_smiles,residue_based,position 2 ('R-ALA-7-oct'): unknown residue code 'R-ALA-7-oct': no match in p2smi database (checked Code='R-ALA-7-OCT'); position 9 ('S-ALA-4-pen'): unknown residue code 'S-ALA-4-pen': no match in p2smi database (checked Code='S-ALA-4-PEN')
22642,b3_excluded_residue_no_smiles,residue_based,position 5 ('S-ALA-4-pen'): unknown residue code 'S-ALA-4-pen': no match in p2smi database (checked Code='S-ALA-4-PEN'); position 9 ('S-ALA-4-pen'): unknown residue code 'S-ALA-4-pen': no match in p2smi database (checked Code='S-ALA-4-PEN')
22643,b3_excluded_residue_no_smiles,residue_based,position 6 ('S-ALA-4-pen'): unknown residue code 'S-ALA-4-pen': no match in p2smi database (checked Code='S-ALA-4-PEN'); position 10 ('S-ALA-4-pen'): unknown residue code 'S-ALA-4-pen': no match in p2smi database (checked Code='S-ALA-4-PEN')
22641,b3_excluded_residue_no_smiles,residue_based,position 2 ('S-ALA-4-pen'): unknown residue code 'S-ALA-4-pen': no match in p2smi database (checked Code='S-ALA-4-PEN'); position 6 ('S-ALA-4-pen'): unknown residue code 'S-ALA-4-pen': no match in p2smi database (checked Code='S-ALA-4-PEN')
22645,b3_excluded_residue_no_smiles,residue_based,position 11 ('S-ALA-4-pen'): unknown residue code 'S-ALA-4-pen': no match in p2smi database (checked Code='S-ALA-4-PEN'); position 15 ('S-ALA-4-pen'): unknown residue code 'S-ALA-4-pen': no match in p2smi database (checked Code='S-ALA-4-PEN')
22649,b3_excluded_residue_no_smiles,residue_based,position 3 ('2-NH2-C12'): unknown residue code '2-NH2-C12': no match in p2smi database (checked Code='2-NH2-C12'); position 4 ('2-NH2-C12'): unknown residue code '2-NH2-C12': no match in p2smi database (checked Code='2-NH2-C12'); position 5 ('LYS-ACT'): unknown residue code 'LYS-ACT': no match in p2smi database (checked Code='LYS-ACT')
22648,b3_excluded_residue_no_smiles,residue_based,position 3 ('2-NH2-C12'): unknown residue code '2-NH2-C12': no match in p2smi database (checked Code='2-NH2-C12'); position 4 ('2-NH2-C12'): unknown residue code '2-NH2-C12': no match in p2smi database (checked Code='2-NH2-C12'); position 5 ('LYS-ACT'): unknown residue code 'LYS-ACT': no match in p2smi database (checked Code='LYS-ACT')
22653,b1_excluded_non_monomer,out_of_scope,"non-monomer complexity (dimer/multi-peptide) -- not a single-chain SMILES peptide, out of scope for this dataset"
22655,b1_excluded_non_monomer,out_of_scope,"non-monomer complexity (dimer/multi-peptide) -- not a single-chain SMILES peptide, out of scope for this dataset"
22657,b1_excluded_non_monomer,out_of_scope,"non-monomer complexity (dimer/multi-peptide) -- not a single-chain SMILES peptide, out of scope for this dataset"
22727,b3_excluded_residue_no_smiles,residue_based,position 1 ('D-Me-Phe'): unknown residue code 'D-Me-Phe': no match in p2smi database (checked Code='ME-PHE'); position 5 ('D-Allo-ILE'): unknown residue code 'D-Allo-ILE': no match in p2smi database (checked Code='ALLO-ILE')
22728,b3_excluded_residue_no_smiles,residue_based,position 1 ('D-Me-Phe'): unknown residue code 'D-Me-Phe': no match in p2smi database (checked Code='ME-PHE'); position 5 ('D-Allo-ILE'): unknown residue code 'D-Allo-ILE': no match in p2smi database (checked Code='ALLO-ILE')
22733,b3_excluded_residue_no_smiles,residue_based,position 1 ('D-Me-Phe'): unknown residue code 'D-Me-Phe': no match in p2smi database (checked Code='ME-PHE'); position 5 ('D-Allo-ILE'): unknown residue code 'D-Allo-ILE': no match in p2smi database (checked Code='ALLO-ILE')
22734,b3_excluded_residue_no_smiles,residue_based,position 1 ('D-Me-Phe'): unknown residue code 'D-Me-Phe': no match in p2smi database (checked Code='ME-PHE'); position 5 ('D-Allo-ILE'): unknown residue code 'D-Allo-ILE': no match in p2smi database (checked Code='ALLO-ILE')
22735,b3_excluded_residue_no_smiles,residue_based,position 1 ('D-Me-Phe'): unknown residue code 'D-Me-Phe': no match in p2smi database (checked Code='ME-PHE'); position 5 ('D-Allo-ILE'): unknown residue code 'D-Allo-ILE': no match in p2smi database (checked Code='ALLO-ILE')
22737,b3_excluded_residue_no_smiles,residue_based,position 1 ('D-Me-Phe'): unknown residue code 'D-Me-Phe': no match in p2smi database (checked Code='ME-PHE'); position 5 ('D-Allo-ILE'): unknown residue code 'D-Allo-ILE': no match in p2smi database (checked Code='ALLO-ILE'); position 11 ('3F-NLE'): unknown residue code '3F-NLE': no match in p2smi database (checked Code='3F-NLE')
22740,b3_excluded_residue_no_smiles,residue_based,position 1 ('D-Me-Phe'): unknown residue code 'D-Me-Phe': no match in p2smi database (checked Code='ME-PHE'); position 5 ('D-Allo-ILE'): unknown residue code 'D-Allo-ILE': no match in p2smi database (checked Code='ALLO-ILE'); position 10 ('SDMArg'): unknown residue code 'SDMArg': no match in p2smi database (checked Code='SDMARG')
22743,b3_excluded_residue_no_smiles,residue_based,position 1 ('D-Me-Phe'): unknown residue code 'D-Me-Phe': no match in p2smi database (checked Code='ME-PHE'); position 5 ('D-Allo-ILE'): unknown residue code 'D-Allo-ILE': no match in p2smi database (checked Code='ALLO-ILE'); position 9 ('DHB'): unknown residue code 'DHB': no match in p2smi database (checked Code='DHB')
22739,b3_excluded_residue_no_smiles,residue_based,position 1 ('D-Me-Phe'): unknown residue code 'D-Me-Phe': no match in p2smi database (checked Code='ME-PHE'); position 5 ('D-Allo-ILE'): unknown residue code 'D-Allo-ILE': no match in p2smi database (checked Code='ALLO-ILE'); position 10 ('ADMArg'): unknown residue code 'ADMArg': no match in p2smi database (checked Code='ADMARG')
22736,b3_excluded_residue_no_smiles,residue_based,position 1 ('D-Me-Phe'): unknown residue code 'D-Me-Phe': no match in p2smi database (checked Code='ME-PHE'); position 5 ('D-Allo-ILE'): unknown residue code 'D-Allo-ILE': no match in p2smi database (checked Code='ALLO-ILE')
22738,b3_excluded_residue_no_smiles,residue_based,position 1 ('D-Me-Phe'): unknown residue code 'D-Me-Phe': no match in p2smi database (checked Code='ME-PHE'); position 5 ('D-Allo-ILE'): unknown residue code 'D-Allo-ILE': no match in p2smi database (checked Code='ALLO-ILE'); position 10 ('N(ω)-Me-ARG'): unknown residue code 'N(ω)-Me-ARG': no match in p2smi database (checked Code='N(Ω)-ME-ARG')
22744,b3_excluded_residue_no_smiles,residue_based,position 5 ('D-Allo-ILE'): unknown residue code 'D-Allo-ILE': no match in p2smi database (checked Code='ALLO-ILE')
22742,b3_excluded_residue_no_smiles,residue_based,position 1 ('D-Me-Phe'): unknown residue code 'D-Me-Phe': no match in p2smi database (checked Code='ME-PHE'); position 5 ('D-Allo-ILE'): unknown residue code 'D-Allo-ILE': no match in p2smi database (checked Code='ALLO-ILE')
22746,b2_excluded_unsupported_terminus,terminus_based,unsupported N-terminal modification 'OIle' (only free amine or ACT acetylation supported)
22741,b3_excluded_residue_no_smiles,residue_based,position 1 ('D-Me-Phe'): unknown residue code 'D-Me-Phe': no match in p2smi database (checked Code='ME-PHE'); position 5 ('D-Allo-ILE'): unknown residue code 'D-Allo-ILE': no match in p2smi database (checked Code='ALLO-ILE'); position 10 ('3F-NLE'): unknown residue code '3F-NLE': no match in p2smi database (checked Code='3F-NLE')
22745,b2_excluded_unsupported_terminus,terminus_based,unsupported N-terminal modification 'OIle' (only free amine or ACT acetylation supported)
22747,b2_excluded_unsupported_terminus,terminus_based,unsupported N-terminal modification 'OIle' (only free amine or ACT acetylation supported)
22795,b3_excluded_residue_no_smiles,residue_based,position 3 ('S-ALA-4-pen'): unknown residue code 'S-ALA-4-pen': no match in p2smi database (checked Code='S-ALA-4-PEN'); position 7 ('S-ALA-4-pen'): unknown residue code 'S-ALA-4-pen': no match in p2smi database (checked Code='S-ALA-4-PEN')
22794,b3_excluded_residue_no_smiles,residue_based,position 2 ('S-ALA-4-pen'): unknown residue code 'S-ALA-4-pen': no match in p2smi database (checked Code='S-ALA-4-PEN'); position 6 ('S-ALA-4-pen'): unknown residue code 'S-ALA-4-pen': no match in p2smi database (checked Code='S-ALA-4-PEN')
22797,b3_excluded_residue_no_smiles,residue_based,position 8 ('S-ALA-4-pen'): unknown residue code 'S-ALA-4-pen': no match in p2smi database (checked Code='S-ALA-4-PEN'); position 12 ('S-ALA-4-pen'): unknown residue code 'S-ALA-4-pen': no match in p2smi database (checked Code='S-ALA-4-PEN')
22796,b3_excluded_residue_no_smiles,residue_based,position 5 ('S-ALA-4-pen'): unknown residue code 'S-ALA-4-pen': no match in p2smi database (checked Code='S-ALA-4-PEN'); position 9 ('S-ALA-4-pen'): unknown residue code 'S-ALA-4-pen': no match in p2smi database (checked Code='S-ALA-4-PEN')
22798,b3_excluded_residue_no_smiles,residue_based,position 7 ('S-ALA-4-pen'): unknown residue code 'S-ALA-4-pen': no match in p2smi database (checked Code='S-ALA-4-PEN'); position 11 ('S-ALA-4-pen'): unknown residue code 'S-ALA-4-pen': no match in p2smi database (checked Code='S-ALA-4-PEN')
22800,b3_excluded_residue_no_smiles,residue_based,position 2 ('R-ALA-7-oct'): unknown residue code 'R-ALA-7-oct': no match in p2smi database (checked Code='R-ALA-7-OCT'); position 9 ('S-ALA-4-pen'): unknown residue code 'S-ALA-4-pen': no match in p2smi database (checked Code='S-ALA-4-PEN')
22799,b3_excluded_residue_no_smiles,residue_based,position 1 ('R-ALA-7-oct'): unknown residue code 'R-ALA-7-oct': no match in p2smi database (checked Code='R-ALA-7-OCT'); position 8 ('S-ALA-4-pen'): unknown residue code 'S-ALA-4-pen': no match in p2smi database (checked Code='S-ALA-4-PEN')
22801,b3_excluded_residue_no_smiles,residue_based,position 3 ('R-ALA-7-oct'): unknown residue code 'R-ALA-7-oct': no match in p2smi database (checked Code='R-ALA-7-OCT'); position 10 ('S-ALA-4-pen'): unknown residue code 'S-ALA-4-pen': no match in p2smi database (checked Code='S-ALA-4-PEN')
22807,b3_excluded_residue_no_smiles,residue_based,"position 2 ('S-ALA-4-pen'): unknown residue code 'S-ALA-4-pen': no match in p2smi database (checked Code='S-ALA-4-PEN'); position 6 ('X'): unresolved residue character, no unusualAminoAcids annotation covers this position"
22805,b3_excluded_residue_no_smiles,residue_based,position 1 ('N-DMA-3-OH-TRP'): unknown residue code 'N-DMA-3-OH-TRP': no match in p2smi database (checked Code='N-DMA-3-OH-TRP'); position 2 ('N-Me-5-OH-Leu'): unknown residue code 'N-Me-5-OH-Leu': no match in p2smi database (checked Code='N-ME-5-OH-LEU'); position 4 ('3-Ome-Phe'): unknown residue code '3-Ome-Phe': no match in p2smi database (checked Code='3-OME-PHE'); position 6 ('Me-Leu'): unknown residue code 'Me-Leu': no match in p2smi database (checked Code='ME-LEU')
22806,b3_excluded_residue_no_smiles,residue_based,position 1 ('N-DMA-3-OH-TRP'): unknown residue code 'N-DMA-3-OH-TRP': no match in p2smi database (checked Code='N-DMA-3-OH-TRP'); position 2 ('N-Me-5-OH-Leu'): unknown residue code 'N-Me-5-OH-Leu': no match in p2smi database (checked Code='N-ME-5-OH-LEU'); position 4 ('3-Ome-Phe'): unknown residue code '3-Ome-Phe': no match in p2smi database (checked Code='3-OME-PHE'); position 6 ('Me-Leu'): unknown residue code 'Me-Leu': no match in p2smi database (checked Code='ME-LEU')
22803,b3_excluded_residue_no_smiles,residue_based,position 5 ('R-ALA-7-oct'): unknown residue code 'R-ALA-7-oct': no match in p2smi database (checked Code='R-ALA-7-OCT'); position 12 ('S-ALA-4-pen'): unknown residue code 'S-ALA-4-pen': no match in p2smi database (checked Code='S-ALA-4-PEN')
22808,b3_excluded_residue_no_smiles,residue_based,position 5 ('S-ALA-4-pen'): unknown residue code 'S-ALA-4-pen': no match in p2smi database (checked Code='S-ALA-4-PEN'); position 9 ('S-ALA-4-pen'): unknown residue code 'S-ALA-4-pen': no match in p2smi database (checked Code='S-ALA-4-PEN')
22802,b3_excluded_residue_no_smiles,residue_based,position 4 ('R-ALA-7-oct'): unknown residue code 'R-ALA-7-oct': no match in p2smi database (checked Code='R-ALA-7-OCT'); position 11 ('S-ALA-4-pen'): unknown residue code 'S-ALA-4-pen': no match in p2smi database (checked Code='S-ALA-4-PEN')
22809,b3_excluded_residue_no_smiles,residue_based,position 5 ('S-ALA-4-pen'): unknown residue code 'S-ALA-4-pen': no match in p2smi database (checked Code='S-ALA-4-PEN'); position 9 ('S-ALA-4-pen'): unknown residue code 'S-ALA-4-pen': no match in p2smi database (checked Code='S-ALA-4-PEN')
22826,b2_excluded_unsupported_terminus,terminus_based,unsupported C-terminal modification 'PUT' (only free acid or AMD amidation supported)
22830,b2_excluded_unsupported_terminus,terminus_based,unsupported N-terminal modification 'C12' (only free amine or ACT acetylation supported)
22827,b2_excluded_unsupported_terminus,terminus_based,unsupported N-terminal modification 'FOR' (only free amine or ACT acetylation supported)
22828,b2_excluded_unsupported_terminus,terminus_based,unsupported N-terminal modification 'C10' (only free amine or ACT acetylation supported)
22831,b2_excluded_unsupported_terminus,terminus_based,unsupported N-terminal modification 'C12' (only free amine or ACT acetylation supported)
22834,b2_excluded_unsupported_terminus,terminus_based,unsupported N-terminal modification 'C8' (only free amine or ACT acetylation supported)
22825,b2_excluded_unsupported_terminus,terminus_based,unsupported C-terminal modification 'PUT' (only free acid or AMD amidation supported)
22832,b2_excluded_unsupported_terminus,terminus_based,unsupported N-terminal modification 'C14' (only free amine or ACT acetylation supported)
22836,b2_excluded_unsupported_terminus,terminus_based,unsupported N-terminal modification 'C8' (only free amine or ACT acetylation supported)
22829,b2_excluded_unsupported_terminus,terminus_based,unsupported N-terminal modification 'C12' (only free amine or ACT acetylation supported)
22839,b2_excluded_unsupported_terminus,terminus_based,unsupported C-terminal modification 'PHEol' (only free acid or AMD amidation supported)
22843,b2_excluded_unsupported_terminus,terminus_based,unsupported C-terminal modification 'PHEol' (only free acid or AMD amidation supported)
22841,b2_excluded_unsupported_terminus,terminus_based,unsupported C-terminal modification 'PHEol' (only free acid or AMD amidation supported)
22840,b2_excluded_unsupported_terminus,terminus_based,unsupported C-terminal modification 'PHEol' (only free acid or AMD amidation supported)
22842,b2_excluded_unsupported_terminus,terminus_based,unsupported C-terminal modification 'PHEol' (only free acid or AMD amidation supported)
22851,b3_excluded_residue_no_smiles,residue_based,position 2 ('S-ALA-4-pen'): unknown residue code 'S-ALA-4-pen': no match in p2smi database (checked Code='S-ALA-4-PEN'); position 6 ('S-ALA-4-pen'): unknown residue code 'S-ALA-4-pen': no match in p2smi database (checked Code='S-ALA-4-PEN')
22849,b2_excluded_unsupported_terminus,terminus_based,unsupported N-terminal modification 'C10' (only free amine or ACT acetylation supported)
22852,b3_excluded_residue_no_smiles,residue_based,position 2 ('S-ALA-4-pen'): unknown residue code 'S-ALA-4-pen': no match in p2smi database (checked Code='S-ALA-4-PEN'); position 6 ('S-ALA-4-pen'): unknown residue code 'S-ALA-4-pen': no match in p2smi database (checked Code='S-ALA-4-PEN')
22848,b2_excluded_unsupported_terminus,terminus_based,unsupported N-terminal modification 'C10' (only free amine or ACT acetylation supported)
22853,b3_excluded_residue_no_smiles,residue_based,position 1 ('DAP'): unknown residue code 'DAP': no match in p2smi database (checked Code='DAP'); position 2 ('S-ALA-4-pen'): unknown residue code 'S-ALA-4-pen': no match in p2smi database (checked Code='S-ALA-4-PEN'); position 4 ('DAP'): unknown residue code 'DAP': no match in p2smi database (checked Code='DAP'); position 6 ('S-ALA-4-pen'): unknown residue code 'S-ALA-4-pen': no match in p2smi database (checked Code='S-ALA-4-PEN'); position 7 ('DAP'): unknown residue code 'DAP': no match in p2smi database (checked Code='DAP')
22850,b2_excluded_unsupported_terminus,terminus_based,unsupported N-terminal modification 'C10' (only free amine or ACT acetylation supported)
22930,b3_excluded_residue_no_smiles,residue_based,position 4 ('S-ALA-4-pen'): unknown residue code 'S-ALA-4-pen': no match in p2smi database (checked Code='S-ALA-4-PEN'); position 8 ('S-ALA-4-pen'): unknown residue code 'S-ALA-4-pen': no match in p2smi database (checked Code='S-ALA-4-PEN')
22933,b3_excluded_residue_no_smiles,residue_based,position 15 ('S-ALA-4-pen'): unknown residue code 'S-ALA-4-pen': no match in p2smi database (checked Code='S-ALA-4-PEN'); position 19 ('S-ALA-4-pen'): unknown residue code 'S-ALA-4-pen': no match in p2smi database (checked Code='S-ALA-4-PEN')
22929,b3_excluded_residue_no_smiles,residue_based,position 1 ('S-ALA-4-pen'): unknown residue code 'S-ALA-4-pen': no match in p2smi database (checked Code='S-ALA-4-PEN'); position 5 ('S-ALA-4-pen'): unknown residue code 'S-ALA-4-pen': no match in p2smi database (checked Code='S-ALA-4-PEN')
22937,b3_excluded_residue_no_smiles,residue_based,position 20 ('S-ALA-4-pen'): unknown residue code 'S-ALA-4-pen': no match in p2smi database (checked Code='S-ALA-4-PEN'); position 24 ('S-ALA-4-pen'): unknown residue code 'S-ALA-4-pen': no match in p2smi database (checked Code='S-ALA-4-PEN')
22936,b3_excluded_residue_no_smiles,residue_based,position 19 ('S-ALA-4-pen'): unknown residue code 'S-ALA-4-pen': no match in p2smi database (checked Code='S-ALA-4-PEN'); position 23 ('S-ALA-4-pen'): unknown residue code 'S-ALA-4-pen': no match in p2smi database (checked Code='S-ALA-4-PEN')
22935,b3_excluded_residue_no_smiles,residue_based,position 18 ('S-ALA-4-pen'): unknown residue code 'S-ALA-4-pen': no match in p2smi database (checked Code='S-ALA-4-PEN'); position 22 ('S-ALA-4-pen'): unknown residue code 'S-ALA-4-pen': no match in p2smi database (checked Code='S-ALA-4-PEN')
22934,b3_excluded_residue_no_smiles,residue_based,position 16 ('S-ALA-4-pen'): unknown residue code 'S-ALA-4-pen': no match in p2smi database (checked Code='S-ALA-4-PEN'); position 20 ('S-ALA-4-pen'): unknown residue code 'S-ALA-4-pen': no match in p2smi database (checked Code='S-ALA-4-PEN')
22932,b3_excluded_residue_no_smiles,residue_based,position 9 ('S-ALA-4-pen'): unknown residue code 'S-ALA-4-pen': no match in p2smi database (checked Code='S-ALA-4-PEN'); position 13 ('S-ALA-4-pen'): unknown residue code 'S-ALA-4-pen': no match in p2smi database (checked Code='S-ALA-4-PEN')
22931,b3_excluded_residue_no_smiles,residue_based,position 5 ('S-ALA-4-pen'): unknown residue code 'S-ALA-4-pen': no match in p2smi database (checked Code='S-ALA-4-PEN'); position 9 ('S-ALA-4-pen'): unknown residue code 'S-ALA-4-pen': no match in p2smi database (checked Code='S-ALA-4-PEN')
22939,b3_excluded_residue_no_smiles,residue_based,position 24 ('S-ALA-4-pen'): unknown residue code 'S-ALA-4-pen': no match in p2smi database (checked Code='S-ALA-4-PEN'); position 28 ('S-ALA-4-pen'): unknown residue code 'S-ALA-4-pen': no match in p2smi database (checked Code='S-ALA-4-PEN')
22938,b3_excluded_residue_no_smiles,residue_based,position 22 ('S-ALA-4-pen'): unknown residue code 'S-ALA-4-pen': no match in p2smi database (checked Code='S-ALA-4-PEN'); position 26 ('S-ALA-4-pen'): unknown residue code 'S-ALA-4-pen': no match in p2smi database (checked Code='S-ALA-4-PEN')
22944,b3_excluded_residue_no_smiles,residue_based,position 21 ('R-ALA-7-oct'): unknown residue code 'R-ALA-7-oct': no match in p2smi database (checked Code='R-ALA-7-OCT'); position 28 ('S-ALA-4-pen'): unknown residue code 'S-ALA-4-pen': no match in p2smi database (checked Code='S-ALA-4-PEN')
22942,b3_excluded_residue_no_smiles,residue_based,position 11 ('R-ALA-7-oct'): unknown residue code 'R-ALA-7-oct': no match in p2smi database (checked Code='R-ALA-7-OCT'); position 18 ('S-ALA-4-pen'): unknown residue code 'S-ALA-4-pen': no match in p2smi database (checked Code='S-ALA-4-PEN')
22941,b3_excluded_residue_no_smiles,residue_based,position 8 ('R-ALA-7-oct'): unknown residue code 'R-ALA-7-oct': no match in p2smi database (checked Code='R-ALA-7-OCT'); position 15 ('S-ALA-4-pen'): unknown residue code 'S-ALA-4-pen': no match in p2smi database (checked Code='S-ALA-4-PEN')
22940,b3_excluded_residue_no_smiles,residue_based,position 4 ('R-ALA-7-oct'): unknown residue code 'R-ALA-7-oct': no match in p2smi database (checked Code='R-ALA-7-OCT'); position 11 ('S-ALA-4-pen'): unknown residue code 'S-ALA-4-pen': no match in p2smi database (checked Code='S-ALA-4-PEN')
22947,b3_excluded_residue_no_smiles,residue_based,position 9 ('NLeu'): unknown residue code 'NLeu': no match in p2smi database (checked Code='NLEU'); position 10 ('NLeu'): unknown residue code 'NLeu': no match in p2smi database (checked Code='NLEU'); position 11 ('NLeu'): unknown residue code 'NLeu': no match in p2smi database (checked Code='NLEU')
22943,b3_excluded_residue_no_smiles,residue_based,position 13 ('R-ALA-7-oct'): unknown residue code 'R-ALA-7-oct': no match in p2smi database (checked Code='R-ALA-7-OCT'); position 20 ('S-ALA-4-pen'): unknown residue code 'S-ALA-4-pen': no match in p2smi database (checked Code='S-ALA-4-PEN')
22948,b3_excluded_residue_no_smiles,residue_based,position 6 ('NLeu'): unknown residue code 'NLeu': no match in p2smi database (checked Code='NLEU'); position 7 ('NLeu'): unknown residue code 'NLeu': no match in p2smi database (checked Code='NLEU'); position 9 ('NLeu'): unknown residue code 'NLeu': no match in p2smi database (checked Code='NLEU'); position 10 ('NLeu'): unknown residue code 'NLeu': no match in p2smi database (checked Code='NLEU'); position 11 ('NLeu'): unknown residue code 'NLeu': no match in p2smi database (checked Code='NLEU')
22946,b3_excluded_residue_no_smiles,residue_based,position 1 ('NLys'): unknown residue code 'NLys': no match in p2smi database (checked Code='NLYS'); position 8 ('NLys'): unknown residue code 'NLys': no match in p2smi database (checked Code='NLYS'); position 11 ('NLeu'): unknown residue code 'NLeu': no match in p2smi database (checked Code='NLEU')
22945,b3_excluded_residue_no_smiles,residue_based,position 1 ('NLys'): unknown residue code 'NLys': no match in p2smi database (checked Code='NLYS'); position 11 ('NLeu'): unknown residue code 'NLeu': no match in p2smi database (checked Code='NLEU')
22949,b3_excluded_residue_no_smiles,residue_based,position 1 ('NLys'): unknown residue code 'NLys': no match in p2smi database (checked Code='NLYS'); position 2 ('NLys'): unknown residue code 'NLys': no match in p2smi database (checked Code='NLYS'); position 3 ('NLeu'): unknown residue code 'NLeu': no match in p2smi database (checked Code='NLEU'); position 4 ('NLeu'): unknown residue code 'NLeu': no match in p2smi database (checked Code='NLEU'); position 5 ('NLys'): unknown residue code 'NLys': no match in p2smi database (checked Code='NLYS')
22950,b3_excluded_residue_no_smiles,residue_based,position 1 ('NLys'): unknown residue code 'NLys': no match in p2smi database (checked Code='NLYS'); position 2 ('NLys'): unknown residue code 'NLys': no match in p2smi database (checked Code='NLYS'); position 5 ('NLys'): unknown residue code 'NLys': no match in p2smi database (checked Code='NLYS')
22951,b3_excluded_residue_no_smiles,residue_based,position 1 ('NLys'): unknown residue code 'NLys': no match in p2smi database (checked Code='NLYS'); position 2 ('NLys'): unknown residue code 'NLys': no match in p2smi database (checked Code='NLYS'); position 5 ('NLys'): unknown residue code 'NLys': no match in p2smi database (checked Code='NLYS'); position 8 ('NLys'): unknown residue code 'NLys': no match in p2smi database (checked Code='NLYS')
22953,b3_excluded_residue_no_smiles,residue_based,position 2 ('NLys'): unknown residue code 'NLys': no match in p2smi database (checked Code='NLYS'); position 4 ('NLeu'): unknown residue code 'NLeu': no match in p2smi database (checked Code='NLEU'); position 6 ('NLeu'): unknown residue code 'NLeu': no match in p2smi database (checked Code='NLEU'); position 8 ('NLys'): unknown residue code 'NLys': no match in p2smi database (checked Code='NLYS'); position 10 ('NLeu'): unknown residue code 'NLeu': no match in p2smi database (checked Code='NLEU')
22960,b3_excluded_residue_no_smiles,residue_based,position 1 ('NLys'): unknown residue code 'NLys': no match in p2smi database (checked Code='NLYS'); position 3 ('NLeu'): unknown residue code 'NLeu': no match in p2smi database (checked Code='NLEU'); position 5 ('NLys'): unknown residue code 'NLys': no match in p2smi database (checked Code='NLYS'); position 7 ('NLeu'): unknown residue code 'NLeu': no match in p2smi database (checked Code='NLEU'); position 9 ('NLeu'): unknown residue code 'NLeu': no match in p2smi database (checked Code='NLEU'); position 11 ('NLeu'): unknown residue code 'NLeu': no match in p2smi database (checked Code='NLEU')
22952,b3_excluded_residue_no_smiles,residue_based,position 3 ('NLeu'): unknown residue code 'NLeu': no match in p2smi database (checked Code='NLEU'); position 4 ('NLeu'): unknown residue code 'NLeu': no match in p2smi database (checked Code='NLEU'); position 6 ('NLeu'): unknown residue code 'NLeu': no match in p2smi database (checked Code='NLEU'); position 7 ('NLeu'): unknown residue code 'NLeu': no match in p2smi database (checked Code='NLEU'); position 9 ('NLeu'): unknown residue code 'NLeu': no match in p2smi database (checked Code='NLEU'); position 10 ('NLeu'): unknown residue code 'NLeu': no match in p2smi database (checked Code='NLEU'); position 11 ('NLeu'): unknown residue code 'NLeu': no match in p2smi database (checked Code='NLEU')
22961,b3_excluded_residue_no_smiles,residue_based,position 1 ('NLys'): unknown residue code 'NLys': no match in p2smi database (checked Code='NLYS'); position 2 ('NLys'): unknown residue code 'NLys': no match in p2smi database (checked Code='NLYS'); position 3 ('NLeu'): unknown residue code 'NLeu': no match in p2smi database (checked Code='NLEU'); position 4 ('NLeu'): unknown residue code 'NLeu': no match in p2smi database (checked Code='NLEU'); position 5 ('NLys'): unknown residue code 'NLys': no match in p2smi database (checked Code='NLYS'); position 6 ('NLeu'): unknown residue code 'NLeu': no match in p2smi database (checked Code='NLEU'); position 7 ('NLeu'): unknown residue code 'NLeu': no match in p2smi database (checked Code='NLEU'); position 8 ('NLys'): unknown residue code 'NLys': no match in p2smi database (checked Code='NLYS'); position 9 ('NLeu'): unknown residue code 'NLeu': no match in p2smi database (checked Code='NLEU'); position 10 ('NLeu'): unknown residue code 'NLeu': no match in p2smi database (checked Code='NLEU'); position 11 ('NLeu'): unknown residue code 'NLeu': no match in p2smi database (checked Code='NLEU')
22999,b2_excluded_unsupported_terminus,terminus_based,unsupported C-terminal modification 'C14' (only free acid or AMD amidation supported)
23031,b1_excluded_non_monomer,out_of_scope,"non-monomer complexity (dimer/multi-peptide) -- not a single-chain SMILES peptide, out of scope for this dataset"
23027,b1_excluded_non_monomer,out_of_scope,"non-monomer complexity (dimer/multi-peptide) -- not a single-chain SMILES peptide, out of scope for this dataset"
23072,b2_excluded_unsupported_terminus,terminus_based,unsupported N-terminal modification 'FLCpOH' (only free amine or ACT acetylation supported)
23074,b2_excluded_unsupported_terminus,terminus_based,unsupported N-terminal modification 'FLCpOH' (only free amine or ACT acetylation supported)
23073,b2_excluded_unsupported_terminus,terminus_based,unsupported N-terminal modification 'FLCpOH' (only free amine or ACT acetylation supported)
23075,b2_excluded_unsupported_terminus,terminus_based,unsupported N-terminal modification 'FLCpOH' (only free amine or ACT acetylation supported)
23076,b2_excluded_unsupported_terminus,terminus_based,unsupported N-terminal modification 'FLCpOH' (only free amine or ACT acetylation supported)
23034,b1_excluded_non_monomer,out_of_scope,"non-monomer complexity (dimer/multi-peptide) -- not a single-chain SMILES peptide, out of scope for this dataset"
23146,b2_excluded_unsupported_terminus,terminus_based,unsupported N-terminal modification '(CH3)2' (only free amine or ACT acetylation supported)
23145,b2_excluded_unsupported_terminus,terminus_based,unsupported N-terminal modification '(CH3)2' (only free amine or ACT acetylation supported)
23143,b2_excluded_unsupported_terminus,terminus_based,unsupported N-terminal modification '(CH3)2' (only free amine or ACT acetylation supported)
23144,b2_excluded_unsupported_terminus,terminus_based,unsupported N-terminal modification '(CH3)2' (only free amine or ACT acetylation supported)
23142,b2_excluded_unsupported_terminus,terminus_based,unsupported N-terminal modification '(CH3)2' (only free amine or ACT acetylation supported)
23149,b2_excluded_unsupported_terminus,terminus_based,unsupported N-terminal modification 'FMOC' (only free amine or ACT acetylation supported)
23148,b2_excluded_unsupported_terminus,terminus_based,unsupported N-terminal modification 'FMOC' (only free amine or ACT acetylation supported)
23166,b3_excluded_residue_no_smiles,residue_based,position 3 ('AIB'): unknown residue code 'AIB': no match in p2smi database (checked Code='AIB'); position 6 ('AIB'): unknown residue code 'AIB': no match in p2smi database (checked Code='AIB'); position 9 ('AIB'): unknown residue code 'AIB': no match in p2smi database (checked Code='AIB')
23165,b3_excluded_residue_no_smiles,residue_based,bond constraint 'SCSC' not auto-generated in this pass (requires side-chain donor/acceptor role assignment)
23173,b3_excluded_residue_no_smiles,residue_based,position 1 ('Ntridec'): unknown residue code 'Ntridec': no match in p2smi database (checked Code='NTRIDEC'); position 2 ('NLys'): unknown residue code 'NLys': no match in p2smi database (checked Code='NLYS'); position 3 ('Nspe'): unknown residue code 'Nspe': no match in p2smi database (checked Code='NSPE'); position 4 ('Nspe(p-Br)'): unknown residue code 'Nspe(p-Br)': no match in p2smi database (checked Code='NSPE(P-BR)'); position 5 ('NLys'): unknown residue code 'NLys': no match in p2smi database (checked Code='NLYS'); position 6 ('Nspe'): unknown residue code 'Nspe': no match in p2smi database (checked Code='NSPE'); position 7 ('Nspe(p-Br)'): unknown residue code 'Nspe(p-Br)': no match in p2smi database (checked Code='NSPE(P-BR)')
23167,b3_excluded_residue_no_smiles,residue_based,position 1 ('NLys'): unknown residue code 'NLys': no match in p2smi database (checked Code='NLYS'); position 2 ('Nspe(p-Br)'): unknown residue code 'Nspe(p-Br)': no match in p2smi database (checked Code='NSPE(P-BR)'); position 3 ('Nspe(p-Br)'): unknown residue code 'Nspe(p-Br)': no match in p2smi database (checked Code='NSPE(P-BR)'); position 4 ('NLys'): unknown residue code 'NLys': no match in p2smi database (checked Code='NLYS'); position 5 ('Nspe(p-Br)'): unknown residue code 'Nspe(p-Br)': no match in p2smi database (checked Code='NSPE(P-BR)'); position 6 ('Nspe'): unknown residue code 'Nspe': no match in p2smi database (checked Code='NSPE')
23176,b2_excluded_unsupported_terminus,terminus_based,unsupported C-terminal modification 'NH-NH2' (only free acid or AMD amidation supported)
23168,b3_excluded_residue_no_smiles,residue_based,position 1 ('Ndec'): unknown residue code 'Ndec': no match in p2smi database (checked Code='NDEC'); position 2 ('NLys'): unknown residue code 'NLys': no match in p2smi database (checked Code='NLYS'); position 3 ('Nspe'): unknown residue code 'Nspe': no match in p2smi database (checked Code='NSPE'); position 4 ('Nspe(p-Br)'): unknown residue code 'Nspe(p-Br)': no match in p2smi database (checked Code='NSPE(P-BR)'); position 5 ('NLys'): unknown residue code 'NLys': no match in p2smi database (checked Code='NLYS'); position 6 ('Nspe'): unknown residue code 'Nspe': no match in p2smi database (checked Code='NSPE'); position 7 ('Nspe(p-Br)'): unknown residue code 'Nspe(p-Br)': no match in p2smi database (checked Code='NSPE(P-BR)')
23177,b2_excluded_unsupported_terminus,terminus_based,unsupported C-terminal modification 'NH-NH2' (only free acid or AMD amidation supported)
23181,b4_excluded_nonstandard_bond,bond_based,3 intrachain bonds present -- multi-bond (e.g. multiply-bridged / bicyclic) peptides are out of scope for automated generation in this pass
23170,b3_excluded_residue_no_smiles,residue_based,position 1 ('NLys'): unknown residue code 'NLys': no match in p2smi database (checked Code='NLYS'); position 2 ('Nspe'): unknown residue code 'Nspe': no match in p2smi database (checked Code='NSPE'); position 3 ('Nspe'): unknown residue code 'Nspe': no match in p2smi database (checked Code='NSPE'); position 4 ('NLys'): unknown residue code 'NLys': no match in p2smi database (checked Code='NLYS'); position 5 ('Nspe'): unknown residue code 'Nspe': no match in p2smi database (checked Code='NSPE'); position 6 ('Nspe(p-Br)'): unknown residue code 'Nspe(p-Br)': no match in p2smi database (checked Code='NSPE(P-BR)')
23180,b4_excluded_nonstandard_bond,bond_based,3 intrachain bonds present -- multi-bond (e.g. multiply-bridged / bicyclic) peptides are out of scope for automated generation in this pass
23182,b4_excluded_nonstandard_bond,bond_based,3 intrachain bonds present -- multi-bond (e.g. multiply-bridged / bicyclic) peptides are out of scope for automated generation in this pass
23171,b3_excluded_residue_no_smiles,residue_based,position 1 ('NLys'): unknown residue code 'NLys': no match in p2smi database (checked Code='NLYS'); position 2 ('Nspe'): unknown residue code 'Nspe': no match in p2smi database (checked Code='NSPE'); position 3 ('Nspe'): unknown residue code 'Nspe': no match in p2smi database (checked Code='NSPE'); position 4 ('NLys'): unknown residue code 'NLys': no match in p2smi database (checked Code='NLYS'); position 5 ('Nspe'): unknown residue code 'Nspe': no match in p2smi database (checked Code='NSPE'); position 6 ('Nspe'): unknown residue code 'Nspe': no match in p2smi database (checked Code='NSPE')
23169,b3_excluded_residue_no_smiles,residue_based,position 1 ('NLys'): unknown residue code 'NLys': no match in p2smi database (checked Code='NLYS'); position 2 ('Nspe'): unknown residue code 'Nspe': no match in p2smi database (checked Code='NSPE'); position 3 ('Nspe(p-Br)'): unknown residue code 'Nspe(p-Br)': no match in p2smi database (checked Code='NSPE(P-BR)'); position 4 ('NLys'): unknown residue code 'NLys': no match in p2smi database (checked Code='NLYS'); position 5 ('Nspe'): unknown residue code 'Nspe': no match in p2smi database (checked Code='NSPE'); position 6 ('Nspe(p-Br)'): unknown residue code 'Nspe(p-Br)': no match in p2smi database (checked Code='NSPE(P-BR)')
23185,b4_excluded_nonstandard_bond,bond_based,3 intrachain bonds present -- multi-bond (e.g. multiply-bridged / bicyclic) peptides are out of scope for automated generation in this pass
23184,b4_excluded_nonstandard_bond,bond_based,3 intrachain bonds present -- multi-bond (e.g. multiply-bridged / bicyclic) peptides are out of scope for automated generation in this pass
23183,b4_excluded_nonstandard_bond,bond_based,3 intrachain bonds present -- multi-bond (e.g. multiply-bridged / bicyclic) peptides are out of scope for automated generation in this pass
23192,b4_excluded_nonstandard_bond,bond_based,3 intrachain bonds present -- multi-bond (e.g. multiply-bridged / bicyclic) peptides are out of scope for automated generation in this pass
23191,b4_excluded_nonstandard_bond,bond_based,3 intrachain bonds present -- multi-bond (e.g. multiply-bridged / bicyclic) peptides are out of scope for automated generation in this pass
23186,b4_excluded_nonstandard_bond,bond_based,3 intrachain bonds present -- multi-bond (e.g. multiply-bridged / bicyclic) peptides are out of scope for automated generation in this pass
23187,b4_excluded_nonstandard_bond,bond_based,3 intrachain bonds present -- multi-bond (e.g. multiply-bridged / bicyclic) peptides are out of scope for automated generation in this pass
23189,b4_excluded_nonstandard_bond,bond_based,3 intrachain bonds present -- multi-bond (e.g. multiply-bridged / bicyclic) peptides are out of scope for automated generation in this pass
23188,b4_excluded_nonstandard_bond,bond_based,3 intrachain bonds present -- multi-bond (e.g. multiply-bridged / bicyclic) peptides are out of scope for automated generation in this pass
23195,b4_excluded_nonstandard_bond,bond_based,3 intrachain bonds present -- multi-bond (e.g. multiply-bridged / bicyclic) peptides are out of scope for automated generation in this pass
23190,b4_excluded_nonstandard_bond,bond_based,3 intrachain bonds present -- multi-bond (e.g. multiply-bridged / bicyclic) peptides are out of scope for automated generation in this pass
23193,b4_excluded_nonstandard_bond,bond_based,3 intrachain bonds present -- multi-bond (e.g. multiply-bridged / bicyclic) peptides are out of scope for automated generation in this pass
23199,b4_excluded_nonstandard_bond,bond_based,2 intrachain bonds present -- multi-bond (e.g. multiply-bridged / bicyclic) peptides are out of scope for automated generation in this pass
23198,b4_excluded_nonstandard_bond,bond_based,Methyl lanthionine (thioether crosslink) -- p2smi has no thioether bond generator
23197,b4_excluded_nonstandard_bond,bond_based,2 intrachain bonds present -- multi-bond (e.g. multiply-bridged / bicyclic) peptides are out of scope for automated generation in this pass
23194,b4_excluded_nonstandard_bond,bond_based,3 intrachain bonds present -- multi-bond (e.g. multiply-bridged / bicyclic) peptides are out of scope for automated generation in this pass
23196,b4_excluded_nonstandard_bond,bond_based,2 intrachain bonds present -- multi-bond (e.g. multiply-bridged / bicyclic) peptides are out of scope for automated generation in this pass
23200,b4_excluded_nonstandard_bond,bond_based,2 intrachain bonds present -- multi-bond (e.g. multiply-bridged / bicyclic) peptides are out of scope for automated generation in this pass
23172,b3_excluded_residue_no_smiles,residue_based,position 1 ('Ndec'): unknown residue code 'Ndec': no match in p2smi database (checked Code='NDEC'); position 2 ('NLys'): unknown residue code 'NLys': no match in p2smi database (checked Code='NLYS'); position 3 ('Nspe'): unknown residue code 'Nspe': no match in p2smi database (checked Code='NSPE'); position 4 ('Nspe'): unknown residue code 'Nspe': no match in p2smi database (checked Code='NSPE'); position 5 ('NLys'): unknown residue code 'NLys': no match in p2smi database (checked Code='NLYS'); position 6 ('Nspe'): unknown residue code 'Nspe': no match in p2smi database (checked Code='NSPE'); position 7 ('Nspe'): unknown residue code 'Nspe': no match in p2smi database (checked Code='NSPE')
23270,b3_excluded_residue_no_smiles,residue_based,position 14 ('NLys'): unknown residue code 'NLys': no match in p2smi database (checked Code='NLYS')
23271,b3_excluded_residue_no_smiles,residue_based,position 12 ('NLys'): unknown residue code 'NLys': no match in p2smi database (checked Code='NLYS'); position 14 ('NLys'): unknown residue code 'NLys': no match in p2smi database (checked Code='NLYS')
23278,b3_excluded_residue_no_smiles,residue_based,position 8 ('3-NH2-14-Me-C16'): unknown residue code '3-NH2-14-Me-C16': no match in p2smi database (checked Code='3-NH2-14-ME-C16')
23300,b3_excluded_residue_no_smiles,residue_based,position 11 ('LYS-Bu'): unknown residue code 'LYS-Bu': no match in p2smi database (checked Code='LYS-BU')
23280,b3_excluded_residue_no_smiles,residue_based,position 8 ('3-NH2-16-Me-C17'): unknown residue code '3-NH2-16-Me-C17': no match in p2smi database (checked Code='3-NH2-16-ME-C17')
23301,b3_excluded_residue_no_smiles,residue_based,position 11 ('DAP-Bu'): unknown residue code 'DAP-Bu': no match in p2smi database (checked Code='DAP-BU')
23302,b3_excluded_residue_no_smiles,residue_based,position 18 ('LYS-Bu'): unknown residue code 'LYS-Bu': no match in p2smi database (checked Code='LYS-BU')
23279,b3_excluded_residue_no_smiles,residue_based,position 8 ('3-NH2-15-Me-C16'): unknown residue code '3-NH2-15-Me-C16': no match in p2smi database (checked Code='3-NH2-15-ME-C16')
23303,b3_excluded_residue_no_smiles,residue_based,position 18 ('DAP-Bu'): unknown residue code 'DAP-Bu': no match in p2smi database (checked Code='DAP-BU')
23286,b1_excluded_non_monomer,out_of_scope,"non-monomer complexity (dimer/multi-peptide) -- not a single-chain SMILES peptide, out of scope for this dataset"
23308,b2_excluded_unsupported_terminus,terminus_based,unsupported N-terminal modification 'C8' (only free amine or ACT acetylation supported)
23309,b2_excluded_unsupported_terminus,terminus_based,unsupported N-terminal modification 'C8' (only free amine or ACT acetylation supported)
23307,b3_excluded_residue_no_smiles,residue_based,position 8 ('D-3-NH2-15-Me-C16'): unknown residue code 'D-3-NH2-15-Me-C16': no match in p2smi database (checked Code='3-NH2-15-ME-C16')
23311,b3_excluded_residue_no_smiles,residue_based,position 1 ('D-3-NH2-15-Me-C16'): unknown residue code 'D-3-NH2-15-Me-C16': no match in p2smi database (checked Code='3-NH2-15-ME-C16'); position 6 ('4-HYP'): unknown residue code '4-HYP': no match in p2smi database (checked Code='4-HYP')
23313,b3_excluded_residue_no_smiles,residue_based,position 1 ('D-3-NH2-15-Me-C16'): unknown residue code 'D-3-NH2-15-Me-C16': no match in p2smi database (checked Code='3-NH2-15-ME-C16')
23326,b3_excluded_residue_no_smiles,residue_based,position 1 ('D-3-NH2-C10'): unknown residue code 'D-3-NH2-C10': no match in p2smi database (checked Code='3-NH2-C10')
23324,b3_excluded_residue_no_smiles,residue_based,position 1 ('D-3-NH2-C10'): unknown residue code 'D-3-NH2-C10': no match in p2smi database (checked Code='3-NH2-C10'); position 3 ('DHB'): unknown residue code 'DHB': no match in p2smi database (checked Code='DHB')
23315,b2_excluded_unsupported_terminus,terminus_based,unsupported N-terminal modification 'OIle' (only free amine or ACT acetylation supported)
23323,b3_excluded_residue_no_smiles,residue_based,position 1 ('D-3-NH2-C10'): unknown residue code 'D-3-NH2-C10': no match in p2smi database (checked Code='3-NH2-C10'); position 3 ('D-3-OH-Leu'): unknown residue code 'D-3-OH-Leu': no match in p2smi database (checked Code='3-OH-LEU'); position 5 ('D-3-OH-Leu'): unknown residue code 'D-3-OH-Leu': no match in p2smi database (checked Code='3-OH-LEU'); position 7 ('Me-Ile'): unknown residue code 'Me-Ile': no match in p2smi database (checked Code='ME-ILE')
23316,b2_excluded_unsupported_terminus,terminus_based,"unsupported N-terminal modification '2,4-Me-C8' (only free amine or ACT acetylation supported)"
23310,b3_excluded_residue_no_smiles,residue_based,position 1 ('ACPB'): unknown residue code 'ACPB': no match in p2smi database (checked Code='ACPB'); position 3 ('DAP'): unknown residue code 'DAP': no match in p2smi database (checked Code='DAP')
23325,b3_excluded_residue_no_smiles,residue_based,position 1 ('D-3-NH2-C10'): unknown residue code 'D-3-NH2-C10': no match in p2smi database (checked Code='3-NH2-C10'); position 3 ('D-3-OH-Leu'): unknown residue code 'D-3-OH-Leu': no match in p2smi database (checked Code='3-OH-LEU'); position 5 ('D-3-OH-Leu'): unknown residue code 'D-3-OH-Leu': no match in p2smi database (checked Code='3-OH-LEU'); position 7 ('Me-Ile'): unknown residue code 'Me-Ile': no match in p2smi database (checked Code='ME-ILE')
23327,b3_excluded_residue_no_smiles,residue_based,position 1 ('D-3-NH2-C10'): unknown residue code 'D-3-NH2-C10': no match in p2smi database (checked Code='3-NH2-C10'); position 3 ('3-OH-Leu'): unknown residue code '3-OH-Leu': no match in p2smi database (checked Code='3-OH-LEU'); position 5 ('D-3-OH-Leu'): unknown residue code 'D-3-OH-Leu': no match in p2smi database (checked Code='3-OH-LEU'); position 7 ('Me-Ile'): unknown residue code 'Me-Ile': no match in p2smi database (checked Code='ME-ILE'); position 8 ('D-3-OH-ASN'): unknown residue code 'D-3-OH-ASN': no match in p2smi database (checked Code='3-OH-ASN')
23329,b3_excluded_residue_no_smiles,residue_based,position 1 ('D-3-NH2-C8'): unknown residue code 'D-3-NH2-C8': no match in p2smi database (checked Code='3-NH2-C8'); position 3 ('DHB'): unknown residue code 'DHB': no match in p2smi database (checked Code='DHB'); position 4 ('4-HYP'): unknown residue code '4-HYP': no match in p2smi database (checked Code='4-HYP')
23328,b3_excluded_residue_no_smiles,residue_based,position 1 ('D-3-NH2-C8'): unknown residue code 'D-3-NH2-C8': no match in p2smi database (checked Code='3-NH2-C8'); position 3 ('DHB'): unknown residue code 'DHB': no match in p2smi database (checked Code='DHB'); position 4 ('4-HYP'): unknown residue code '4-HYP': no match in p2smi database (checked Code='4-HYP'); position 9 ('D-Allo-ILE'): unknown residue code 'D-Allo-ILE': no match in p2smi database (checked Code='ALLO-ILE')
23437,b2_excluded_unsupported_terminus,terminus_based,unsupported C-terminal modification 'A(P)' (only free acid or AMD amidation supported)
23438,b2_excluded_unsupported_terminus,terminus_based,unsupported C-terminal modification 'A(P)' (only free acid or AMD amidation supported)
23443,b2_excluded_unsupported_terminus,terminus_based,unsupported C-terminal modification 'A(P)' (only free acid or AMD amidation supported)
23439,b2_excluded_unsupported_terminus,terminus_based,unsupported C-terminal modification 'A(P)' (only free acid or AMD amidation supported)
23445,b2_excluded_unsupported_terminus,terminus_based,unsupported C-terminal modification 'A(P)' (only free acid or AMD amidation supported)
23444,b2_excluded_unsupported_terminus,terminus_based,unsupported C-terminal modification 'A(P)' (only free acid or AMD amidation supported)
23447,b2_excluded_unsupported_terminus,terminus_based,unsupported C-terminal modification 'A(P)' (only free acid or AMD amidation supported)
23442,b2_excluded_unsupported_terminus,terminus_based,unsupported C-terminal modification 'A(P)' (only free acid or AMD amidation supported)
23441,b2_excluded_unsupported_terminus,terminus_based,unsupported C-terminal modification 'A(P)' (only free acid or AMD amidation supported)
23440,b2_excluded_unsupported_terminus,terminus_based,unsupported C-terminal modification 'A(P)' (only free acid or AMD amidation supported)
23448,b2_excluded_unsupported_terminus,terminus_based,unsupported C-terminal modification 'A(P)' (only free acid or AMD amidation supported)
23452,b2_excluded_unsupported_terminus,terminus_based,unsupported C-terminal modification 'A(P)' (only free acid or AMD amidation supported)
23446,b2_excluded_unsupported_terminus,terminus_based,unsupported C-terminal modification 'A(P)' (only free acid or AMD amidation supported)
23449,b2_excluded_unsupported_terminus,terminus_based,unsupported C-terminal modification 'A(P)' (only free acid or AMD amidation supported)
23453,b3_excluded_residue_no_smiles,residue_based,position 4 ('LYS-C4'): unknown residue code 'LYS-C4': no match in p2smi database (checked Code='LYS-C4')
23450,b2_excluded_unsupported_terminus,terminus_based,unsupported C-terminal modification 'A(P)' (only free acid or AMD amidation supported)
23456,b2_excluded_unsupported_terminus,terminus_based,unsupported C-terminal modification 'A(P)' (only free acid or AMD amidation supported)
23451,b2_excluded_unsupported_terminus,terminus_based,unsupported C-terminal modification 'A(P)' (only free acid or AMD amidation supported)
23455,b2_excluded_unsupported_terminus,terminus_based,unsupported C-terminal modification 'A(P)' (only free acid or AMD amidation supported)
23454,b2_excluded_unsupported_terminus,terminus_based,unsupported C-terminal modification 'A(P)' (only free acid or AMD amidation supported)
23457,b2_excluded_unsupported_terminus,terminus_based,unsupported C-terminal modification 'A(P)' (only free acid or AMD amidation supported)
23458,b2_excluded_unsupported_terminus,terminus_based,unsupported C-terminal modification 'A(P)' (only free acid or AMD amidation supported)
23497,b2_excluded_unsupported_terminus,terminus_based,unsupported N-terminal modification 'C12' (only free amine or ACT acetylation supported)
23498,b2_excluded_unsupported_terminus,terminus_based,unsupported N-terminal modification 'C8' (only free amine or ACT acetylation supported)
23503,b2_excluded_unsupported_terminus,terminus_based,unsupported N-terminal modification 'C12' (only free amine or ACT acetylation supported)
23499,b2_excluded_unsupported_terminus,terminus_based,unsupported N-terminal modification 'C12' (only free amine or ACT acetylation supported)
23500,b2_excluded_unsupported_terminus,terminus_based,unsupported N-terminal modification 'C8' (only free amine or ACT acetylation supported)
23507,b2_excluded_unsupported_terminus,terminus_based,unsupported N-terminal modification 'C8' (only free amine or ACT acetylation supported)
23501,b2_excluded_unsupported_terminus,terminus_based,unsupported N-terminal modification 'C12' (only free amine or ACT acetylation supported)
23504,b2_excluded_unsupported_terminus,terminus_based,unsupported N-terminal modification 'C8' (only free amine or ACT acetylation supported)
23505,b3_excluded_residue_no_smiles,residue_based,position 1 ('DHγPhe'): unknown residue code 'DHγPhe': no match in p2smi database (checked Code='DHΓPHE'); position 3 ('DHγPhe'): unknown residue code 'DHγPhe': no match in p2smi database (checked Code='DHΓPHE')
23512,b2_excluded_unsupported_terminus,terminus_based,unsupported N-terminal modification 'FMOC' (only free amine or ACT acetylation supported)
23502,b2_excluded_unsupported_terminus,terminus_based,unsupported N-terminal modification 'C8' (only free amine or ACT acetylation supported)
23514,b3_excluded_residue_no_smiles,residue_based,"position 1 ('5F-PHE'): unknown residue code '5F-PHE': no match in p2smi database (checked Code='5F-PHE'); position 3 ('3,5-Abz'): unknown residue code '3,5-Abz': no match in p2smi database (checked Code='3,5-ABZ')"
23511,b2_excluded_unsupported_terminus,terminus_based,unsupported N-terminal modification 'FMOC' (only free amine or ACT acetylation supported)
23515,b3_excluded_residue_no_smiles,residue_based,position 1 ('5F-PHE'): unknown residue code '5F-PHE': no match in p2smi database (checked Code='5F-PHE')
23518,b2_excluded_unsupported_terminus,terminus_based,unsupported N-terminal modification 'FMOC' (only free amine or ACT acetylation supported)
23523,b2_excluded_unsupported_terminus,terminus_based,unsupported N-terminal modification 'FMOC' (only free amine or ACT acetylation supported)
23517,b2_excluded_unsupported_terminus,terminus_based,unsupported N-terminal modification 'FMOC' (only free amine or ACT acetylation supported)
23524,b2_excluded_unsupported_terminus,terminus_based,unsupported N-terminal modification 'FMOC' (only free amine or ACT acetylation supported)
23532,b3_excluded_residue_no_smiles,residue_based,position 1 ('TERT BU TRP'): unknown residue code 'TERT BU TRP': no match in p2smi database (checked Code='TERT BU TRP')
23533,b2_excluded_unsupported_terminus,terminus_based,unsupported C-terminal modification 'OMe' (only free acid or AMD amidation supported)
23535,b2_excluded_unsupported_terminus,terminus_based,unsupported C-terminal modification 'PEA' (only free acid or AMD amidation supported)
23536,b3_excluded_residue_no_smiles,residue_based,position 2 ('TERT BU TRP'): unknown residue code 'TERT BU TRP': no match in p2smi database (checked Code='TERT BU TRP')
23534,b2_excluded_unsupported_terminus,terminus_based,unsupported C-terminal modification 'OMe' (only free acid or AMD amidation supported)
23537,b3_excluded_residue_no_smiles,residue_based,position 2 ('TERT BU TRP'): unknown residue code 'TERT BU TRP': no match in p2smi database (checked Code='TERT BU TRP')
23538,b2_excluded_unsupported_terminus,terminus_based,unsupported C-terminal modification 'OMe' (only free acid or AMD amidation supported)
23513,b1_excluded_non_monomer,out_of_scope,"non-monomer complexity (dimer/multi-peptide) -- not a single-chain SMILES peptide, out of scope for this dataset"
23510,b1_excluded_non_monomer,out_of_scope,"non-monomer complexity (dimer/multi-peptide) -- not a single-chain SMILES peptide, out of scope for this dataset"
23541,b2_excluded_unsupported_terminus,terminus_based,unsupported C-terminal modification 'PEA' (only free acid or AMD amidation supported)
23544,b2_excluded_unsupported_terminus,terminus_based,unsupported C-terminal modification 'PEA' (only free acid or AMD amidation supported)
23542,b2_excluded_unsupported_terminus,terminus_based,unsupported C-terminal modification 'PEA' (only free acid or AMD amidation supported)
23539,b2_excluded_unsupported_terminus,terminus_based,unsupported C-terminal modification 'OMe' (only free acid or AMD amidation supported)
23543,b2_excluded_unsupported_terminus,terminus_based,unsupported C-terminal modification 'PEA' (only free acid or AMD amidation supported)
23516,b1_excluded_non_monomer,out_of_scope,"non-monomer complexity (dimer/multi-peptide) -- not a single-chain SMILES peptide, out of scope for this dataset"
23525,b1_excluded_non_monomer,out_of_scope,"non-monomer complexity (dimer/multi-peptide) -- not a single-chain SMILES peptide, out of scope for this dataset"
23545,b2_excluded_unsupported_terminus,terminus_based,unsupported C-terminal modification 'PEA' (only free acid or AMD amidation supported)
23548,b2_excluded_unsupported_terminus,terminus_based,"unsupported C-terminal modification '3,5-Br-4-Ome-PEA' (only free acid or AMD amidation supported)"
23550,b2_excluded_unsupported_terminus,terminus_based,unsupported C-terminal modification 'PEA' (only free acid or AMD amidation supported)
23546,b2_excluded_unsupported_terminus,terminus_based,"unsupported C-terminal modification '3,5-Br-4-Ome-PEA' (only free acid or AMD amidation supported)"
23549,b2_excluded_unsupported_terminus,terminus_based,"unsupported C-terminal modification '3,5-Br-4-Ome-PEA' (only free acid or AMD amidation supported)"
23551,b2_excluded_unsupported_terminus,terminus_based,unsupported C-terminal modification 'PEA' (only free acid or AMD amidation supported)
23519,b1_excluded_non_monomer,out_of_scope,"non-monomer complexity (dimer/multi-peptide) -- not a single-chain SMILES peptide, out of scope for this dataset"
23552,b2_excluded_unsupported_terminus,terminus_based,unsupported C-terminal modification 'PEA' (only free acid or AMD amidation supported)
23547,b2_excluded_unsupported_terminus,terminus_based,unsupported C-terminal modification '3-Br-4-Ome-PEA' (only free acid or AMD amidation supported)
23531,b1_excluded_non_monomer,out_of_scope,"non-monomer complexity (dimer/multi-peptide) -- not a single-chain SMILES peptide, out of scope for this dataset"
23528,b1_excluded_non_monomer,out_of_scope,"non-monomer complexity (dimer/multi-peptide) -- not a single-chain SMILES peptide, out of scope for this dataset"
23522,b1_excluded_non_monomer,out_of_scope,"non-monomer complexity (dimer/multi-peptide) -- not a single-chain SMILES peptide, out of scope for this dataset"
23553,b2_excluded_unsupported_terminus,terminus_based,"unsupported C-terminal modification '3,5-Br-4-Ome-PEA' (only free acid or AMD amidation supported)"
23540,b2_excluded_unsupported_terminus,terminus_based,unsupported C-terminal modification 'PEA' (only free acid or AMD amidation supported)
23593,b2_excluded_unsupported_terminus,terminus_based,unsupported N-terminal modification 'TPA' (only free amine or ACT acetylation supported)
23594,b2_excluded_unsupported_terminus,terminus_based,unsupported C-terminal modification 'C6H13-NH2' (only free acid or AMD amidation supported)
23597,b2_excluded_unsupported_terminus,terminus_based,unsupported C-terminal modification 'C7H15-NH2' (only free acid or AMD amidation supported)
23596,b2_excluded_unsupported_terminus,terminus_based,unsupported N-terminal modification 'TPA' (only free amine or ACT acetylation supported)
23600,b2_excluded_unsupported_terminus,terminus_based,unsupported C-terminal modification 'C8H17-NH2' (only free acid or AMD amidation supported)
23599,b2_excluded_unsupported_terminus,terminus_based,unsupported N-terminal modification 'TPA' (only free amine or ACT acetylation supported)
23603,b2_excluded_unsupported_terminus,terminus_based,unsupported C-terminal modification 'C9H19-NH2' (only free acid or AMD amidation supported)
23602,b2_excluded_unsupported_terminus,terminus_based,unsupported N-terminal modification 'TPA' (only free amine or ACT acetylation supported)
23606,b2_excluded_unsupported_terminus,terminus_based,unsupported C-terminal modification 'C10H21-NH2' (only free acid or AMD amidation supported)
23611,b2_excluded_unsupported_terminus,terminus_based,unsupported N-terminal modification 'TPA' (only free amine or ACT acetylation supported)
23609,b2_excluded_unsupported_terminus,terminus_based,unsupported C-terminal modification 'C12H25-NH2' (only free acid or AMD amidation supported)
23608,b2_excluded_unsupported_terminus,terminus_based,unsupported N-terminal modification 'TPA' (only free amine or ACT acetylation supported)
23605,b2_excluded_unsupported_terminus,terminus_based,unsupported N-terminal modification 'TPA' (only free amine or ACT acetylation supported)
23612,b2_excluded_unsupported_terminus,terminus_based,unsupported C-terminal modification 'C13H27-NH2' (only free acid or AMD amidation supported)
23617,b2_excluded_unsupported_terminus,terminus_based,unsupported N-terminal modification 'TPA' (only free amine or ACT acetylation supported)
23614,b2_excluded_unsupported_terminus,terminus_based,unsupported N-terminal modification 'TPA' (only free amine or ACT acetylation supported)
23615,b2_excluded_unsupported_terminus,terminus_based,unsupported C-terminal modification 'C14H29-NH2' (only free acid or AMD amidation supported)
23620,b2_excluded_unsupported_terminus,terminus_based,unsupported C-terminal modification 'PEA' (only free acid or AMD amidation supported)
23621,b2_excluded_unsupported_terminus,terminus_based,unsupported C-terminal modification 'PEA' (only free acid or AMD amidation supported)
23618,b2_excluded_unsupported_terminus,terminus_based,unsupported C-terminal modification 'BIP-Me-NH2' (only free acid or AMD amidation supported)
23625,b2_excluded_unsupported_terminus,terminus_based,unsupported C-terminal modification 'PEA' (only free acid or AMD amidation supported)
23623,b2_excluded_unsupported_terminus,terminus_based,unsupported C-terminal modification 'PEA' (only free acid or AMD amidation supported)
23622,b2_excluded_unsupported_terminus,terminus_based,unsupported C-terminal modification 'PEA' (only free acid or AMD amidation supported)
23624,b2_excluded_unsupported_terminus,terminus_based,unsupported C-terminal modification 'PEA' (only free acid or AMD amidation supported)
23626,b2_excluded_unsupported_terminus,terminus_based,unsupported C-terminal modification 'PEA' (only free acid or AMD amidation supported)
23598,b1_excluded_non_monomer,out_of_scope,"non-monomer complexity (dimer/multi-peptide) -- not a single-chain SMILES peptide, out of scope for this dataset"
23601,b1_excluded_non_monomer,out_of_scope,"non-monomer complexity (dimer/multi-peptide) -- not a single-chain SMILES peptide, out of scope for this dataset"
23607,b1_excluded_non_monomer,out_of_scope,"non-monomer complexity (dimer/multi-peptide) -- not a single-chain SMILES peptide, out of scope for this dataset"
23595,b1_excluded_non_monomer,out_of_scope,"non-monomer complexity (dimer/multi-peptide) -- not a single-chain SMILES peptide, out of scope for this dataset"
23604,b1_excluded_non_monomer,out_of_scope,"non-monomer complexity (dimer/multi-peptide) -- not a single-chain SMILES peptide, out of scope for this dataset"
23610,b1_excluded_non_monomer,out_of_scope,"non-monomer complexity (dimer/multi-peptide) -- not a single-chain SMILES peptide, out of scope for this dataset"
23613,b1_excluded_non_monomer,out_of_scope,"non-monomer complexity (dimer/multi-peptide) -- not a single-chain SMILES peptide, out of scope for this dataset"
23616,b1_excluded_non_monomer,out_of_scope,"non-monomer complexity (dimer/multi-peptide) -- not a single-chain SMILES peptide, out of scope for this dataset"
23619,b1_excluded_non_monomer,out_of_scope,"non-monomer complexity (dimer/multi-peptide) -- not a single-chain SMILES peptide, out of scope for this dataset"
23672,b3_excluded_residue_no_smiles,residue_based,"position 2 ('D-TERT BU TRP'): unknown residue code 'D-TERT BU TRP': no match in p2smi database (checked Code='TERT BU TRP'); position 4 ('D-TERT BU TRP'): unknown residue code 'D-TERT BU TRP': no match in p2smi database (checked Code='TERT BU TRP'); position 5 ('x'): unresolved residue character, no unusualAminoAcids annotation covers this position"
23693,b3_excluded_residue_no_smiles,residue_based,position 2 ('S-ALA-4-pen'): unknown residue code 'S-ALA-4-pen': no match in p2smi database (checked Code='S-ALA-4-PEN'); position 6 ('S-ALA-4-pen'): unknown residue code 'S-ALA-4-pen': no match in p2smi database (checked Code='S-ALA-4-PEN')
23696,b3_excluded_residue_no_smiles,residue_based,position 2 ('S-ALA-4-pen'): unknown residue code 'S-ALA-4-pen': no match in p2smi database (checked Code='S-ALA-4-PEN'); position 6 ('S-ALA-4-pen'): unknown residue code 'S-ALA-4-pen': no match in p2smi database (checked Code='S-ALA-4-PEN')
23694,b3_excluded_residue_no_smiles,residue_based,position 3 ('S-ALA-4-pen'): unknown residue code 'S-ALA-4-pen': no match in p2smi database (checked Code='S-ALA-4-PEN'); position 7 ('S-ALA-4-pen'): unknown residue code 'S-ALA-4-pen': no match in p2smi database (checked Code='S-ALA-4-PEN')
23698,b3_excluded_residue_no_smiles,residue_based,position 6 ('S-ALA-4-pen'): unknown residue code 'S-ALA-4-pen': no match in p2smi database (checked Code='S-ALA-4-PEN'); position 10 ('S-ALA-4-pen'): unknown residue code 'S-ALA-4-pen': no match in p2smi database (checked Code='S-ALA-4-PEN')
23697,b3_excluded_residue_no_smiles,residue_based,position 3 ('S-ALA-4-pen'): unknown residue code 'S-ALA-4-pen': no match in p2smi database (checked Code='S-ALA-4-PEN'); position 7 ('S-ALA-4-pen'): unknown residue code 'S-ALA-4-pen': no match in p2smi database (checked Code='S-ALA-4-PEN')
23700,b3_excluded_residue_no_smiles,residue_based,position 2 ('S-ALA-4-pen'): unknown residue code 'S-ALA-4-pen': no match in p2smi database (checked Code='S-ALA-4-PEN'); position 6 ('S-ALA-4-pen'): unknown residue code 'S-ALA-4-pen': no match in p2smi database (checked Code='S-ALA-4-PEN')
23702,b3_excluded_residue_no_smiles,residue_based,position 6 ('S-ALA-4-pen'): unknown residue code 'S-ALA-4-pen': no match in p2smi database (checked Code='S-ALA-4-PEN'); position 10 ('S-ALA-4-pen'): unknown residue code 'S-ALA-4-pen': no match in p2smi database (checked Code='S-ALA-4-PEN')
23701,b3_excluded_residue_no_smiles,residue_based,position 3 ('S-ALA-4-pen'): unknown residue code 'S-ALA-4-pen': no match in p2smi database (checked Code='S-ALA-4-PEN'); position 7 ('S-ALA-4-pen'): unknown residue code 'S-ALA-4-pen': no match in p2smi database (checked Code='S-ALA-4-PEN')
23747,b3_excluded_residue_no_smiles,residue_based,position 4 ('LYS-C4'): unknown residue code 'LYS-C4': no match in p2smi database (checked Code='LYS-C4')
23749,b3_excluded_residue_no_smiles,residue_based,position 4 ('LYS-C4'): unknown residue code 'LYS-C4': no match in p2smi database (checked Code='LYS-C4')
23748,b3_excluded_residue_no_smiles,residue_based,position 4 ('LYS-C4'): unknown residue code 'LYS-C4': no match in p2smi database (checked Code='LYS-C4')
23753,b3_excluded_residue_no_smiles,residue_based,position 4 ('Lys-Alloc'): unknown residue code 'Lys-Alloc': no match in p2smi database (checked Code='LYS-ALLOC')
23752,b3_excluded_residue_no_smiles,residue_based,position 4 ('Lys-Alloc'): unknown residue code 'Lys-Alloc': no match in p2smi database (checked Code='LYS-ALLOC')
23750,b3_excluded_residue_no_smiles,residue_based,position 4 ('LYS-C4'): unknown residue code 'LYS-C4': no match in p2smi database (checked Code='LYS-C4')
23746,b3_excluded_residue_no_smiles,residue_based,position 4 ('LYS-C4'): unknown residue code 'LYS-C4': no match in p2smi database (checked Code='LYS-C4')
23751,b3_excluded_residue_no_smiles,residue_based,position 4 ('Lys-Alloc'): unknown residue code 'Lys-Alloc': no match in p2smi database (checked Code='LYS-ALLOC')
23755,b2_excluded_unsupported_terminus,terminus_based,unsupported N-terminal modification '6-Pha' (only free amine or ACT acetylation supported)
23754,b3_excluded_residue_no_smiles,residue_based,position 4 ('Lys-Alloc'): unknown residue code 'Lys-Alloc': no match in p2smi database (checked Code='LYS-ALLOC')
23756,b2_excluded_unsupported_terminus,terminus_based,unsupported N-terminal modification '6-Pha' (only free amine or ACT acetylation supported)
23757,b2_excluded_unsupported_terminus,terminus_based,unsupported N-terminal modification 'C6' (only free amine or ACT acetylation supported)
23759,b2_excluded_unsupported_terminus,terminus_based,unsupported N-terminal modification '6-Pha' (only free amine or ACT acetylation supported)
23760,b2_excluded_unsupported_terminus,terminus_based,unsupported N-terminal modification '6-Pha' (only free amine or ACT acetylation supported)
23761,b2_excluded_unsupported_terminus,terminus_based,unsupported N-terminal modification '6-Pha' (only free amine or ACT acetylation supported)
23763,b2_excluded_unsupported_terminus,terminus_based,unsupported N-terminal modification 'Pac' (only free amine or ACT acetylation supported)
23766,b2_excluded_unsupported_terminus,terminus_based,unsupported N-terminal modification '4-Chb' (only free amine or ACT acetylation supported)
23767,b2_excluded_unsupported_terminus,terminus_based,unsupported N-terminal modification '4-Pba' (only free amine or ACT acetylation supported)
23762,b2_excluded_unsupported_terminus,terminus_based,unsupported N-terminal modification '4-Pba' (only free amine or ACT acetylation supported)
23764,b2_excluded_unsupported_terminus,terminus_based,unsupported N-terminal modification 'IBA' (only free amine or ACT acetylation supported)
23768,b2_excluded_unsupported_terminus,terminus_based,unsupported N-terminal modification '4-Chb' (only free amine or ACT acetylation supported)
23765,b2_excluded_unsupported_terminus,terminus_based,unsupported N-terminal modification 'IBA' (only free amine or ACT acetylation supported)
23774,b3_excluded_residue_no_smiles,residue_based,"position 2 ('N1,N3-C7-His'): unknown residue code 'N1,N3-C7-His': no match in p2smi database (checked Code='N1,N3-C7-HIS')"
23779,b3_excluded_residue_no_smiles,residue_based,"position 1 ('N1,N3-C10-His'): unknown residue code 'N1,N3-C10-His': no match in p2smi database (checked Code='N1,N3-C10-HIS')"
23777,b3_excluded_residue_no_smiles,residue_based,position 2 ('N1-C10-His'): unknown residue code 'N1-C10-His': no match in p2smi database (checked Code='N1-C10-HIS')
23770,b3_excluded_residue_no_smiles,residue_based,position 6 ('AGP-Pro'): unknown residue code 'AGP-Pro': no match in p2smi database (checked Code='AGP-PRO'); position 12 ('βALA'): unknown residue code 'βALA': no match in p2smi database (checked Code='ΒALA')
23780,b3_excluded_residue_no_smiles,residue_based,"position 3 ('N1,N3-C10-His'): unknown residue code 'N1,N3-C10-His': no match in p2smi database (checked Code='N1,N3-C10-HIS')"
23778,b3_excluded_residue_no_smiles,residue_based,position 2 ('N1-(E)2-C10-His'): unknown residue code 'N1-(E)2-C10-His': no match in p2smi database (checked Code='N1-(E)2-C10-HIS')
23773,b3_excluded_residue_no_smiles,residue_based,position 3 ('AGP-Pro'): unknown residue code 'AGP-Pro': no match in p2smi database (checked Code='AGP-PRO'); position 7 ('AGP-Pro'): unknown residue code 'AGP-Pro': no match in p2smi database (checked Code='AGP-PRO'); position 9 ('AGP-Pro'): unknown residue code 'AGP-Pro': no match in p2smi database (checked Code='AGP-PRO'); position 11 ('AGP-Pro'): unknown residue code 'AGP-Pro': no match in p2smi database (checked Code='AGP-PRO'); position 12 ('βALA'): unknown residue code 'βALA': no match in p2smi database (checked Code='ΒALA')
23771,b3_excluded_residue_no_smiles,residue_based,position 11 ('AGP-Pro'): unknown residue code 'AGP-Pro': no match in p2smi database (checked Code='AGP-PRO'); position 12 ('βALA'): unknown residue code 'βALA': no match in p2smi database (checked Code='ΒALA')
23775,b3_excluded_residue_no_smiles,residue_based,"position 2 ('N1,N3-C10-His'): unknown residue code 'N1,N3-C10-His': no match in p2smi database (checked Code='N1,N3-C10-HIS')"
23772,b3_excluded_residue_no_smiles,residue_based,position 3 ('AGP-Pro'): unknown residue code 'AGP-Pro': no match in p2smi database (checked Code='AGP-PRO'); position 7 ('AGP-Pro'): unknown residue code 'AGP-Pro': no match in p2smi database (checked Code='AGP-PRO'); position 11 ('AGP-Pro'): unknown residue code 'AGP-Pro': no match in p2smi database (checked Code='AGP-PRO'); position 12 ('βALA'): unknown residue code 'βALA': no match in p2smi database (checked Code='ΒALA')
23776,b3_excluded_residue_no_smiles,residue_based,"position 2 ('N1,N3-C14-His'): unknown residue code 'N1,N3-C14-His': no match in p2smi database (checked Code='N1,N3-C14-HIS')"
23781,b3_excluded_residue_no_smiles,residue_based,"position 1 ('N1,N3-C10-His'): unknown residue code 'N1,N3-C10-His': no match in p2smi database (checked Code='N1,N3-C10-HIS')"
23783,b3_excluded_residue_no_smiles,residue_based,position 18 ('DHA'): unknown residue code 'DHA': no match in p2smi database (checked Code='DHA')
23782,b3_excluded_residue_no_smiles,residue_based,position 18 ('DHA'): unknown residue code 'DHA': no match in p2smi database (checked Code='DHA')
23785,b3_excluded_residue_no_smiles,residue_based,position 18 ('DHA'): unknown residue code 'DHA': no match in p2smi database (checked Code='DHA')
23786,b3_excluded_residue_no_smiles,residue_based,position 18 ('DHA'): unknown residue code 'DHA': no match in p2smi database (checked Code='DHA')
23784,b3_excluded_residue_no_smiles,residue_based,position 18 ('DHA'): unknown residue code 'DHA': no match in p2smi database (checked Code='DHA')
23813,b3_excluded_residue_no_smiles,residue_based,position 2 ('βNLys'): unknown residue code 'βNLys': no match in p2smi database (checked Code='ΒNLYS'); position 4 ('βNLys'): unknown residue code 'βNLys': no match in p2smi database (checked Code='ΒNLYS'); position 6 ('βNLys'): unknown residue code 'βNLys': no match in p2smi database (checked Code='ΒNLYS'); position 8 ('βNLys'): unknown residue code 'βNLys': no match in p2smi database (checked Code='ΒNLYS'); position 10 ('βNPhe'): unknown residue code 'βNPhe': no match in p2smi database (checked Code='ΒNPHE'); position 12 ('βNPhe'): unknown residue code 'βNPhe': no match in p2smi database (checked Code='ΒNPHE'); position 14 ('βNPhe'): unknown residue code 'βNPhe': no match in p2smi database (checked Code='ΒNPHE'); position 16 ('βNPhe'): unknown residue code 'βNPhe': no match in p2smi database (checked Code='ΒNPHE')
23814,b3_excluded_residue_no_smiles,residue_based,position 2 ('βNLys'): unknown residue code 'βNLys': no match in p2smi database (checked Code='ΒNLYS'); position 4 ('βNLys'): unknown residue code 'βNLys': no match in p2smi database (checked Code='ΒNLYS'); position 6 ('βNLys'): unknown residue code 'βNLys': no match in p2smi database (checked Code='ΒNLYS'); position 8 ('βNPhe'): unknown residue code 'βNPhe': no match in p2smi database (checked Code='ΒNPHE'); position 10 ('βNPhe'): unknown residue code 'βNPhe': no match in p2smi database (checked Code='ΒNPHE'); position 12 ('βNPhe'): unknown residue code 'βNPhe': no match in p2smi database (checked Code='ΒNPHE')
23817,b3_excluded_residue_no_smiles,residue_based,position 1 ('βNLys'): unknown residue code 'βNLys': no match in p2smi database (checked Code='ΒNLYS'); position 3 ('βNLys'): unknown residue code 'βNLys': no match in p2smi database (checked Code='ΒNLYS'); position 5 ('βNLys'): unknown residue code 'βNLys': no match in p2smi database (checked Code='ΒNLYS'); position 7 ('βNLys'): unknown residue code 'βNLys': no match in p2smi database (checked Code='ΒNLYS'); position 9 ('βNLys'): unknown residue code 'βNLys': no match in p2smi database (checked Code='ΒNLYS'); position 11 ('βNLys'): unknown residue code 'βNLys': no match in p2smi database (checked Code='ΒNLYS'); position 13 ('βNLys'): unknown residue code 'βNLys': no match in p2smi database (checked Code='ΒNLYS'); position 15 ('βNLys'): unknown residue code 'βNLys': no match in p2smi database (checked Code='ΒNLYS')
23818,b3_excluded_residue_no_smiles,residue_based,position 1 ('βNLys'): unknown residue code 'βNLys': no match in p2smi database (checked Code='ΒNLYS'); position 3 ('βNLys'): unknown residue code 'βNLys': no match in p2smi database (checked Code='ΒNLYS'); position 5 ('βNLys'): unknown residue code 'βNLys': no match in p2smi database (checked Code='ΒNLYS'); position 7 ('βNLys'): unknown residue code 'βNLys': no match in p2smi database (checked Code='ΒNLYS'); position 9 ('βNLys'): unknown residue code 'βNLys': no match in p2smi database (checked Code='ΒNLYS'); position 11 ('βNLys'): unknown residue code 'βNLys': no match in p2smi database (checked Code='ΒNLYS')
23815,b3_excluded_residue_no_smiles,residue_based,position 2 ('βNLys'): unknown residue code 'βNLys': no match in p2smi database (checked Code='ΒNLYS'); position 4 ('βNPhe'): unknown residue code 'βNPhe': no match in p2smi database (checked Code='ΒNPHE'); position 6 ('βNLys'): unknown residue code 'βNLys': no match in p2smi database (checked Code='ΒNLYS'); position 8 ('βNPhe'): unknown residue code 'βNPhe': no match in p2smi database (checked Code='ΒNPHE'); position 10 ('βNLys'): unknown residue code 'βNLys': no match in p2smi database (checked Code='ΒNLYS'); position 12 ('βNPhe'): unknown residue code 'βNPhe': no match in p2smi database (checked Code='ΒNPHE'); position 14 ('βNLys'): unknown residue code 'βNLys': no match in p2smi database (checked Code='ΒNLYS'); position 16 ('βNPhe'): unknown residue code 'βNPhe': no match in p2smi database (checked Code='ΒNPHE')
23816,b3_excluded_residue_no_smiles,residue_based,position 2 ('βNLys'): unknown residue code 'βNLys': no match in p2smi database (checked Code='ΒNLYS'); position 4 ('βNPhe'): unknown residue code 'βNPhe': no match in p2smi database (checked Code='ΒNPHE'); position 6 ('βNLys'): unknown residue code 'βNLys': no match in p2smi database (checked Code='ΒNLYS'); position 8 ('βNPhe'): unknown residue code 'βNPhe': no match in p2smi database (checked Code='ΒNPHE'); position 10 ('βNLys'): unknown residue code 'βNLys': no match in p2smi database (checked Code='ΒNLYS'); position 12 ('βNPhe'): unknown residue code 'βNPhe': no match in p2smi database (checked Code='ΒNPHE')
23840,b3_excluded_residue_no_smiles,residue_based,position 2 ('NLys'): unknown residue code 'NLys': no match in p2smi database (checked Code='NLYS')
23839,b3_excluded_residue_no_smiles,residue_based,position 3 ('Me-His'): unknown residue code 'Me-His': no match in p2smi database (checked Code='ME-HIS')
23841,b3_excluded_residue_no_smiles,residue_based,position 4 ('NHet'): unknown residue code 'NHet': no match in p2smi database (checked Code='NHET')
23854,b3_excluded_residue_no_smiles,residue_based,position 2 ('2-NH2-C12'): unknown residue code '2-NH2-C12': no match in p2smi database (checked Code='2-NH2-C12'); position 4 ('2-NH2-C12'): unknown residue code '2-NH2-C12': no match in p2smi database (checked Code='2-NH2-C12'); position 5 ('LYS-ACT'): unknown residue code 'LYS-ACT': no match in p2smi database (checked Code='LYS-ACT')
23848,b2_excluded_unsupported_terminus,terminus_based,unsupported N-terminal modification 'CIN' (only free amine or ACT acetylation supported)
23857,b3_excluded_residue_no_smiles,residue_based,position 4 ('2-NH2-C12'): unknown residue code '2-NH2-C12': no match in p2smi database (checked Code='2-NH2-C12'); position 5 ('2-NH2-C12'): unknown residue code '2-NH2-C12': no match in p2smi database (checked Code='2-NH2-C12'); position 6 ('2-NH2-C12'): unknown residue code '2-NH2-C12': no match in p2smi database (checked Code='2-NH2-C12'); position 7 ('LYS-ACT'): unknown residue code 'LYS-ACT': no match in p2smi database (checked Code='LYS-ACT')
23853,b3_excluded_residue_no_smiles,residue_based,position 2 ('2-NH2-C12'): unknown residue code '2-NH2-C12': no match in p2smi database (checked Code='2-NH2-C12'); position 4 ('2-NH2-C12'): unknown residue code '2-NH2-C12': no match in p2smi database (checked Code='2-NH2-C12'); position 5 ('LYS-ACT'): unknown residue code 'LYS-ACT': no match in p2smi database (checked Code='LYS-ACT')
23855,b3_excluded_residue_no_smiles,residue_based,position 2 ('2-NH2-C12'): unknown residue code '2-NH2-C12': no match in p2smi database (checked Code='2-NH2-C12'); position 4 ('2-NH2-C12'): unknown residue code '2-NH2-C12': no match in p2smi database (checked Code='2-NH2-C12'); position 6 ('2-NH2-C12'): unknown residue code '2-NH2-C12': no match in p2smi database (checked Code='2-NH2-C12'); position 7 ('LYS-ACT'): unknown residue code 'LYS-ACT': no match in p2smi database (checked Code='LYS-ACT')
23858,b3_excluded_residue_no_smiles,residue_based,position 4 ('2-NH2-C12'): unknown residue code '2-NH2-C12': no match in p2smi database (checked Code='2-NH2-C12'); position 5 ('2-NH2-C12'): unknown residue code '2-NH2-C12': no match in p2smi database (checked Code='2-NH2-C12'); position 6 ('2-NH2-C12'): unknown residue code '2-NH2-C12': no match in p2smi database (checked Code='2-NH2-C12'); position 7 ('LYS-ACT'): unknown residue code 'LYS-ACT': no match in p2smi database (checked Code='LYS-ACT')
23856,b3_excluded_residue_no_smiles,residue_based,position 2 ('2-NH2-C12'): unknown residue code '2-NH2-C12': no match in p2smi database (checked Code='2-NH2-C12'); position 4 ('2-NH2-C12'): unknown residue code '2-NH2-C12': no match in p2smi database (checked Code='2-NH2-C12'); position 6 ('2-NH2-C12'): unknown residue code '2-NH2-C12': no match in p2smi database (checked Code='2-NH2-C12'); position 7 ('LYS-ACT'): unknown residue code 'LYS-ACT': no match in p2smi database (checked Code='LYS-ACT')
23874,b3_excluded_residue_no_smiles,residue_based,position 1 ('NLys'): unknown residue code 'NLys': no match in p2smi database (checked Code='NLYS'); position 2 ('Nspe(p-Br)'): unknown residue code 'Nspe(p-Br)': no match in p2smi database (checked Code='NSPE(P-BR)'); position 3 ('Nspe(p-Br)'): unknown residue code 'Nspe(p-Br)': no match in p2smi database (checked Code='NSPE(P-BR)'); position 4 ('NLys'): unknown residue code 'NLys': no match in p2smi database (checked Code='NLYS'); position 5 ('Nspe(p-Br)'): unknown residue code 'Nspe(p-Br)': no match in p2smi database (checked Code='NSPE(P-BR)'); position 6 ('Nspe(p-Br)'): unknown residue code 'Nspe(p-Br)': no match in p2smi database (checked Code='NSPE(P-BR)'); position 7 ('NLys'): unknown residue code 'NLys': no match in p2smi database (checked Code='NLYS')
23873,b3_excluded_residue_no_smiles,residue_based,position 1 ('NLys'): unknown residue code 'NLys': no match in p2smi database (checked Code='NLYS'); position 2 ('Nspe'): unknown residue code 'Nspe': no match in p2smi database (checked Code='NSPE'); position 3 ('Nspe(p-Br)'): unknown residue code 'Nspe(p-Br)': no match in p2smi database (checked Code='NSPE(P-BR)'); position 4 ('NLys'): unknown residue code 'NLys': no match in p2smi database (checked Code='NLYS'); position 5 ('Nspe'): unknown residue code 'Nspe': no match in p2smi database (checked Code='NSPE'); position 6 ('Nspe(p-Br)'): unknown residue code 'Nspe(p-Br)': no match in p2smi database (checked Code='NSPE(P-BR)'); position 7 ('NLys'): unknown residue code 'NLys': no match in p2smi database (checked Code='NLYS')
23872,b3_excluded_residue_no_smiles,residue_based,position 1 ('Ntridec'): unknown residue code 'Ntridec': no match in p2smi database (checked Code='NTRIDEC'); position 2 ('NLys'): unknown residue code 'NLys': no match in p2smi database (checked Code='NLYS'); position 3 ('Nspe'): unknown residue code 'Nspe': no match in p2smi database (checked Code='NSPE'); position 4 ('Nspe'): unknown residue code 'Nspe': no match in p2smi database (checked Code='NSPE'); position 5 ('NLys'): unknown residue code 'NLys': no match in p2smi database (checked Code='NLYS'); position 6 ('NLys'): unknown residue code 'NLys': no match in p2smi database (checked Code='NLYS')
23875,b3_excluded_residue_no_smiles,residue_based,position 1 ('Ndec'): unknown residue code 'Ndec': no match in p2smi database (checked Code='NDEC'); position 2 ('NLys'): unknown residue code 'NLys': no match in p2smi database (checked Code='NLYS'); position 3 ('Nspe(p-Br)'): unknown residue code 'Nspe(p-Br)': no match in p2smi database (checked Code='NSPE(P-BR)'); position 4 ('NLys'): unknown residue code 'NLys': no match in p2smi database (checked Code='NLYS'); position 5 ('Nspe(p-Br)'): unknown residue code 'Nspe(p-Br)': no match in p2smi database (checked Code='NSPE(P-BR)'); position 6 ('NLys'): unknown residue code 'NLys': no match in p2smi database (checked Code='NLYS')
23906,b2_excluded_unsupported_terminus,terminus_based,unsupported N-terminal modification 'C14' (only free amine or ACT acetylation supported)
23905,b2_excluded_unsupported_terminus,terminus_based,unsupported N-terminal modification 'C12' (only free amine or ACT acetylation supported)
23907,b2_excluded_unsupported_terminus,terminus_based,unsupported N-terminal modification 'C16' (only free amine or ACT acetylation supported)
23909,b2_excluded_unsupported_terminus,terminus_based,unsupported N-terminal modification 'C14H30' (only free amine or ACT acetylation supported)
23908,b2_excluded_unsupported_terminus,terminus_based,unsupported N-terminal modification 'C12H26' (only free amine or ACT acetylation supported)
23911,b2_excluded_unsupported_terminus,terminus_based,unsupported N-terminal modification 'C4' (only free amine or ACT acetylation supported)
23910,b2_excluded_unsupported_terminus,terminus_based,unsupported N-terminal modification 'C16H34' (only free amine or ACT acetylation supported)
23914,b2_excluded_unsupported_terminus,terminus_based,unsupported N-terminal modification 'C8' (only free amine or ACT acetylation supported)
23916,b2_excluded_unsupported_terminus,terminus_based,unsupported N-terminal modification 'C12' (only free amine or ACT acetylation supported)
23918,b2_excluded_unsupported_terminus,terminus_based,unsupported N-terminal modification 'C4' (only free amine or ACT acetylation supported)
23925,b2_excluded_unsupported_terminus,terminus_based,unsupported N-terminal modification 'C4' (only free amine or ACT acetylation supported)
23892,b1_excluded_non_monomer,out_of_scope,"non-monomer complexity (dimer/multi-peptide) -- not a single-chain SMILES peptide, out of scope for this dataset"
23923,b2_excluded_unsupported_terminus,terminus_based,unsupported N-terminal modification 'C12' (only free amine or ACT acetylation supported)
23928,b2_excluded_unsupported_terminus,terminus_based,unsupported N-terminal modification 'C12' (only free amine or ACT acetylation supported)
23921,b2_excluded_unsupported_terminus,terminus_based,unsupported N-terminal modification 'C8' (only free amine or ACT acetylation supported)
23895,b1_excluded_non_monomer,out_of_scope,"non-monomer complexity (dimer/multi-peptide) -- not a single-chain SMILES peptide, out of scope for this dataset"
23901,b1_excluded_non_monomer,out_of_scope,"non-monomer complexity (dimer/multi-peptide) -- not a single-chain SMILES peptide, out of scope for this dataset"
23930,b2_excluded_unsupported_terminus,terminus_based,unsupported N-terminal modification 'C8' (only free amine or ACT acetylation supported)
23938,b3_excluded_residue_no_smiles,residue_based,position 1 ('NLys'): unknown residue code 'NLys': no match in p2smi database (checked Code='NLYS'); position 2 ('Npm(p-I)'): unknown residue code 'Npm(p-I)': no match in p2smi database (checked Code='NPM(P-I)'); position 3 ('NLys'): unknown residue code 'NLys': no match in p2smi database (checked Code='NLYS'); position 4 ('Npm(p-I)'): unknown residue code 'Npm(p-I)': no match in p2smi database (checked Code='NPM(P-I)'); position 5 ('NLys'): unknown residue code 'NLys': no match in p2smi database (checked Code='NLYS'); position 6 ('Npm(p-I)'): unknown residue code 'Npm(p-I)': no match in p2smi database (checked Code='NPM(P-I)')
23898,b1_excluded_non_monomer,out_of_scope,"non-monomer complexity (dimer/multi-peptide) -- not a single-chain SMILES peptide, out of scope for this dataset"
23936,b3_excluded_residue_no_smiles,residue_based,position 1 ('NLys'): unknown residue code 'NLys': no match in p2smi database (checked Code='NLYS'); position 2 ('Npm(p-Cl)'): unknown residue code 'Npm(p-Cl)': no match in p2smi database (checked Code='NPM(P-CL)'); position 3 ('NLys'): unknown residue code 'NLys': no match in p2smi database (checked Code='NLYS'); position 4 ('Npm(p-Cl)'): unknown residue code 'Npm(p-Cl)': no match in p2smi database (checked Code='NPM(P-CL)'); position 5 ('NLys'): unknown residue code 'NLys': no match in p2smi database (checked Code='NLYS'); position 6 ('Npm(p-Cl)'): unknown residue code 'Npm(p-Cl)': no match in p2smi database (checked Code='NPM(P-CL)')
23935,b3_excluded_residue_no_smiles,residue_based,position 1 ('NLys'): unknown residue code 'NLys': no match in p2smi database (checked Code='NLYS'); position 2 ('Npm(p-F)'): unknown residue code 'Npm(p-F)': no match in p2smi database (checked Code='NPM(P-F)'); position 3 ('NLys'): unknown residue code 'NLys': no match in p2smi database (checked Code='NLYS'); position 4 ('Npm(p-F)'): unknown residue code 'Npm(p-F)': no match in p2smi database (checked Code='NPM(P-F)'); position 5 ('NLys'): unknown residue code 'NLys': no match in p2smi database (checked Code='NLYS'); position 6 ('Npm(p-F)'): unknown residue code 'Npm(p-F)': no match in p2smi database (checked Code='NPM(P-F)')
23939,b3_excluded_residue_no_smiles,residue_based,position 1 ('NLys'): unknown residue code 'NLys': no match in p2smi database (checked Code='NLYS'); position 2 ('Npm(p-F)'): unknown residue code 'Npm(p-F)': no match in p2smi database (checked Code='NPM(P-F)'); position 3 ('NLys'): unknown residue code 'NLys': no match in p2smi database (checked Code='NLYS'); position 4 ('Npm'): unknown residue code 'Npm': no match in p2smi database (checked Code='NPM'); position 5 ('NLys'): unknown residue code 'NLys': no match in p2smi database (checked Code='NLYS'); position 6 ('Npm(p-F)'): unknown residue code 'Npm(p-F)': no match in p2smi database (checked Code='NPM(P-F)')
23937,b3_excluded_residue_no_smiles,residue_based,position 1 ('NLys'): unknown residue code 'NLys': no match in p2smi database (checked Code='NLYS'); position 2 ('Npm(p-Br)'): unknown residue code 'Npm(p-Br)': no match in p2smi database (checked Code='NPM(P-BR)'); position 3 ('NLys'): unknown residue code 'NLys': no match in p2smi database (checked Code='NLYS'); position 4 ('Npm(p-Br)'): unknown residue code 'Npm(p-Br)': no match in p2smi database (checked Code='NPM(P-BR)'); position 5 ('NLys'): unknown residue code 'NLys': no match in p2smi database (checked Code='NLYS'); position 6 ('Npm(p-Br)'): unknown residue code 'Npm(p-Br)': no match in p2smi database (checked Code='NPM(P-BR)')
23941,b3_excluded_residue_no_smiles,residue_based,position 1 ('NLys'): unknown residue code 'NLys': no match in p2smi database (checked Code='NLYS'); position 2 ('Npm(p-Br)'): unknown residue code 'Npm(p-Br)': no match in p2smi database (checked Code='NPM(P-BR)'); position 3 ('NLys'): unknown residue code 'NLys': no match in p2smi database (checked Code='NLYS'); position 4 ('Npm'): unknown residue code 'Npm': no match in p2smi database (checked Code='NPM'); position 5 ('NLys'): unknown residue code 'NLys': no match in p2smi database (checked Code='NLYS'); position 6 ('Npm(p-Br)'): unknown residue code 'Npm(p-Br)': no match in p2smi database (checked Code='NPM(P-BR)')
23940,b3_excluded_residue_no_smiles,residue_based,position 1 ('NLys'): unknown residue code 'NLys': no match in p2smi database (checked Code='NLYS'); position 2 ('Npm(p-Cl)'): unknown residue code 'Npm(p-Cl)': no match in p2smi database (checked Code='NPM(P-CL)'); position 3 ('NLys'): unknown residue code 'NLys': no match in p2smi database (checked Code='NLYS'); position 4 ('Npm'): unknown residue code 'Npm': no match in p2smi database (checked Code='NPM'); position 5 ('NLys'): unknown residue code 'NLys': no match in p2smi database (checked Code='NLYS'); position 6 ('Npm(p-Cl)'): unknown residue code 'Npm(p-Cl)': no match in p2smi database (checked Code='NPM(P-CL)')
23934,b3_excluded_residue_no_smiles,residue_based,position 1 ('NLys'): unknown residue code 'NLys': no match in p2smi database (checked Code='NLYS'); position 2 ('Npm'): unknown residue code 'Npm': no match in p2smi database (checked Code='NPM'); position 3 ('NLys'): unknown residue code 'NLys': no match in p2smi database (checked Code='NLYS'); position 4 ('Npm'): unknown residue code 'Npm': no match in p2smi database (checked Code='NPM'); position 5 ('NLys'): unknown residue code 'NLys': no match in p2smi database (checked Code='NLYS'); position 6 ('Npm'): unknown residue code 'Npm': no match in p2smi database (checked Code='NPM')
23913,b1_excluded_non_monomer,out_of_scope,"non-monomer complexity (dimer/multi-peptide) -- not a single-chain SMILES peptide, out of scope for this dataset"
23946,b3_excluded_residue_no_smiles,residue_based,position 1 ('NLys'): unknown residue code 'NLys': no match in p2smi database (checked Code='NLYS'); position 2 ('Npm(p-Br)'): unknown residue code 'Npm(p-Br)': no match in p2smi database (checked Code='NPM(P-BR)'); position 3 ('NLys'): unknown residue code 'NLys': no match in p2smi database (checked Code='NLYS'); position 4 ('Npm(p-Br)'): unknown residue code 'Npm(p-Br)': no match in p2smi database (checked Code='NPM(P-BR)'); position 5 ('NLys'): unknown residue code 'NLys': no match in p2smi database (checked Code='NLYS'); position 6 ('Npm(p-Br)'): unknown residue code 'Npm(p-Br)': no match in p2smi database (checked Code='NPM(P-BR)'); position 7 ('NLys'): unknown residue code 'NLys': no match in p2smi database (checked Code='NLYS'); position 8 ('Npm(p-Br)'): unknown residue code 'Npm(p-Br)': no match in p2smi database (checked Code='NPM(P-BR)')
23944,b3_excluded_residue_no_smiles,residue_based,position 1 ('NLys'): unknown residue code 'NLys': no match in p2smi database (checked Code='NLYS'); position 2 ('Npm(p-F)'): unknown residue code 'Npm(p-F)': no match in p2smi database (checked Code='NPM(P-F)'); position 3 ('NLys'): unknown residue code 'NLys': no match in p2smi database (checked Code='NLYS'); position 4 ('Npm(p-F)'): unknown residue code 'Npm(p-F)': no match in p2smi database (checked Code='NPM(P-F)'); position 5 ('NLys'): unknown residue code 'NLys': no match in p2smi database (checked Code='NLYS'); position 6 ('Npm(p-F)'): unknown residue code 'Npm(p-F)': no match in p2smi database (checked Code='NPM(P-F)'); position 7 ('NLys'): unknown residue code 'NLys': no match in p2smi database (checked Code='NLYS'); position 8 ('Npm(p-F)'): unknown residue code 'Npm(p-F)': no match in p2smi database (checked Code='NPM(P-F)')
23915,b1_excluded_non_monomer,out_of_scope,"non-monomer complexity (dimer/multi-peptide) -- not a single-chain SMILES peptide, out of scope for this dataset"
23947,b3_excluded_residue_no_smiles,residue_based,position 1 ('NLys'): unknown residue code 'NLys': no match in p2smi database (checked Code='NLYS'); position 2 ('Npm(p-I)'): unknown residue code 'Npm(p-I)': no match in p2smi database (checked Code='NPM(P-I)'); position 3 ('NLys'): unknown residue code 'NLys': no match in p2smi database (checked Code='NLYS'); position 4 ('Npm(p-I)'): unknown residue code 'Npm(p-I)': no match in p2smi database (checked Code='NPM(P-I)'); position 5 ('NLys'): unknown residue code 'NLys': no match in p2smi database (checked Code='NLYS'); position 6 ('Npm(p-I)'): unknown residue code 'Npm(p-I)': no match in p2smi database (checked Code='NPM(P-I)'); position 7 ('NLys'): unknown residue code 'NLys': no match in p2smi database (checked Code='NLYS'); position 8 ('Npm(p-I)'): unknown residue code 'Npm(p-I)': no match in p2smi database (checked Code='NPM(P-I)')
23943,b3_excluded_residue_no_smiles,residue_based,position 1 ('NLys'): unknown residue code 'NLys': no match in p2smi database (checked Code='NLYS'); position 2 ('Npm'): unknown residue code 'Npm': no match in p2smi database (checked Code='NPM'); position 3 ('NLys'): unknown residue code 'NLys': no match in p2smi database (checked Code='NLYS'); position 4 ('Npm'): unknown residue code 'Npm': no match in p2smi database (checked Code='NPM'); position 5 ('NLys'): unknown residue code 'NLys': no match in p2smi database (checked Code='NLYS'); position 6 ('Npm'): unknown residue code 'Npm': no match in p2smi database (checked Code='NPM'); position 7 ('NLys'): unknown residue code 'NLys': no match in p2smi database (checked Code='NLYS'); position 8 ('Npm'): unknown residue code 'Npm': no match in p2smi database (checked Code='NPM')
23920,b1_excluded_non_monomer,out_of_scope,"non-monomer complexity (dimer/multi-peptide) -- not a single-chain SMILES peptide, out of scope for this dataset"
23945,b3_excluded_residue_no_smiles,residue_based,position 1 ('NLys'): unknown residue code 'NLys': no match in p2smi database (checked Code='NLYS'); position 2 ('Npm(p-Cl)'): unknown residue code 'Npm(p-Cl)': no match in p2smi database (checked Code='NPM(P-CL)'); position 3 ('NLys'): unknown residue code 'NLys': no match in p2smi database (checked Code='NLYS'); position 4 ('Npm(p-Cl)'): unknown residue code 'Npm(p-Cl)': no match in p2smi database (checked Code='NPM(P-CL)'); position 5 ('NLys'): unknown residue code 'NLys': no match in p2smi database (checked Code='NLYS'); position 6 ('Npm(p-Cl)'): unknown residue code 'Npm(p-Cl)': no match in p2smi database (checked Code='NPM(P-CL)'); position 7 ('NLys'): unknown residue code 'NLys': no match in p2smi database (checked Code='NLYS'); position 8 ('Npm(p-Cl)'): unknown residue code 'Npm(p-Cl)': no match in p2smi database (checked Code='NPM(P-CL)')
23948,b3_excluded_residue_no_smiles,residue_based,position 1 ('NLys'): unknown residue code 'NLys': no match in p2smi database (checked Code='NLYS'); position 2 ('Npm'): unknown residue code 'Npm': no match in p2smi database (checked Code='NPM'); position 3 ('NLys'): unknown residue code 'NLys': no match in p2smi database (checked Code='NLYS'); position 4 ('Npm(p-F)'): unknown residue code 'Npm(p-F)': no match in p2smi database (checked Code='NPM(P-F)'); position 5 ('NLys'): unknown residue code 'NLys': no match in p2smi database (checked Code='NLYS'); position 6 ('Npm'): unknown residue code 'Npm': no match in p2smi database (checked Code='NPM'); position 7 ('NLys'): unknown residue code 'NLys': no match in p2smi database (checked Code='NLYS'); position 8 ('Npm(p-F)'): unknown residue code 'Npm(p-F)': no match in p2smi database (checked Code='NPM(P-F)')
23942,b3_excluded_residue_no_smiles,residue_based,position 1 ('NLys'): unknown residue code 'NLys': no match in p2smi database (checked Code='NLYS'); position 2 ('Npm(p-I)'): unknown residue code 'Npm(p-I)': no match in p2smi database (checked Code='NPM(P-I)'); position 3 ('NLys'): unknown residue code 'NLys': no match in p2smi database (checked Code='NLYS'); position 4 ('Npm'): unknown residue code 'Npm': no match in p2smi database (checked Code='NPM'); position 5 ('NLys'): unknown residue code 'NLys': no match in p2smi database (checked Code='NLYS'); position 6 ('Npm(p-I)'): unknown residue code 'Npm(p-I)': no match in p2smi database (checked Code='NPM(P-I)')
23924,b1_excluded_non_monomer,out_of_scope,"non-monomer complexity (dimer/multi-peptide) -- not a single-chain SMILES peptide, out of scope for this dataset"
23950,b3_excluded_residue_no_smiles,residue_based,position 1 ('NLys'): unknown residue code 'NLys': no match in p2smi database (checked Code='NLYS'); position 2 ('Npm'): unknown residue code 'Npm': no match in p2smi database (checked Code='NPM'); position 3 ('NLys'): unknown residue code 'NLys': no match in p2smi database (checked Code='NLYS'); position 4 ('Npm(p-Br)'): unknown residue code 'Npm(p-Br)': no match in p2smi database (checked Code='NPM(P-BR)'); position 5 ('NLys'): unknown residue code 'NLys': no match in p2smi database (checked Code='NLYS'); position 6 ('Npm'): unknown residue code 'Npm': no match in p2smi database (checked Code='NPM'); position 7 ('NLys'): unknown residue code 'NLys': no match in p2smi database (checked Code='NLYS'); position 8 ('Npm(p-Br)'): unknown residue code 'Npm(p-Br)': no match in p2smi database (checked Code='NPM(P-BR)')
23949,b3_excluded_residue_no_smiles,residue_based,position 1 ('NLys'): unknown residue code 'NLys': no match in p2smi database (checked Code='NLYS'); position 2 ('Npm'): unknown residue code 'Npm': no match in p2smi database (checked Code='NPM'); position 3 ('NLys'): unknown residue code 'NLys': no match in p2smi database (checked Code='NLYS'); position 4 ('Npm(p-Cl)'): unknown residue code 'Npm(p-Cl)': no match in p2smi database (checked Code='NPM(P-CL)'); position 5 ('NLys'): unknown residue code 'NLys': no match in p2smi database (checked Code='NLYS'); position 6 ('Npm'): unknown residue code 'Npm': no match in p2smi database (checked Code='NPM'); position 7 ('NLys'): unknown residue code 'NLys': no match in p2smi database (checked Code='NLYS'); position 8 ('Npm(p-Cl)'): unknown residue code 'Npm(p-Cl)': no match in p2smi database (checked Code='NPM(P-CL)')
23917,b1_excluded_non_monomer,out_of_scope,"non-monomer complexity (dimer/multi-peptide) -- not a single-chain SMILES peptide, out of scope for this dataset"
23951,b3_excluded_residue_no_smiles,residue_based,position 1 ('NLys'): unknown residue code 'NLys': no match in p2smi database (checked Code='NLYS'); position 2 ('Npm'): unknown residue code 'Npm': no match in p2smi database (checked Code='NPM'); position 3 ('NLys'): unknown residue code 'NLys': no match in p2smi database (checked Code='NLYS'); position 4 ('Npm(p-I)'): unknown residue code 'Npm(p-I)': no match in p2smi database (checked Code='NPM(P-I)'); position 5 ('NLys'): unknown residue code 'NLys': no match in p2smi database (checked Code='NLYS'); position 6 ('Npm'): unknown residue code 'Npm': no match in p2smi database (checked Code='NPM'); position 7 ('NLys'): unknown residue code 'NLys': no match in p2smi database (checked Code='NLYS'); position 8 ('Npm(p-I)'): unknown residue code 'Npm(p-I)': no match in p2smi database (checked Code='NPM(P-I)')
23922,b1_excluded_non_monomer,out_of_scope,"non-monomer complexity (dimer/multi-peptide) -- not a single-chain SMILES peptide, out of scope for this dataset"
23957,b3_excluded_residue_no_smiles,residue_based,position 1 ('NLys'): unknown residue code 'NLys': no match in p2smi database (checked Code='NLYS'); position 2 ('Npm(p-F)'): unknown residue code 'Npm(p-F)': no match in p2smi database (checked Code='NPM(P-F)'); position 3 ('NLys'): unknown residue code 'NLys': no match in p2smi database (checked Code='NLYS'); position 4 ('Npm'): unknown residue code 'Npm': no match in p2smi database (checked Code='NPM'); position 5 ('NLys'): unknown residue code 'NLys': no match in p2smi database (checked Code='NLYS'); position 6 ('Npm(p-F)'): unknown residue code 'Npm(p-F)': no match in p2smi database (checked Code='NPM(P-F)'); position 7 ('NLys'): unknown residue code 'NLys': no match in p2smi database (checked Code='NLYS'); position 8 ('Npm'): unknown residue code 'Npm': no match in p2smi database (checked Code='NPM'); position 9 ('NLys'): unknown residue code 'NLys': no match in p2smi database (checked Code='NLYS'); position 10 ('Npm(p-F)'): unknown residue code 'Npm(p-F)': no match in p2smi database (checked Code='NPM(P-F)')
23952,b3_excluded_residue_no_smiles,residue_based,"position 1 ('NLys'): unknown residue code 'NLys': no match in p2smi database (checked Code='NLYS'); position 2 ('Npm'): unknown residue code 'Npm': no match in p2smi database (checked Code='NPM'); position 3 ('NLys'): unknown residue code 'NLys': no match in p2smi database (checked Code='NLYS'); position 4 ('Npm'): unknown residue code 'Npm': no match in p2smi database (checked Code='NPM'); position 5 ('NLys'): unknown residue code 'NLys': no match in p2smi database (checked Code='NLYS'); position 6 ('Npm'): unknown residue code 'Npm': no match in p2smi database (checked Code='NPM'); position 7 ('NLys'): unknown residue code 'NLys': no match in p2smi database (checked Code='NLYS'); position 8 ('Npm'): unknown residue code 'Npm': no match in p2smi database (checked Code='NPM'); position 9 ('X'): unresolved residue character, no unusualAminoAcids annotation covers this position; position 10 ('X'): unresolved residue character, no unusualAminoAcids annotation covers this position"
23958,b3_excluded_residue_no_smiles,residue_based,position 1 ('NLys'): unknown residue code 'NLys': no match in p2smi database (checked Code='NLYS'); position 2 ('Npm(p-Cl)'): unknown residue code 'Npm(p-Cl)': no match in p2smi database (checked Code='NPM(P-CL)'); position 3 ('NLys'): unknown residue code 'NLys': no match in p2smi database (checked Code='NLYS'); position 4 ('Npm'): unknown residue code 'Npm': no match in p2smi database (checked Code='NPM'); position 5 ('NLys'): unknown residue code 'NLys': no match in p2smi database (checked Code='NLYS'); position 6 ('Npm(p-Cl)'): unknown residue code 'Npm(p-Cl)': no match in p2smi database (checked Code='NPM(P-CL)'); position 7 ('NLys'): unknown residue code 'NLys': no match in p2smi database (checked Code='NLYS'); position 8 ('Npm'): unknown residue code 'Npm': no match in p2smi database (checked Code='NPM'); position 9 ('NLys'): unknown residue code 'NLys': no match in p2smi database (checked Code='NLYS'); position 10 ('Npm(p-Cl)'): unknown residue code 'Npm(p-Cl)': no match in p2smi database (checked Code='NPM(P-CL)')
23954,b3_excluded_residue_no_smiles,residue_based,position 1 ('NLys'): unknown residue code 'NLys': no match in p2smi database (checked Code='NLYS'); position 2 ('Npm(p-Cl)'): unknown residue code 'Npm(p-Cl)': no match in p2smi database (checked Code='NPM(P-CL)'); position 3 ('NLys'): unknown residue code 'NLys': no match in p2smi database (checked Code='NLYS'); position 4 ('Npm(p-Cl)'): unknown residue code 'Npm(p-Cl)': no match in p2smi database (checked Code='NPM(P-CL)'); position 5 ('NLys'): unknown residue code 'NLys': no match in p2smi database (checked Code='NLYS'); position 6 ('Npm(p-Cl)'): unknown residue code 'Npm(p-Cl)': no match in p2smi database (checked Code='NPM(P-CL)'); position 7 ('NLys'): unknown residue code 'NLys': no match in p2smi database (checked Code='NLYS'); position 8 ('Npm(p-Cl)'): unknown residue code 'Npm(p-Cl)': no match in p2smi database (checked Code='NPM(P-CL)'); position 9 ('NLys'): unknown residue code 'NLys': no match in p2smi database (checked Code='NLYS'); position 10 ('Npm(p-Cl)'): unknown residue code 'Npm(p-Cl)': no match in p2smi database (checked Code='NPM(P-CL)')
23953,b3_excluded_residue_no_smiles,residue_based,position 1 ('NLys'): unknown residue code 'NLys': no match in p2smi database (checked Code='NLYS'); position 2 ('Npm(p-F)'): unknown residue code 'Npm(p-F)': no match in p2smi database (checked Code='NPM(P-F)'); position 3 ('NLys'): unknown residue code 'NLys': no match in p2smi database (checked Code='NLYS'); position 4 ('Npm(p-F)'): unknown residue code 'Npm(p-F)': no match in p2smi database (checked Code='NPM(P-F)'); position 5 ('NLys'): unknown residue code 'NLys': no match in p2smi database (checked Code='NLYS'); position 6 ('Npm(p-F)'): unknown residue code 'Npm(p-F)': no match in p2smi database (checked Code='NPM(P-F)'); position 7 ('NLys'): unknown residue code 'NLys': no match in p2smi database (checked Code='NLYS'); position 8 ('Npm(p-F)'): unknown residue code 'Npm(p-F)': no match in p2smi database (checked Code='NPM(P-F)'); position 9 ('NLys'): unknown residue code 'NLys': no match in p2smi database (checked Code='NLYS'); position 10 ('Npm(p-F)'): unknown residue code 'Npm(p-F)': no match in p2smi database (checked Code='NPM(P-F)')
23959,b3_excluded_residue_no_smiles,residue_based,position 1 ('NLys'): unknown residue code 'NLys': no match in p2smi database (checked Code='NLYS'); position 2 ('Npm(p-I)'): unknown residue code 'Npm(p-I)': no match in p2smi database (checked Code='NPM(P-I)'); position 3 ('NLys'): unknown residue code 'NLys': no match in p2smi database (checked Code='NLYS'); position 4 ('Npm'): unknown residue code 'Npm': no match in p2smi database (checked Code='NPM'); position 5 ('NLys'): unknown residue code 'NLys': no match in p2smi database (checked Code='NLYS'); position 6 ('Npm(p-I)'): unknown residue code 'Npm(p-I)': no match in p2smi database (checked Code='NPM(P-I)'); position 7 ('NLys'): unknown residue code 'NLys': no match in p2smi database (checked Code='NLYS'); position 8 ('Npm'): unknown residue code 'Npm': no match in p2smi database (checked Code='NPM'); position 9 ('NLys'): unknown residue code 'NLys': no match in p2smi database (checked Code='NLYS'); position 10 ('Npm(p-I)'): unknown residue code 'Npm(p-I)': no match in p2smi database (checked Code='NPM(P-I)')
23955,b3_excluded_residue_no_smiles,residue_based,position 1 ('NLys'): unknown residue code 'NLys': no match in p2smi database (checked Code='NLYS'); position 2 ('Npm(p-Br)'): unknown residue code 'Npm(p-Br)': no match in p2smi database (checked Code='NPM(P-BR)'); position 3 ('NLys'): unknown residue code 'NLys': no match in p2smi database (checked Code='NLYS'); position 4 ('Npm(p-Br)'): unknown residue code 'Npm(p-Br)': no match in p2smi database (checked Code='NPM(P-BR)'); position 5 ('NLys'): unknown residue code 'NLys': no match in p2smi database (checked Code='NLYS'); position 6 ('Npm(p-Br)'): unknown residue code 'Npm(p-Br)': no match in p2smi database (checked Code='NPM(P-BR)'); position 7 ('NLys'): unknown residue code 'NLys': no match in p2smi database (checked Code='NLYS'); position 8 ('Npm(p-Br)'): unknown residue code 'Npm(p-Br)': no match in p2smi database (checked Code='NPM(P-BR)'); position 9 ('NLys'): unknown residue code 'NLys': no match in p2smi database (checked Code='NLYS'); position 10 ('Npm(p-Br)'): unknown residue code 'Npm(p-Br)': no match in p2smi database (checked Code='NPM(P-BR)')
23927,b1_excluded_non_monomer,out_of_scope,"non-monomer complexity (dimer/multi-peptide) -- not a single-chain SMILES peptide, out of scope for this dataset"
23956,b3_excluded_residue_no_smiles,residue_based,position 1 ('NLys'): unknown residue code 'NLys': no match in p2smi database (checked Code='NLYS'); position 2 ('Npm(p-I)'): unknown residue code 'Npm(p-I)': no match in p2smi database (checked Code='NPM(P-I)'); position 3 ('NLys'): unknown residue code 'NLys': no match in p2smi database (checked Code='NLYS'); position 4 ('Npm(p-I)'): unknown residue code 'Npm(p-I)': no match in p2smi database (checked Code='NPM(P-I)'); position 5 ('NLys'): unknown residue code 'NLys': no match in p2smi database (checked Code='NLYS'); position 6 ('Npm(p-I)'): unknown residue code 'Npm(p-I)': no match in p2smi database (checked Code='NPM(P-I)'); position 7 ('NLys'): unknown residue code 'NLys': no match in p2smi database (checked Code='NLYS'); position 8 ('Npm(p-I)'): unknown residue code 'Npm(p-I)': no match in p2smi database (checked Code='NPM(P-I)'); position 9 ('NLys'): unknown residue code 'NLys': no match in p2smi database (checked Code='NLYS'); position 10 ('Npm(p-I)'): unknown residue code 'Npm(p-I)': no match in p2smi database (checked Code='NPM(P-I)')
23929,b1_excluded_non_monomer,out_of_scope,"non-monomer complexity (dimer/multi-peptide) -- not a single-chain SMILES peptide, out of scope for this dataset"
23969,b3_excluded_residue_no_smiles,residue_based,position 1 ('NLys'): unknown residue code 'NLys': no match in p2smi database (checked Code='NLYS'); position 2 ('Npm'): unknown residue code 'Npm': no match in p2smi database (checked Code='NPM'); position 3 ('NLys'): unknown residue code 'NLys': no match in p2smi database (checked Code='NLYS'); position 4 ('Npm(p-I)'): unknown residue code 'Npm(p-I)': no match in p2smi database (checked Code='NPM(P-I)'); position 5 ('NLys'): unknown residue code 'NLys': no match in p2smi database (checked Code='NLYS'); position 6 ('Npm'): unknown residue code 'Npm': no match in p2smi database (checked Code='NPM'); position 7 ('NLys'): unknown residue code 'NLys': no match in p2smi database (checked Code='NLYS'); position 8 ('Npm(p-I)'): unknown residue code 'Npm(p-I)': no match in p2smi database (checked Code='NPM(P-I)'); position 9 ('NLys'): unknown residue code 'NLys': no match in p2smi database (checked Code='NLYS'); position 10 ('Npm'): unknown residue code 'Npm': no match in p2smi database (checked Code='NPM'); position 11 ('NLys'): unknown residue code 'NLys': no match in p2smi database (checked Code='NLYS'); position 12 ('Npm(p-I)'): unknown residue code 'Npm(p-I)': no match in p2smi database (checked Code='NPM(P-I)')
23963,b3_excluded_residue_no_smiles,residue_based,position 1 ('NLys'): unknown residue code 'NLys': no match in p2smi database (checked Code='NLYS'); position 2 ('Npm(p-Cl)'): unknown residue code 'Npm(p-Cl)': no match in p2smi database (checked Code='NPM(P-CL)'); position 3 ('NLys'): unknown residue code 'NLys': no match in p2smi database (checked Code='NLYS'); position 4 ('Npm(p-Cl)'): unknown residue code 'Npm(p-Cl)': no match in p2smi database (checked Code='NPM(P-CL)'); position 5 ('NLys'): unknown residue code 'NLys': no match in p2smi database (checked Code='NLYS'); position 6 ('Npm(p-Cl)'): unknown residue code 'Npm(p-Cl)': no match in p2smi database (checked Code='NPM(P-CL)'); position 7 ('NLys'): unknown residue code 'NLys': no match in p2smi database (checked Code='NLYS'); position 8 ('Npm(p-Cl)'): unknown residue code 'Npm(p-Cl)': no match in p2smi database (checked Code='NPM(P-CL)'); position 9 ('NLys'): unknown residue code 'NLys': no match in p2smi database (checked Code='NLYS'); position 10 ('Npm(p-Cl)'): unknown residue code 'Npm(p-Cl)': no match in p2smi database (checked Code='NPM(P-CL)'); position 11 ('NLys'): unknown residue code 'NLys': no match in p2smi database (checked Code='NLYS'); position 12 ('Npm(p-Cl)'): unknown residue code 'Npm(p-Cl)': no match in p2smi database (checked Code='NPM(P-CL)')
23961,b3_excluded_residue_no_smiles,residue_based,position 1 ('NLys'): unknown residue code 'NLys': no match in p2smi database (checked Code='NLYS'); position 2 ('Npm'): unknown residue code 'Npm': no match in p2smi database (checked Code='NPM'); position 3 ('NLys'): unknown residue code 'NLys': no match in p2smi database (checked Code='NLYS'); position 4 ('Npm'): unknown residue code 'Npm': no match in p2smi database (checked Code='NPM'); position 5 ('NLys'): unknown residue code 'NLys': no match in p2smi database (checked Code='NLYS'); position 6 ('Npm'): unknown residue code 'Npm': no match in p2smi database (checked Code='NPM'); position 7 ('NLys'): unknown residue code 'NLys': no match in p2smi database (checked Code='NLYS'); position 8 ('Npm'): unknown residue code 'Npm': no match in p2smi database (checked Code='NPM'); position 9 ('NLys'): unknown residue code 'NLys': no match in p2smi database (checked Code='NLYS'); position 10 ('Npm'): unknown residue code 'Npm': no match in p2smi database (checked Code='NPM'); position 11 ('NLys'): unknown residue code 'NLys': no match in p2smi database (checked Code='NLYS'); position 12 ('Npm'): unknown residue code 'Npm': no match in p2smi database (checked Code='NPM')
23960,b3_excluded_residue_no_smiles,residue_based,position 1 ('NLys'): unknown residue code 'NLys': no match in p2smi database (checked Code='NLYS'); position 2 ('Npm(p-Br)'): unknown residue code 'Npm(p-Br)': no match in p2smi database (checked Code='NPM(P-BR)'); position 3 ('NLys'): unknown residue code 'NLys': no match in p2smi database (checked Code='NLYS'); position 4 ('Npm'): unknown residue code 'Npm': no match in p2smi database (checked Code='NPM'); position 5 ('NLys'): unknown residue code 'NLys': no match in p2smi database (checked Code='NLYS'); position 6 ('Npm(p-Br)'): unknown residue code 'Npm(p-Br)': no match in p2smi database (checked Code='NPM(P-BR)'); position 7 ('NLys'): unknown residue code 'NLys': no match in p2smi database (checked Code='NLYS'); position 8 ('Npm'): unknown residue code 'Npm': no match in p2smi database (checked Code='NPM'); position 9 ('NLys'): unknown residue code 'NLys': no match in p2smi database (checked Code='NLYS'); position 10 ('Npm(p-Br)'): unknown residue code 'Npm(p-Br)': no match in p2smi database (checked Code='NPM(P-BR)')
23967,b3_excluded_residue_no_smiles,residue_based,position 1 ('NLys'): unknown residue code 'NLys': no match in p2smi database (checked Code='NLYS'); position 2 ('Npm'): unknown residue code 'Npm': no match in p2smi database (checked Code='NPM'); position 3 ('NLys'): unknown residue code 'NLys': no match in p2smi database (checked Code='NLYS'); position 4 ('Npm(p-Cl)'): unknown residue code 'Npm(p-Cl)': no match in p2smi database (checked Code='NPM(P-CL)'); position 5 ('NLys'): unknown residue code 'NLys': no match in p2smi database (checked Code='NLYS'); position 6 ('Npm'): unknown residue code 'Npm': no match in p2smi database (checked Code='NPM'); position 7 ('NLys'): unknown residue code 'NLys': no match in p2smi database (checked Code='NLYS'); position 8 ('Npm(p-Cl)'): unknown residue code 'Npm(p-Cl)': no match in p2smi database (checked Code='NPM(P-CL)'); position 9 ('NLys'): unknown residue code 'NLys': no match in p2smi database (checked Code='NLYS'); position 10 ('Npm'): unknown residue code 'Npm': no match in p2smi database (checked Code='NPM'); position 11 ('NLys'): unknown residue code 'NLys': no match in p2smi database (checked Code='NLYS'); position 12 ('Npm(p-Cl)'): unknown residue code 'Npm(p-Cl)': no match in p2smi database (checked Code='NPM(P-CL)')
23962,b3_excluded_residue_no_smiles,residue_based,position 1 ('NLys'): unknown residue code 'NLys': no match in p2smi database (checked Code='NLYS'); position 2 ('Npm(p-F)'): unknown residue code 'Npm(p-F)': no match in p2smi database (checked Code='NPM(P-F)'); position 3 ('NLys'): unknown residue code 'NLys': no match in p2smi database (checked Code='NLYS'); position 4 ('Npm(p-F)'): unknown residue code 'Npm(p-F)': no match in p2smi database (checked Code='NPM(P-F)'); position 5 ('NLys'): unknown residue code 'NLys': no match in p2smi database (checked Code='NLYS'); position 6 ('Npm(p-F)'): unknown residue code 'Npm(p-F)': no match in p2smi database (checked Code='NPM(P-F)'); position 7 ('NLys'): unknown residue code 'NLys': no match in p2smi database (checked Code='NLYS'); position 8 ('Npm(p-F)'): unknown residue code 'Npm(p-F)': no match in p2smi database (checked Code='NPM(P-F)'); position 9 ('NLys'): unknown residue code 'NLys': no match in p2smi database (checked Code='NLYS'); position 10 ('Npm(p-F)'): unknown residue code 'Npm(p-F)': no match in p2smi database (checked Code='NPM(P-F)'); position 11 ('NLys'): unknown residue code 'NLys': no match in p2smi database (checked Code='NLYS'); position 12 ('Npm(p-F)'): unknown residue code 'Npm(p-F)': no match in p2smi database (checked Code='NPM(P-F)')
23966,b3_excluded_residue_no_smiles,residue_based,position 1 ('NLys'): unknown residue code 'NLys': no match in p2smi database (checked Code='NLYS'); position 2 ('Npm'): unknown residue code 'Npm': no match in p2smi database (checked Code='NPM'); position 3 ('NLys'): unknown residue code 'NLys': no match in p2smi database (checked Code='NLYS'); position 4 ('Npm(p-F)'): unknown residue code 'Npm(p-F)': no match in p2smi database (checked Code='NPM(P-F)'); position 5 ('NLys'): unknown residue code 'NLys': no match in p2smi database (checked Code='NLYS'); position 6 ('Npm'): unknown residue code 'Npm': no match in p2smi database (checked Code='NPM'); position 7 ('NLys'): unknown residue code 'NLys': no match in p2smi database (checked Code='NLYS'); position 8 ('Npm(p-F)'): unknown residue code 'Npm(p-F)': no match in p2smi database (checked Code='NPM(P-F)'); position 9 ('NLys'): unknown residue code 'NLys': no match in p2smi database (checked Code='NLYS'); position 10 ('Npm'): unknown residue code 'Npm': no match in p2smi database (checked Code='NPM'); position 11 ('NLys'): unknown residue code 'NLys': no match in p2smi database (checked Code='NLYS'); position 12 ('Npm(p-F)'): unknown residue code 'Npm(p-F)': no match in p2smi database (checked Code='NPM(P-F)')
23964,b3_excluded_residue_no_smiles,residue_based,position 1 ('NLys'): unknown residue code 'NLys': no match in p2smi database (checked Code='NLYS'); position 2 ('Npm(p-Br)'): unknown residue code 'Npm(p-Br)': no match in p2smi database (checked Code='NPM(P-BR)'); position 3 ('NLys'): unknown residue code 'NLys': no match in p2smi database (checked Code='NLYS'); position 4 ('Npm(p-Br)'): unknown residue code 'Npm(p-Br)': no match in p2smi database (checked Code='NPM(P-BR)'); position 5 ('NLys'): unknown residue code 'NLys': no match in p2smi database (checked Code='NLYS'); position 6 ('Npm(p-Br)'): unknown residue code 'Npm(p-Br)': no match in p2smi database (checked Code='NPM(P-BR)'); position 7 ('NLys'): unknown residue code 'NLys': no match in p2smi database (checked Code='NLYS'); position 8 ('Npm(p-Br)'): unknown residue code 'Npm(p-Br)': no match in p2smi database (checked Code='NPM(P-BR)'); position 9 ('NLys'): unknown residue code 'NLys': no match in p2smi database (checked Code='NLYS'); position 10 ('Npm(p-Br)'): unknown residue code 'Npm(p-Br)': no match in p2smi database (checked Code='NPM(P-BR)'); position 11 ('NLys'): unknown residue code 'NLys': no match in p2smi database (checked Code='NLYS'); position 12 ('Npm(p-Br)'): unknown residue code 'Npm(p-Br)': no match in p2smi database (checked Code='NPM(P-BR)')
23972,b3_excluded_residue_no_smiles,residue_based,position 1 ('NLys'): unknown residue code 'NLys': no match in p2smi database (checked Code='NLYS'); position 2 ('Nspe(p-Cl)'): unknown residue code 'Nspe(p-Cl)': no match in p2smi database (checked Code='NSPE(P-CL)'); position 3 ('Nspe(p-Cl)'): unknown residue code 'Nspe(p-Cl)': no match in p2smi database (checked Code='NSPE(P-CL)'); position 4 ('NLys'): unknown residue code 'NLys': no match in p2smi database (checked Code='NLYS'); position 5 ('Nspe'): unknown residue code 'Nspe': no match in p2smi database (checked Code='NSPE'); position 6 ('Nspe(p-Cl)'): unknown residue code 'Nspe(p-Cl)': no match in p2smi database (checked Code='NSPE(P-CL)'); position 7 ('NLys'): unknown residue code 'NLys': no match in p2smi database (checked Code='NLYS'); position 8 ('Nspe'): unknown residue code 'Nspe': no match in p2smi database (checked Code='NSPE'); position 9 ('Nspe(p-Cl)'): unknown residue code 'Nspe(p-Cl)': no match in p2smi database (checked Code='NSPE(P-CL)'); position 10 ('NLys'): unknown residue code 'NLys': no match in p2smi database (checked Code='NLYS'); position 11 ('Nspe'): unknown residue code 'Nspe': no match in p2smi database (checked Code='NSPE'); position 12 ('Nspe(p-Cl)'): unknown residue code 'Nspe(p-Cl)': no match in p2smi database (checked Code='NSPE(P-CL)')
23971,b3_excluded_residue_no_smiles,residue_based,position 1 ('NLys'): unknown residue code 'NLys': no match in p2smi database (checked Code='NLYS'); position 2 ('Nspe(p-Cl)'): unknown residue code 'Nspe(p-Cl)': no match in p2smi database (checked Code='NSPE(P-CL)'); position 3 ('Nspe'): unknown residue code 'Nspe': no match in p2smi database (checked Code='NSPE'); position 4 ('NLys'): unknown residue code 'NLys': no match in p2smi database (checked Code='NLYS'); position 5 ('Nspe(p-Cl)'): unknown residue code 'Nspe(p-Cl)': no match in p2smi database (checked Code='NSPE(P-CL)'); position 6 ('Nspe'): unknown residue code 'Nspe': no match in p2smi database (checked Code='NSPE'); position 7 ('NLys'): unknown residue code 'NLys': no match in p2smi database (checked Code='NLYS'); position 8 ('Nspe(p-Cl)'): unknown residue code 'Nspe(p-Cl)': no match in p2smi database (checked Code='NSPE(P-CL)'); position 9 ('Nspe'): unknown residue code 'Nspe': no match in p2smi database (checked Code='NSPE'); position 10 ('NLys'): unknown residue code 'NLys': no match in p2smi database (checked Code='NLYS'); position 11 ('Nspe(p-Cl)'): unknown residue code 'Nspe(p-Cl)': no match in p2smi database (checked Code='NSPE(P-CL)'); position 12 ('Nspe'): unknown residue code 'Nspe': no match in p2smi database (checked Code='NSPE')
23965,b3_excluded_residue_no_smiles,residue_based,position 1 ('NLys'): unknown residue code 'NLys': no match in p2smi database (checked Code='NLYS'); position 2 ('Npm(p-I)'): unknown residue code 'Npm(p-I)': no match in p2smi database (checked Code='NPM(P-I)'); position 3 ('NLys'): unknown residue code 'NLys': no match in p2smi database (checked Code='NLYS'); position 4 ('Npm(p-I)'): unknown residue code 'Npm(p-I)': no match in p2smi database (checked Code='NPM(P-I)'); position 5 ('NLys'): unknown residue code 'NLys': no match in p2smi database (checked Code='NLYS'); position 6 ('Npm(p-I)'): unknown residue code 'Npm(p-I)': no match in p2smi database (checked Code='NPM(P-I)'); position 7 ('NLys'): unknown residue code 'NLys': no match in p2smi database (checked Code='NLYS'); position 8 ('Npm(p-I)'): unknown residue code 'Npm(p-I)': no match in p2smi database (checked Code='NPM(P-I)'); position 9 ('NLys'): unknown residue code 'NLys': no match in p2smi database (checked Code='NLYS'); position 10 ('Npm(p-I)'): unknown residue code 'Npm(p-I)': no match in p2smi database (checked Code='NPM(P-I)'); position 11 ('NLys'): unknown residue code 'NLys': no match in p2smi database (checked Code='NLYS'); position 12 ('Npm(p-I)'): unknown residue code 'Npm(p-I)': no match in p2smi database (checked Code='NPM(P-I)')
23931,b1_excluded_non_monomer,out_of_scope,"non-monomer complexity (dimer/multi-peptide) -- not a single-chain SMILES peptide, out of scope for this dataset"
23970,b3_excluded_residue_no_smiles,residue_based,position 1 ('NLys'): unknown residue code 'NLys': no match in p2smi database (checked Code='NLYS'); position 2 ('Nspe(p-Cl)'): unknown residue code 'Nspe(p-Cl)': no match in p2smi database (checked Code='NSPE(P-CL)'); position 3 ('Nspe(p-Cl)'): unknown residue code 'Nspe(p-Cl)': no match in p2smi database (checked Code='NSPE(P-CL)'); position 4 ('NLys'): unknown residue code 'NLys': no match in p2smi database (checked Code='NLYS'); position 5 ('Nspe(p-Cl)'): unknown residue code 'Nspe(p-Cl)': no match in p2smi database (checked Code='NSPE(P-CL)'); position 6 ('Nspe(p-Cl)'): unknown residue code 'Nspe(p-Cl)': no match in p2smi database (checked Code='NSPE(P-CL)'); position 7 ('NLys'): unknown residue code 'NLys': no match in p2smi database (checked Code='NLYS'); position 8 ('Nspe(p-Cl)'): unknown residue code 'Nspe(p-Cl)': no match in p2smi database (checked Code='NSPE(P-CL)'); position 9 ('Nspe(p-Cl)'): unknown residue code 'Nspe(p-Cl)': no match in p2smi database (checked Code='NSPE(P-CL)'); position 10 ('NLys'): unknown residue code 'NLys': no match in p2smi database (checked Code='NLYS'); position 11 ('Nspe(p-Cl)'): unknown residue code 'Nspe(p-Cl)': no match in p2smi database (checked Code='NSPE(P-CL)'); position 12 ('Nspe(p-Cl)'): unknown residue code 'Nspe(p-Cl)': no match in p2smi database (checked Code='NSPE(P-CL)')
23968,b3_excluded_residue_no_smiles,residue_based,position 1 ('NLys'): unknown residue code 'NLys': no match in p2smi database (checked Code='NLYS'); position 2 ('Npm'): unknown residue code 'Npm': no match in p2smi database (checked Code='NPM'); position 3 ('NLys'): unknown residue code 'NLys': no match in p2smi database (checked Code='NLYS'); position 4 ('Npm(p-Br)'): unknown residue code 'Npm(p-Br)': no match in p2smi database (checked Code='NPM(P-BR)'); position 5 ('NLys'): unknown residue code 'NLys': no match in p2smi database (checked Code='NLYS'); position 6 ('Npm'): unknown residue code 'Npm': no match in p2smi database (checked Code='NPM'); position 7 ('NLys'): unknown residue code 'NLys': no match in p2smi database (checked Code='NLYS'); position 8 ('Npm(p-Br)'): unknown residue code 'Npm(p-Br)': no match in p2smi database (checked Code='NPM(P-BR)'); position 9 ('NLys'): unknown residue code 'NLys': no match in p2smi database (checked Code='NLYS'); position 10 ('Npm'): unknown residue code 'Npm': no match in p2smi database (checked Code='NPM'); position 11 ('NLys'): unknown residue code 'NLys': no match in p2smi database (checked Code='NLYS'); position 12 ('Npm(p-Br)'): unknown residue code 'Npm(p-Br)': no match in p2smi database (checked Code='NPM(P-BR)')
23973,b3_excluded_residue_no_smiles,residue_based,position 1 ('NLys'): unknown residue code 'NLys': no match in p2smi database (checked Code='NLYS'); position 2 ('Nspe(p-Cl)'): unknown residue code 'Nspe(p-Cl)': no match in p2smi database (checked Code='NSPE(P-CL)'); position 3 ('Nspe(p-Cl)'): unknown residue code 'Nspe(p-Cl)': no match in p2smi database (checked Code='NSPE(P-CL)'); position 4 ('NLys'): unknown residue code 'NLys': no match in p2smi database (checked Code='NLYS'); position 5 ('Nspe'): unknown residue code 'Nspe': no match in p2smi database (checked Code='NSPE'); position 6 ('Nspe'): unknown residue code 'Nspe': no match in p2smi database (checked Code='NSPE'); position 7 ('NLys'): unknown residue code 'NLys': no match in p2smi database (checked Code='NLYS'); position 8 ('Nspe'): unknown residue code 'Nspe': no match in p2smi database (checked Code='NSPE'); position 9 ('Nspe'): unknown residue code 'Nspe': no match in p2smi database (checked Code='NSPE'); position 10 ('NLys'): unknown residue code 'NLys': no match in p2smi database (checked Code='NLYS'); position 11 ('Nspe(p-Cl)'): unknown residue code 'Nspe(p-Cl)': no match in p2smi database (checked Code='NSPE(P-CL)'); position 12 ('Nspe(p-Cl)'): unknown residue code 'Nspe(p-Cl)': no match in p2smi database (checked Code='NSPE(P-CL)')
23975,b3_excluded_residue_no_smiles,residue_based,position 1 ('NLys'): unknown residue code 'NLys': no match in p2smi database (checked Code='NLYS'); position 2 ('Nspe(p-Cl)'): unknown residue code 'Nspe(p-Cl)': no match in p2smi database (checked Code='NSPE(P-CL)'); position 3 ('Nspe'): unknown residue code 'Nspe': no match in p2smi database (checked Code='NSPE'); position 4 ('NLys'): unknown residue code 'NLys': no match in p2smi database (checked Code='NLYS'); position 5 ('Nspe'): unknown residue code 'Nspe': no match in p2smi database (checked Code='NSPE'); position 6 ('Nspe(p-Cl)'): unknown residue code 'Nspe(p-Cl)': no match in p2smi database (checked Code='NSPE(P-CL)'); position 7 ('NLys'): unknown residue code 'NLys': no match in p2smi database (checked Code='NLYS'); position 8 ('Nspe(p-Cl)'): unknown residue code 'Nspe(p-Cl)': no match in p2smi database (checked Code='NSPE(P-CL)'); position 9 ('Nspe'): unknown residue code 'Nspe': no match in p2smi database (checked Code='NSPE'); position 10 ('NLys'): unknown residue code 'NLys': no match in p2smi database (checked Code='NLYS'); position 11 ('Nspe'): unknown residue code 'Nspe': no match in p2smi database (checked Code='NSPE'); position 12 ('Nspe(p-Cl)'): unknown residue code 'Nspe(p-Cl)': no match in p2smi database (checked Code='NSPE(P-CL)')
23974,b3_excluded_residue_no_smiles,residue_based,position 1 ('NLys'): unknown residue code 'NLys': no match in p2smi database (checked Code='NLYS'); position 2 ('Nspe'): unknown residue code 'Nspe': no match in p2smi database (checked Code='NSPE'); position 3 ('Nspe'): unknown residue code 'Nspe': no match in p2smi database (checked Code='NSPE'); position 4 ('NLys'): unknown residue code 'NLys': no match in p2smi database (checked Code='NLYS'); position 5 ('Nspe(p-Cl)'): unknown residue code 'Nspe(p-Cl)': no match in p2smi database (checked Code='NSPE(P-CL)'); position 6 ('Nspe(p-Cl)'): unknown residue code 'Nspe(p-Cl)': no match in p2smi database (checked Code='NSPE(P-CL)'); position 7 ('NLys'): unknown residue code 'NLys': no match in p2smi database (checked Code='NLYS'); position 8 ('Nspe(p-Cl)'): unknown residue code 'Nspe(p-Cl)': no match in p2smi database (checked Code='NSPE(P-CL)'); position 9 ('Nspe(p-Cl)'): unknown residue code 'Nspe(p-Cl)': no match in p2smi database (checked Code='NSPE(P-CL)'); position 10 ('NLys'): unknown residue code 'NLys': no match in p2smi database (checked Code='NLYS'); position 11 ('Nspe'): unknown residue code 'Nspe': no match in p2smi database (checked Code='NSPE'); position 12 ('Nspe'): unknown residue code 'Nspe': no match in p2smi database (checked Code='NSPE')
23990,b3_excluded_residue_no_smiles,residue_based,position 1 ('S-ALA-4-pen'): unknown residue code 'S-ALA-4-pen': no match in p2smi database (checked Code='S-ALA-4-PEN'); position 8 ('S-ALA-4-pen'): unknown residue code 'S-ALA-4-pen': no match in p2smi database (checked Code='S-ALA-4-PEN')
23992,b3_excluded_residue_no_smiles,residue_based,position 3 ('S-ALA-4-pen'): unknown residue code 'S-ALA-4-pen': no match in p2smi database (checked Code='S-ALA-4-PEN'); position 10 ('S-ALA-4-pen'): unknown residue code 'S-ALA-4-pen': no match in p2smi database (checked Code='S-ALA-4-PEN')
23991,b3_excluded_residue_no_smiles,residue_based,position 2 ('S-ALA-4-pen'): unknown residue code 'S-ALA-4-pen': no match in p2smi database (checked Code='S-ALA-4-PEN'); position 9 ('S-ALA-4-pen'): unknown residue code 'S-ALA-4-pen': no match in p2smi database (checked Code='S-ALA-4-PEN')
23993,b3_excluded_residue_no_smiles,residue_based,position 4 ('S-ALA-4-pen'): unknown residue code 'S-ALA-4-pen': no match in p2smi database (checked Code='S-ALA-4-PEN'); position 11 ('S-ALA-4-pen'): unknown residue code 'S-ALA-4-pen': no match in p2smi database (checked Code='S-ALA-4-PEN')
23999,b3_excluded_residue_no_smiles,residue_based,position 5 ('S-ALA-4-pen'): unknown residue code 'S-ALA-4-pen': no match in p2smi database (checked Code='S-ALA-4-PEN'); position 9 ('S-ALA-4-pen'): unknown residue code 'S-ALA-4-pen': no match in p2smi database (checked Code='S-ALA-4-PEN')
24001,b3_excluded_residue_no_smiles,residue_based,position 7 ('S-ALA-4-pen'): unknown residue code 'S-ALA-4-pen': no match in p2smi database (checked Code='S-ALA-4-PEN'); position 11 ('S-ALA-4-pen'): unknown residue code 'S-ALA-4-pen': no match in p2smi database (checked Code='S-ALA-4-PEN')
23998,b3_excluded_residue_no_smiles,residue_based,position 4 ('S-ALA-4-pen'): unknown residue code 'S-ALA-4-pen': no match in p2smi database (checked Code='S-ALA-4-PEN'); position 8 ('S-ALA-4-pen'): unknown residue code 'S-ALA-4-pen': no match in p2smi database (checked Code='S-ALA-4-PEN')
23996,b3_excluded_residue_no_smiles,residue_based,position 2 ('S-ALA-4-pen'): unknown residue code 'S-ALA-4-pen': no match in p2smi database (checked Code='S-ALA-4-PEN'); position 6 ('S-ALA-4-pen'): unknown residue code 'S-ALA-4-pen': no match in p2smi database (checked Code='S-ALA-4-PEN')
23997,b3_excluded_residue_no_smiles,residue_based,position 3 ('S-ALA-4-pen'): unknown residue code 'S-ALA-4-pen': no match in p2smi database (checked Code='S-ALA-4-PEN'); position 7 ('S-ALA-4-pen'): unknown residue code 'S-ALA-4-pen': no match in p2smi database (checked Code='S-ALA-4-PEN')
23994,b3_excluded_residue_no_smiles,residue_based,position 5 ('S-ALA-4-pen'): unknown residue code 'S-ALA-4-pen': no match in p2smi database (checked Code='S-ALA-4-PEN'); position 12 ('S-ALA-4-pen'): unknown residue code 'S-ALA-4-pen': no match in p2smi database (checked Code='S-ALA-4-PEN')
23995,b3_excluded_residue_no_smiles,residue_based,position 1 ('S-ALA-4-pen'): unknown residue code 'S-ALA-4-pen': no match in p2smi database (checked Code='S-ALA-4-PEN'); position 5 ('S-ALA-4-pen'): unknown residue code 'S-ALA-4-pen': no match in p2smi database (checked Code='S-ALA-4-PEN')
24002,b3_excluded_residue_no_smiles,residue_based,position 8 ('S-ALA-4-pen'): unknown residue code 'S-ALA-4-pen': no match in p2smi database (checked Code='S-ALA-4-PEN'); position 12 ('S-ALA-4-pen'): unknown residue code 'S-ALA-4-pen': no match in p2smi database (checked Code='S-ALA-4-PEN')
24000,b3_excluded_residue_no_smiles,residue_based,position 6 ('S-ALA-4-pen'): unknown residue code 'S-ALA-4-pen': no match in p2smi database (checked Code='S-ALA-4-PEN'); position 10 ('S-ALA-4-pen'): unknown residue code 'S-ALA-4-pen': no match in p2smi database (checked Code='S-ALA-4-PEN')
24004,b3_excluded_residue_no_smiles,residue_based,position 1 ('NLys'): unknown residue code 'NLys': no match in p2smi database (checked Code='NLYS'); position 2 ('Nspe(p-Br)'): unknown residue code 'Nspe(p-Br)': no match in p2smi database (checked Code='NSPE(P-BR)'); position 3 ('Nspe'): unknown residue code 'Nspe': no match in p2smi database (checked Code='NSPE'); position 4 ('NLys'): unknown residue code 'NLys': no match in p2smi database (checked Code='NLYS'); position 5 ('Nspe(p-Br)'): unknown residue code 'Nspe(p-Br)': no match in p2smi database (checked Code='NSPE(P-BR)'); position 6 ('Nspe'): unknown residue code 'Nspe': no match in p2smi database (checked Code='NSPE'); position 7 ('NLys'): unknown residue code 'NLys': no match in p2smi database (checked Code='NLYS'); position 8 ('Nspe(p-Br)'): unknown residue code 'Nspe(p-Br)': no match in p2smi database (checked Code='NSPE(P-BR)'); position 9 ('Nspe'): unknown residue code 'Nspe': no match in p2smi database (checked Code='NSPE'); position 10 ('NLys'): unknown residue code 'NLys': no match in p2smi database (checked Code='NLYS'); position 11 ('Nspe(p-Br)'): unknown residue code 'Nspe(p-Br)': no match in p2smi database (checked Code='NSPE(P-BR)'); position 12 ('Nspe'): unknown residue code 'Nspe': no match in p2smi database (checked Code='NSPE')
24005,b3_excluded_residue_no_smiles,residue_based,position 1 ('NLys'): unknown residue code 'NLys': no match in p2smi database (checked Code='NLYS'); position 2 ('Nspe(p-Br)'): unknown residue code 'Nspe(p-Br)': no match in p2smi database (checked Code='NSPE(P-BR)'); position 3 ('Nspe(p-Br)'): unknown residue code 'Nspe(p-Br)': no match in p2smi database (checked Code='NSPE(P-BR)'); position 4 ('NLys'): unknown residue code 'NLys': no match in p2smi database (checked Code='NLYS'); position 5 ('Nspe'): unknown residue code 'Nspe': no match in p2smi database (checked Code='NSPE'); position 6 ('Nspe(p-Br)'): unknown residue code 'Nspe(p-Br)': no match in p2smi database (checked Code='NSPE(P-BR)'); position 7 ('NLys'): unknown residue code 'NLys': no match in p2smi database (checked Code='NLYS'); position 8 ('Nspe'): unknown residue code 'Nspe': no match in p2smi database (checked Code='NSPE'); position 9 ('Nspe(p-Br)'): unknown residue code 'Nspe(p-Br)': no match in p2smi database (checked Code='NSPE(P-BR)'); position 10 ('NLys'): unknown residue code 'NLys': no match in p2smi database (checked Code='NLYS'); position 11 ('Nspe'): unknown residue code 'Nspe': no match in p2smi database (checked Code='NSPE'); position 12 ('Nspe(p-Br)'): unknown residue code 'Nspe(p-Br)': no match in p2smi database (checked Code='NSPE(P-BR)')
24008,b3_excluded_residue_no_smiles,residue_based,position 1 ('NLys'): unknown residue code 'NLys': no match in p2smi database (checked Code='NLYS'); position 2 ('Nspe(p-Br)'): unknown residue code 'Nspe(p-Br)': no match in p2smi database (checked Code='NSPE(P-BR)'); position 3 ('Nspe'): unknown residue code 'Nspe': no match in p2smi database (checked Code='NSPE'); position 4 ('NLys'): unknown residue code 'NLys': no match in p2smi database (checked Code='NLYS'); position 5 ('Nspe'): unknown residue code 'Nspe': no match in p2smi database (checked Code='NSPE'); position 6 ('Nspe(p-Br)'): unknown residue code 'Nspe(p-Br)': no match in p2smi database (checked Code='NSPE(P-BR)'); position 7 ('NLys'): unknown residue code 'NLys': no match in p2smi database (checked Code='NLYS'); position 8 ('Nspe(p-Br)'): unknown residue code 'Nspe(p-Br)': no match in p2smi database (checked Code='NSPE(P-BR)'); position 9 ('Nspe'): unknown residue code 'Nspe': no match in p2smi database (checked Code='NSPE'); position 10 ('NLys'): unknown residue code 'NLys': no match in p2smi database (checked Code='NLYS'); position 11 ('Nspe'): unknown residue code 'Nspe': no match in p2smi database (checked Code='NSPE'); position 12 ('Nspe(p-Br)'): unknown residue code 'Nspe(p-Br)': no match in p2smi database (checked Code='NSPE(P-BR)')
24006,b3_excluded_residue_no_smiles,residue_based,position 1 ('NLys'): unknown residue code 'NLys': no match in p2smi database (checked Code='NLYS'); position 2 ('Nspe(p-Br)'): unknown residue code 'Nspe(p-Br)': no match in p2smi database (checked Code='NSPE(P-BR)'); position 3 ('Nspe(p-Br)'): unknown residue code 'Nspe(p-Br)': no match in p2smi database (checked Code='NSPE(P-BR)'); position 4 ('NLys'): unknown residue code 'NLys': no match in p2smi database (checked Code='NLYS'); position 5 ('Nspe'): unknown residue code 'Nspe': no match in p2smi database (checked Code='NSPE'); position 6 ('Nspe'): unknown residue code 'Nspe': no match in p2smi database (checked Code='NSPE'); position 7 ('NLys'): unknown residue code 'NLys': no match in p2smi database (checked Code='NLYS'); position 8 ('Nspe'): unknown residue code 'Nspe': no match in p2smi database (checked Code='NSPE'); position 9 ('Nspe'): unknown residue code 'Nspe': no match in p2smi database (checked Code='NSPE'); position 10 ('NLys'): unknown residue code 'NLys': no match in p2smi database (checked Code='NLYS'); position 11 ('Nspe(p-Br)'): unknown residue code 'Nspe(p-Br)': no match in p2smi database (checked Code='NSPE(P-BR)'); position 12 ('Nspe(p-Br)'): unknown residue code 'Nspe(p-Br)': no match in p2smi database (checked Code='NSPE(P-BR)')
24007,b3_excluded_residue_no_smiles,residue_based,position 1 ('NLys'): unknown residue code 'NLys': no match in p2smi database (checked Code='NLYS'); position 2 ('Nspe'): unknown residue code 'Nspe': no match in p2smi database (checked Code='NSPE'); position 3 ('Nspe'): unknown residue code 'Nspe': no match in p2smi database (checked Code='NSPE'); position 4 ('NLys'): unknown residue code 'NLys': no match in p2smi database (checked Code='NLYS'); position 5 ('Nspe(p-Br)'): unknown residue code 'Nspe(p-Br)': no match in p2smi database (checked Code='NSPE(P-BR)'); position 6 ('Nspe(p-Br)'): unknown residue code 'Nspe(p-Br)': no match in p2smi database (checked Code='NSPE(P-BR)'); position 7 ('NLys'): unknown residue code 'NLys': no match in p2smi database (checked Code='NLYS'); position 8 ('Nspe(p-Br)'): unknown residue code 'Nspe(p-Br)': no match in p2smi database (checked Code='NSPE(P-BR)'); position 9 ('Nspe(p-Br)'): unknown residue code 'Nspe(p-Br)': no match in p2smi database (checked Code='NSPE(P-BR)'); position 10 ('NLys'): unknown residue code 'NLys': no match in p2smi database (checked Code='NLYS'); position 11 ('Nspe'): unknown residue code 'Nspe': no match in p2smi database (checked Code='NSPE'); position 12 ('Nspe'): unknown residue code 'Nspe': no match in p2smi database (checked Code='NSPE')
24003,b3_excluded_residue_no_smiles,residue_based,position 1 ('NLys'): unknown residue code 'NLys': no match in p2smi database (checked Code='NLYS'); position 2 ('Nspe(p-Br)'): unknown residue code 'Nspe(p-Br)': no match in p2smi database (checked Code='NSPE(P-BR)'); position 3 ('Nspe(p-Br)'): unknown residue code 'Nspe(p-Br)': no match in p2smi database (checked Code='NSPE(P-BR)'); position 4 ('NLys'): unknown residue code 'NLys': no match in p2smi database (checked Code='NLYS'); position 5 ('Nspe(p-Br)'): unknown residue code 'Nspe(p-Br)': no match in p2smi database (checked Code='NSPE(P-BR)'); position 6 ('Nspe(p-Br)'): unknown residue code 'Nspe(p-Br)': no match in p2smi database (checked Code='NSPE(P-BR)'); position 7 ('NLys'): unknown residue code 'NLys': no match in p2smi database (checked Code='NLYS'); position 8 ('Nspe(p-Br)'): unknown residue code 'Nspe(p-Br)': no match in p2smi database (checked Code='NSPE(P-BR)'); position 9 ('Nspe(p-Br)'): unknown residue code 'Nspe(p-Br)': no match in p2smi database (checked Code='NSPE(P-BR)'); position 10 ('NLys'): unknown residue code 'NLys': no match in p2smi database (checked Code='NLYS'); position 11 ('Nspe(p-Br)'): unknown residue code 'Nspe(p-Br)': no match in p2smi database (checked Code='NSPE(P-BR)'); position 12 ('Nspe(p-Br)'): unknown residue code 'Nspe(p-Br)': no match in p2smi database (checked Code='NSPE(P-BR)')
24009,b3_excluded_residue_no_smiles,residue_based,position 1 ('NLys'): unknown residue code 'NLys': no match in p2smi database (checked Code='NLYS'); position 2 ('Nspe(p-Br)'): unknown residue code 'Nspe(p-Br)': no match in p2smi database (checked Code='NSPE(P-BR)'); position 3 ('Nspe(p-Br)'): unknown residue code 'Nspe(p-Br)': no match in p2smi database (checked Code='NSPE(P-BR)'); position 4 ('NLys'): unknown residue code 'NLys': no match in p2smi database (checked Code='NLYS'); position 5 ('Nspe(p-Br)'): unknown residue code 'Nspe(p-Br)': no match in p2smi database (checked Code='NSPE(P-BR)'); position 6 ('Nspe(p-Br)'): unknown residue code 'Nspe(p-Br)': no match in p2smi database (checked Code='NSPE(P-BR)')
24053,b1_excluded_non_monomer,out_of_scope,"non-monomer complexity (dimer/multi-peptide) -- not a single-chain SMILES peptide, out of scope for this dataset"
24082,b3_excluded_residue_no_smiles,residue_based,position 1 ('NLys'): unknown residue code 'NLys': no match in p2smi database (checked Code='NLYS'); position 2 ('Npm'): unknown residue code 'Npm': no match in p2smi database (checked Code='NPM'); position 3 ('Nspe'): unknown residue code 'Nspe': no match in p2smi database (checked Code='NSPE'); position 4 ('NLys'): unknown residue code 'NLys': no match in p2smi database (checked Code='NLYS'); position 5 ('Npm'): unknown residue code 'Npm': no match in p2smi database (checked Code='NPM'); position 6 ('Npm'): unknown residue code 'Npm': no match in p2smi database (checked Code='NPM'); position 7 ('NLys'): unknown residue code 'NLys': no match in p2smi database (checked Code='NLYS'); position 8 ('Npm'): unknown residue code 'Npm': no match in p2smi database (checked Code='NPM'); position 9 ('Npm'): unknown residue code 'Npm': no match in p2smi database (checked Code='NPM'); position 10 ('NLys'): unknown residue code 'NLys': no match in p2smi database (checked Code='NLYS'); position 11 ('Npm'): unknown residue code 'Npm': no match in p2smi database (checked Code='NPM'); position 12 ('Npm'): unknown residue code 'Npm': no match in p2smi database (checked Code='NPM')
24080,b3_excluded_residue_no_smiles,residue_based,position 1 ('NLys'): unknown residue code 'NLys': no match in p2smi database (checked Code='NLYS'); position 2 ('Npm'): unknown residue code 'Npm': no match in p2smi database (checked Code='NPM'); position 3 ('Npm'): unknown residue code 'Npm': no match in p2smi database (checked Code='NPM'); position 4 ('NLys'): unknown residue code 'NLys': no match in p2smi database (checked Code='NLYS'); position 5 ('Npm'): unknown residue code 'Npm': no match in p2smi database (checked Code='NPM'); position 6 ('Npm'): unknown residue code 'Npm': no match in p2smi database (checked Code='NPM'); position 7 ('NLys'): unknown residue code 'NLys': no match in p2smi database (checked Code='NLYS'); position 8 ('Npm'): unknown residue code 'Npm': no match in p2smi database (checked Code='NPM'); position 9 ('Npm'): unknown residue code 'Npm': no match in p2smi database (checked Code='NPM'); position 10 ('NLys'): unknown residue code 'NLys': no match in p2smi database (checked Code='NLYS'); position 11 ('Npm'): unknown residue code 'Npm': no match in p2smi database (checked Code='NPM'); position 12 ('Npm'): unknown residue code 'Npm': no match in p2smi database (checked Code='NPM')
24085,b3_excluded_residue_no_smiles,residue_based,position 1 ('NLys'): unknown residue code 'NLys': no match in p2smi database (checked Code='NLYS'); position 2 ('Npm'): unknown residue code 'Npm': no match in p2smi database (checked Code='NPM'); position 3 ('Npm'): unknown residue code 'Npm': no match in p2smi database (checked Code='NPM'); position 4 ('NLys'): unknown residue code 'NLys': no match in p2smi database (checked Code='NLYS'); position 5 ('Npm'): unknown residue code 'Npm': no match in p2smi database (checked Code='NPM'); position 6 ('Npm'): unknown residue code 'Npm': no match in p2smi database (checked Code='NPM'); position 7 ('NLys'): unknown residue code 'NLys': no match in p2smi database (checked Code='NLYS'); position 8 ('Nspe'): unknown residue code 'Nspe': no match in p2smi database (checked Code='NSPE'); position 9 ('Npm'): unknown residue code 'Npm': no match in p2smi database (checked Code='NPM'); position 10 ('NLys'): unknown residue code 'NLys': no match in p2smi database (checked Code='NLYS'); position 11 ('Npm'): unknown residue code 'Npm': no match in p2smi database (checked Code='NPM'); position 12 ('Npm'): unknown residue code 'Npm': no match in p2smi database (checked Code='NPM')
24081,b3_excluded_residue_no_smiles,residue_based,position 1 ('NLys'): unknown residue code 'NLys': no match in p2smi database (checked Code='NLYS'); position 2 ('Nspe'): unknown residue code 'Nspe': no match in p2smi database (checked Code='NSPE'); position 3 ('Npm'): unknown residue code 'Npm': no match in p2smi database (checked Code='NPM'); position 4 ('NLys'): unknown residue code 'NLys': no match in p2smi database (checked Code='NLYS'); position 5 ('Npm'): unknown residue code 'Npm': no match in p2smi database (checked Code='NPM'); position 6 ('Npm'): unknown residue code 'Npm': no match in p2smi database (checked Code='NPM'); position 7 ('NLys'): unknown residue code 'NLys': no match in p2smi database (checked Code='NLYS'); position 8 ('Npm'): unknown residue code 'Npm': no match in p2smi database (checked Code='NPM'); position 9 ('Npm'): unknown residue code 'Npm': no match in p2smi database (checked Code='NPM'); position 10 ('NLys'): unknown residue code 'NLys': no match in p2smi database (checked Code='NLYS'); position 11 ('Npm'): unknown residue code 'Npm': no match in p2smi database (checked Code='NPM'); position 12 ('Npm'): unknown residue code 'Npm': no match in p2smi database (checked Code='NPM')
24063,b1_excluded_non_monomer,out_of_scope,"non-monomer complexity (dimer/multi-peptide) -- not a single-chain SMILES peptide, out of scope for this dataset"
24083,b3_excluded_residue_no_smiles,residue_based,position 1 ('NLys'): unknown residue code 'NLys': no match in p2smi database (checked Code='NLYS'); position 2 ('Npm'): unknown residue code 'Npm': no match in p2smi database (checked Code='NPM'); position 3 ('Npm'): unknown residue code 'Npm': no match in p2smi database (checked Code='NPM'); position 4 ('NLys'): unknown residue code 'NLys': no match in p2smi database (checked Code='NLYS'); position 5 ('Nspe'): unknown residue code 'Nspe': no match in p2smi database (checked Code='NSPE'); position 6 ('Npm'): unknown residue code 'Npm': no match in p2smi database (checked Code='NPM'); position 7 ('NLys'): unknown residue code 'NLys': no match in p2smi database (checked Code='NLYS'); position 8 ('Npm'): unknown residue code 'Npm': no match in p2smi database (checked Code='NPM'); position 9 ('Npm'): unknown residue code 'Npm': no match in p2smi database (checked Code='NPM'); position 10 ('NLys'): unknown residue code 'NLys': no match in p2smi database (checked Code='NLYS'); position 11 ('Npm'): unknown residue code 'Npm': no match in p2smi database (checked Code='NPM'); position 12 ('Npm'): unknown residue code 'Npm': no match in p2smi database (checked Code='NPM')
24087,b3_excluded_residue_no_smiles,residue_based,position 1 ('NLys'): unknown residue code 'NLys': no match in p2smi database (checked Code='NLYS'); position 2 ('Npm'): unknown residue code 'Npm': no match in p2smi database (checked Code='NPM'); position 3 ('Npm'): unknown residue code 'Npm': no match in p2smi database (checked Code='NPM'); position 4 ('NLys'): unknown residue code 'NLys': no match in p2smi database (checked Code='NLYS'); position 5 ('Npm'): unknown residue code 'Npm': no match in p2smi database (checked Code='NPM'); position 6 ('Npm'): unknown residue code 'Npm': no match in p2smi database (checked Code='NPM'); position 7 ('NLys'): unknown residue code 'NLys': no match in p2smi database (checked Code='NLYS'); position 8 ('Npm'): unknown residue code 'Npm': no match in p2smi database (checked Code='NPM'); position 9 ('Npm'): unknown residue code 'Npm': no match in p2smi database (checked Code='NPM'); position 10 ('NLys'): unknown residue code 'NLys': no match in p2smi database (checked Code='NLYS'); position 11 ('Nspe'): unknown residue code 'Nspe': no match in p2smi database (checked Code='NSPE'); position 12 ('Npm'): unknown residue code 'Npm': no match in p2smi database (checked Code='NPM')
24086,b3_excluded_residue_no_smiles,residue_based,position 1 ('NLys'): unknown residue code 'NLys': no match in p2smi database (checked Code='NLYS'); position 2 ('Npm'): unknown residue code 'Npm': no match in p2smi database (checked Code='NPM'); position 3 ('Npm'): unknown residue code 'Npm': no match in p2smi database (checked Code='NPM'); position 4 ('NLys'): unknown residue code 'NLys': no match in p2smi database (checked Code='NLYS'); position 5 ('Npm'): unknown residue code 'Npm': no match in p2smi database (checked Code='NPM'); position 6 ('Npm'): unknown residue code 'Npm': no match in p2smi database (checked Code='NPM'); position 7 ('NLys'): unknown residue code 'NLys': no match in p2smi database (checked Code='NLYS'); position 8 ('Npm'): unknown residue code 'Npm': no match in p2smi database (checked Code='NPM'); position 9 ('Nspe'): unknown residue code 'Nspe': no match in p2smi database (checked Code='NSPE'); position 10 ('NLys'): unknown residue code 'NLys': no match in p2smi database (checked Code='NLYS'); position 11 ('Npm'): unknown residue code 'Npm': no match in p2smi database (checked Code='NPM'); position 12 ('Npm'): unknown residue code 'Npm': no match in p2smi database (checked Code='NPM')
24084,b3_excluded_residue_no_smiles,residue_based,position 1 ('NLys'): unknown residue code 'NLys': no match in p2smi database (checked Code='NLYS'); position 2 ('Npm'): unknown residue code 'Npm': no match in p2smi database (checked Code='NPM'); position 3 ('Npm'): unknown residue code 'Npm': no match in p2smi database (checked Code='NPM'); position 4 ('NLys'): unknown residue code 'NLys': no match in p2smi database (checked Code='NLYS'); position 5 ('Npm'): unknown residue code 'Npm': no match in p2smi database (checked Code='NPM'); position 6 ('Nspe'): unknown residue code 'Nspe': no match in p2smi database (checked Code='NSPE'); position 7 ('NLys'): unknown residue code 'NLys': no match in p2smi database (checked Code='NLYS'); position 8 ('Npm'): unknown residue code 'Npm': no match in p2smi database (checked Code='NPM'); position 9 ('Npm'): unknown residue code 'Npm': no match in p2smi database (checked Code='NPM'); position 10 ('NLys'): unknown residue code 'NLys': no match in p2smi database (checked Code='NLYS'); position 11 ('Npm'): unknown residue code 'Npm': no match in p2smi database (checked Code='NPM'); position 12 ('Npm'): unknown residue code 'Npm': no match in p2smi database (checked Code='NPM')
24090,b3_excluded_residue_no_smiles,residue_based,position 1 ('NLys'): unknown residue code 'NLys': no match in p2smi database (checked Code='NLYS'); position 2 ('Nspe'): unknown residue code 'Nspe': no match in p2smi database (checked Code='NSPE'); position 3 ('Nspe'): unknown residue code 'Nspe': no match in p2smi database (checked Code='NSPE'); position 4 ('NLys'): unknown residue code 'NLys': no match in p2smi database (checked Code='NLYS'); position 5 ('Npm'): unknown residue code 'Npm': no match in p2smi database (checked Code='NPM'); position 6 ('Npm'): unknown residue code 'Npm': no match in p2smi database (checked Code='NPM'); position 7 ('NLys'): unknown residue code 'NLys': no match in p2smi database (checked Code='NLYS'); position 8 ('Npm'): unknown residue code 'Npm': no match in p2smi database (checked Code='NPM'); position 9 ('Npm'): unknown residue code 'Npm': no match in p2smi database (checked Code='NPM'); position 10 ('NLys'): unknown residue code 'NLys': no match in p2smi database (checked Code='NLYS'); position 11 ('Npm'): unknown residue code 'Npm': no match in p2smi database (checked Code='NPM'); position 12 ('Npm'): unknown residue code 'Npm': no match in p2smi database (checked Code='NPM')
24092,b3_excluded_residue_no_smiles,residue_based,position 1 ('NLys'): unknown residue code 'NLys': no match in p2smi database (checked Code='NLYS'); position 2 ('Nspe'): unknown residue code 'Nspe': no match in p2smi database (checked Code='NSPE'); position 3 ('Npm'): unknown residue code 'Npm': no match in p2smi database (checked Code='NPM'); position 4 ('NLys'): unknown residue code 'NLys': no match in p2smi database (checked Code='NLYS'); position 5 ('Npm'): unknown residue code 'Npm': no match in p2smi database (checked Code='NPM'); position 6 ('Npm'): unknown residue code 'Npm': no match in p2smi database (checked Code='NPM'); position 7 ('NLys'): unknown residue code 'NLys': no match in p2smi database (checked Code='NLYS'); position 8 ('Npm'): unknown residue code 'Npm': no match in p2smi database (checked Code='NPM'); position 9 ('Npm'): unknown residue code 'Npm': no match in p2smi database (checked Code='NPM'); position 10 ('NLys'): unknown residue code 'NLys': no match in p2smi database (checked Code='NLYS'); position 11 ('Nspe'): unknown residue code 'Nspe': no match in p2smi database (checked Code='NSPE'); position 12 ('Nspe'): unknown residue code 'Nspe': no match in p2smi database (checked Code='NSPE')
24091,b3_excluded_residue_no_smiles,residue_based,position 1 ('NLys'): unknown residue code 'NLys': no match in p2smi database (checked Code='NLYS'); position 2 ('Nspe'): unknown residue code 'Nspe': no match in p2smi database (checked Code='NSPE'); position 3 ('Nspe'): unknown residue code 'Nspe': no match in p2smi database (checked Code='NSPE'); position 4 ('NLys'): unknown residue code 'NLys': no match in p2smi database (checked Code='NLYS'); position 5 ('Npm'): unknown residue code 'Npm': no match in p2smi database (checked Code='NPM'); position 6 ('Npm'): unknown residue code 'Npm': no match in p2smi database (checked Code='NPM'); position 7 ('NLys'): unknown residue code 'NLys': no match in p2smi database (checked Code='NLYS'); position 8 ('Npm'): unknown residue code 'Npm': no match in p2smi database (checked Code='NPM'); position 9 ('Npm'): unknown residue code 'Npm': no match in p2smi database (checked Code='NPM'); position 10 ('NLys'): unknown residue code 'NLys': no match in p2smi database (checked Code='NLYS'); position 11 ('Npm'): unknown residue code 'Npm': no match in p2smi database (checked Code='NPM'); position 12 ('Nspe'): unknown residue code 'Nspe': no match in p2smi database (checked Code='NSPE')
24088,b3_excluded_residue_no_smiles,residue_based,position 1 ('NLys'): unknown residue code 'NLys': no match in p2smi database (checked Code='NLYS'); position 2 ('Npm'): unknown residue code 'Npm': no match in p2smi database (checked Code='NPM'); position 3 ('Npm'): unknown residue code 'Npm': no match in p2smi database (checked Code='NPM'); position 4 ('NLys'): unknown residue code 'NLys': no match in p2smi database (checked Code='NLYS'); position 5 ('Npm'): unknown residue code 'Npm': no match in p2smi database (checked Code='NPM'); position 6 ('Npm'): unknown residue code 'Npm': no match in p2smi database (checked Code='NPM'); position 7 ('NLys'): unknown residue code 'NLys': no match in p2smi database (checked Code='NLYS'); position 8 ('Npm'): unknown residue code 'Npm': no match in p2smi database (checked Code='NPM'); position 9 ('Npm'): unknown residue code 'Npm': no match in p2smi database (checked Code='NPM'); position 10 ('NLys'): unknown residue code 'NLys': no match in p2smi database (checked Code='NLYS'); position 11 ('Npm'): unknown residue code 'Npm': no match in p2smi database (checked Code='NPM'); position 12 ('Nspe'): unknown residue code 'Nspe': no match in p2smi database (checked Code='NSPE')
24093,b3_excluded_residue_no_smiles,residue_based,position 1 ('NLys'): unknown residue code 'NLys': no match in p2smi database (checked Code='NLYS'); position 2 ('Npm'): unknown residue code 'Npm': no match in p2smi database (checked Code='NPM'); position 3 ('Npm'): unknown residue code 'Npm': no match in p2smi database (checked Code='NPM'); position 4 ('NLys'): unknown residue code 'NLys': no match in p2smi database (checked Code='NLYS'); position 5 ('Npm'): unknown residue code 'Npm': no match in p2smi database (checked Code='NPM'); position 6 ('Nspe'): unknown residue code 'Nspe': no match in p2smi database (checked Code='NSPE'); position 7 ('NLys'): unknown residue code 'NLys': no match in p2smi database (checked Code='NLYS'); position 8 ('Nspe'): unknown residue code 'Nspe': no match in p2smi database (checked Code='NSPE'); position 9 ('Nspe'): unknown residue code 'Nspe': no match in p2smi database (checked Code='NSPE'); position 10 ('NLys'): unknown residue code 'NLys': no match in p2smi database (checked Code='NLYS'); position 11 ('Npm'): unknown residue code 'Npm': no match in p2smi database (checked Code='NPM'); position 12 ('Npm'): unknown residue code 'Npm': no match in p2smi database (checked Code='NPM')
24060,b1_excluded_non_monomer,out_of_scope,"non-monomer complexity (dimer/multi-peptide) -- not a single-chain SMILES peptide, out of scope for this dataset"
24066,b1_excluded_non_monomer,out_of_scope,"non-monomer complexity (dimer/multi-peptide) -- not a single-chain SMILES peptide, out of scope for this dataset"
24095,b3_excluded_residue_no_smiles,residue_based,position 1 ('NLys'): unknown residue code 'NLys': no match in p2smi database (checked Code='NLYS'); position 2 ('Npm'): unknown residue code 'Npm': no match in p2smi database (checked Code='NPM'); position 3 ('Npm'): unknown residue code 'Npm': no match in p2smi database (checked Code='NPM'); position 4 ('NLys'): unknown residue code 'NLys': no match in p2smi database (checked Code='NLYS'); position 5 ('Nspe'): unknown residue code 'Nspe': no match in p2smi database (checked Code='NSPE'); position 6 ('Nspe'): unknown residue code 'Nspe': no match in p2smi database (checked Code='NSPE'); position 7 ('NLys'): unknown residue code 'NLys': no match in p2smi database (checked Code='NLYS'); position 8 ('Nspe'): unknown residue code 'Nspe': no match in p2smi database (checked Code='NSPE'); position 9 ('Nspe'): unknown residue code 'Nspe': no match in p2smi database (checked Code='NSPE'); position 10 ('NLys'): unknown residue code 'NLys': no match in p2smi database (checked Code='NLYS'); position 11 ('Npm'): unknown residue code 'Npm': no match in p2smi database (checked Code='NPM'); position 12 ('Npm'): unknown residue code 'Npm': no match in p2smi database (checked Code='NPM')
24102,b3_excluded_residue_no_smiles,residue_based,position 1 ('NLys'): unknown residue code 'NLys': no match in p2smi database (checked Code='NLYS'); position 2 ('Npm'): unknown residue code 'Npm': no match in p2smi database (checked Code='NPM'); position 3 ('NLys'): unknown residue code 'NLys': no match in p2smi database (checked Code='NLYS'); position 4 ('Npm'): unknown residue code 'Npm': no match in p2smi database (checked Code='NPM'); position 5 ('NLys'): unknown residue code 'NLys': no match in p2smi database (checked Code='NLYS'); position 6 ('Npm'): unknown residue code 'Npm': no match in p2smi database (checked Code='NPM')
24094,b3_excluded_residue_no_smiles,residue_based,position 1 ('NLys'): unknown residue code 'NLys': no match in p2smi database (checked Code='NLYS'); position 2 ('Nspe'): unknown residue code 'Nspe': no match in p2smi database (checked Code='NSPE'); position 3 ('Nspe'): unknown residue code 'Nspe': no match in p2smi database (checked Code='NSPE'); position 4 ('NLys'): unknown residue code 'NLys': no match in p2smi database (checked Code='NLYS'); position 5 ('Npm'): unknown residue code 'Npm': no match in p2smi database (checked Code='NPM'); position 6 ('Npm'): unknown residue code 'Npm': no match in p2smi database (checked Code='NPM'); position 7 ('NLys'): unknown residue code 'NLys': no match in p2smi database (checked Code='NLYS'); position 8 ('Npm'): unknown residue code 'Npm': no match in p2smi database (checked Code='NPM'); position 9 ('Npm'): unknown residue code 'Npm': no match in p2smi database (checked Code='NPM'); position 10 ('NLys'): unknown residue code 'NLys': no match in p2smi database (checked Code='NLYS'); position 11 ('Nspe'): unknown residue code 'Nspe': no match in p2smi database (checked Code='NSPE'); position 12 ('Nspe'): unknown residue code 'Nspe': no match in p2smi database (checked Code='NSPE')
24104,b3_excluded_residue_no_smiles,residue_based,position 1 ('Nhe'): unknown residue code 'Nhe': no match in p2smi database (checked Code='NHE'); position 2 ('Nspe'): unknown residue code 'Nspe': no match in p2smi database (checked Code='NSPE'); position 3 ('NLys'): unknown residue code 'NLys': no match in p2smi database (checked Code='NLYS')
24105,b3_excluded_residue_no_smiles,residue_based,position 1 ('Nhe'): unknown residue code 'Nhe': no match in p2smi database (checked Code='NHE'); position 2 ('Nspe'): unknown residue code 'Nspe': no match in p2smi database (checked Code='NSPE'); position 3 ('NLys'): unknown residue code 'NLys': no match in p2smi database (checked Code='NLYS'); position 4 ('Nhe'): unknown residue code 'Nhe': no match in p2smi database (checked Code='NHE'); position 5 ('Nspe'): unknown residue code 'Nspe': no match in p2smi database (checked Code='NSPE'); position 6 ('NLys'): unknown residue code 'NLys': no match in p2smi database (checked Code='NLYS')
24109,b3_excluded_residue_no_smiles,residue_based,position 1 ('NLys'): unknown residue code 'NLys': no match in p2smi database (checked Code='NLYS'); position 2 ('Nspe(p-CH3)'): unknown residue code 'Nspe(p-CH3)': no match in p2smi database (checked Code='NSPE(P-CH3)'); position 3 ('Nspe(p-CH3)'): unknown residue code 'Nspe(p-CH3)': no match in p2smi database (checked Code='NSPE(P-CH3)'); position 4 ('NLys'): unknown residue code 'NLys': no match in p2smi database (checked Code='NLYS'); position 5 ('Nspe(p-CH3)'): unknown residue code 'Nspe(p-CH3)': no match in p2smi database (checked Code='NSPE(P-CH3)'); position 6 ('Nspe(p-CH3)'): unknown residue code 'Nspe(p-CH3)': no match in p2smi database (checked Code='NSPE(P-CH3)'); position 7 ('NLys'): unknown residue code 'NLys': no match in p2smi database (checked Code='NLYS'); position 8 ('Nspe(p-CH3)'): unknown residue code 'Nspe(p-CH3)': no match in p2smi database (checked Code='NSPE(P-CH3)'); position 9 ('Nspe(p-CH3)'): unknown residue code 'Nspe(p-CH3)': no match in p2smi database (checked Code='NSPE(P-CH3)'); position 10 ('NLys'): unknown residue code 'NLys': no match in p2smi database (checked Code='NLYS'); position 11 ('Nspe(p-CH3)'): unknown residue code 'Nspe(p-CH3)': no match in p2smi database (checked Code='NSPE(P-CH3)'); position 12 ('Nspe(p-CH3)'): unknown residue code 'Nspe(p-CH3)': no match in p2smi database (checked Code='NSPE(P-CH3)')
24089,b3_excluded_residue_no_smiles,residue_based,position 1 ('NLys'): unknown residue code 'NLys': no match in p2smi database (checked Code='NLYS'); position 2 ('Nspe'): unknown residue code 'Nspe': no match in p2smi database (checked Code='NSPE'); position 3 ('Npm'): unknown residue code 'Npm': no match in p2smi database (checked Code='NPM'); position 4 ('NLys'): unknown residue code 'NLys': no match in p2smi database (checked Code='NLYS'); position 5 ('Npm'): unknown residue code 'Npm': no match in p2smi database (checked Code='NPM'); position 6 ('Npm'): unknown residue code 'Npm': no match in p2smi database (checked Code='NPM'); position 7 ('NLys'): unknown residue code 'NLys': no match in p2smi database (checked Code='NLYS'); position 8 ('Npm'): unknown residue code 'Npm': no match in p2smi database (checked Code='NPM'); position 9 ('Npm'): unknown residue code 'Npm': no match in p2smi database (checked Code='NPM'); position 10 ('NLys'): unknown residue code 'NLys': no match in p2smi database (checked Code='NLYS'); position 11 ('Npm'): unknown residue code 'Npm': no match in p2smi database (checked Code='NPM'); position 12 ('Nspe'): unknown residue code 'Nspe': no match in p2smi database (checked Code='NSPE')
24108,b3_excluded_residue_no_smiles,residue_based,position 1 ('NLys'): unknown residue code 'NLys': no match in p2smi database (checked Code='NLYS'); position 2 ('Nspe(p-Cl)'): unknown residue code 'Nspe(p-Cl)': no match in p2smi database (checked Code='NSPE(P-CL)'); position 3 ('Nspe(p-Cl)'): unknown residue code 'Nspe(p-Cl)': no match in p2smi database (checked Code='NSPE(P-CL)'); position 4 ('NLys'): unknown residue code 'NLys': no match in p2smi database (checked Code='NLYS'); position 5 ('Nspe(p-Cl)'): unknown residue code 'Nspe(p-Cl)': no match in p2smi database (checked Code='NSPE(P-CL)'); position 6 ('Nspe(p-Cl)'): unknown residue code 'Nspe(p-Cl)': no match in p2smi database (checked Code='NSPE(P-CL)'); position 7 ('NLys'): unknown residue code 'NLys': no match in p2smi database (checked Code='NLYS'); position 8 ('Nspe(p-Cl)'): unknown residue code 'Nspe(p-Cl)': no match in p2smi database (checked Code='NSPE(P-CL)'); position 9 ('Nspe(p-Cl)'): unknown residue code 'Nspe(p-Cl)': no match in p2smi database (checked Code='NSPE(P-CL)'); position 10 ('NLys'): unknown residue code 'NLys': no match in p2smi database (checked Code='NLYS'); position 11 ('Nspe(p-Cl)'): unknown residue code 'Nspe(p-Cl)': no match in p2smi database (checked Code='NSPE(P-CL)'); position 12 ('Nspe(p-Cl)'): unknown residue code 'Nspe(p-Cl)': no match in p2smi database (checked Code='NSPE(P-CL)')
24106,b3_excluded_residue_no_smiles,residue_based,position 1 ('Nhe'): unknown residue code 'Nhe': no match in p2smi database (checked Code='NHE'); position 2 ('Nspe'): unknown residue code 'Nspe': no match in p2smi database (checked Code='NSPE'); position 3 ('NLys'): unknown residue code 'NLys': no match in p2smi database (checked Code='NLYS'); position 4 ('Nhe'): unknown residue code 'Nhe': no match in p2smi database (checked Code='NHE'); position 5 ('Nspe'): unknown residue code 'Nspe': no match in p2smi database (checked Code='NSPE'); position 6 ('NLys'): unknown residue code 'NLys': no match in p2smi database (checked Code='NLYS'); position 7 ('Nhe'): unknown residue code 'Nhe': no match in p2smi database (checked Code='NHE'); position 8 ('Nspe'): unknown residue code 'Nspe': no match in p2smi database (checked Code='NSPE'); position 9 ('NLys'): unknown residue code 'NLys': no match in p2smi database (checked Code='NLYS')
24112,b3_excluded_residue_no_smiles,residue_based,position 1 ('NLys'): unknown residue code 'NLys': no match in p2smi database (checked Code='NLYS'); position 2 ('Nspe'): unknown residue code 'Nspe': no match in p2smi database (checked Code='NSPE'); position 3 ('Nspe'): unknown residue code 'Nspe': no match in p2smi database (checked Code='NSPE'); position 4 ('NLys'): unknown residue code 'NLys': no match in p2smi database (checked Code='NLYS'); position 5 ('Nspe'): unknown residue code 'Nspe': no match in p2smi database (checked Code='NSPE'); position 6 ('Nspe'): unknown residue code 'Nspe': no match in p2smi database (checked Code='NSPE'); position 7 ('NLys'): unknown residue code 'NLys': no match in p2smi database (checked Code='NLYS'); position 8 ('Nspe'): unknown residue code 'Nspe': no match in p2smi database (checked Code='NSPE'); position 9 ('Nspe'): unknown residue code 'Nspe': no match in p2smi database (checked Code='NSPE'); position 10 ('NLys'): unknown residue code 'NLys': no match in p2smi database (checked Code='NLYS')
24119,b3_excluded_residue_no_smiles,residue_based,position 2 ('βNPe(F)'): unknown residue code 'βNPe(F)': no match in p2smi database (checked Code='ΒNPE(F)'); position 4 ('βNPe(F)'): unknown residue code 'βNPe(F)': no match in p2smi database (checked Code='ΒNPE(F)'); position 6 ('βNPe(F)'): unknown residue code 'βNPe(F)': no match in p2smi database (checked Code='ΒNPE(F)'); position 8 ('βNPe(F)'): unknown residue code 'βNPe(F)': no match in p2smi database (checked Code='ΒNPE(F)'); position 10 ('βNPe(F)'): unknown residue code 'βNPe(F)': no match in p2smi database (checked Code='ΒNPE(F)')
24113,b3_excluded_residue_no_smiles,residue_based,position 2 ('βNpe'): unknown residue code 'βNpe': no match in p2smi database (checked Code='ΒNPE'); position 4 ('βNpe'): unknown residue code 'βNpe': no match in p2smi database (checked Code='ΒNPE'); position 6 ('βNpe'): unknown residue code 'βNpe': no match in p2smi database (checked Code='ΒNPE'); position 8 ('βNpe'): unknown residue code 'βNpe': no match in p2smi database (checked Code='ΒNPE'); position 10 ('βNpe'): unknown residue code 'βNpe': no match in p2smi database (checked Code='ΒNPE'); position 12 ('βNpe'): unknown residue code 'βNpe': no match in p2smi database (checked Code='ΒNPE')
24115,b3_excluded_residue_no_smiles,residue_based,position 2 ('βNPe(F)'): unknown residue code 'βNPe(F)': no match in p2smi database (checked Code='ΒNPE(F)'); position 4 ('βNpe'): unknown residue code 'βNpe': no match in p2smi database (checked Code='ΒNPE'); position 6 ('βNPe(F)'): unknown residue code 'βNPe(F)': no match in p2smi database (checked Code='ΒNPE(F)'); position 8 ('βNpe'): unknown residue code 'βNpe': no match in p2smi database (checked Code='ΒNPE')
24110,b3_excluded_residue_no_smiles,residue_based,position 1 ('NLys'): unknown residue code 'NLys': no match in p2smi database (checked Code='NLYS'); position 2 ('Nspe(p-F)'): unknown residue code 'Nspe(p-F)': no match in p2smi database (checked Code='NSPE(P-F)'); position 3 ('Nspe(p-F)'): unknown residue code 'Nspe(p-F)': no match in p2smi database (checked Code='NSPE(P-F)'); position 4 ('NLys'): unknown residue code 'NLys': no match in p2smi database (checked Code='NLYS'); position 5 ('Nspe(p-F)'): unknown residue code 'Nspe(p-F)': no match in p2smi database (checked Code='NSPE(P-F)'); position 6 ('Nspe(p-F)'): unknown residue code 'Nspe(p-F)': no match in p2smi database (checked Code='NSPE(P-F)'); position 7 ('NLys'): unknown residue code 'NLys': no match in p2smi database (checked Code='NLYS'); position 8 ('Nspe(p-F)'): unknown residue code 'Nspe(p-F)': no match in p2smi database (checked Code='NSPE(P-F)'); position 9 ('Nspe(p-F)'): unknown residue code 'Nspe(p-F)': no match in p2smi database (checked Code='NSPE(P-F)'); position 10 ('NLys'): unknown residue code 'NLys': no match in p2smi database (checked Code='NLYS'); position 11 ('Nspe(p-F)'): unknown residue code 'Nspe(p-F)': no match in p2smi database (checked Code='NSPE(P-F)'); position 12 ('Nspe(p-F)'): unknown residue code 'Nspe(p-F)': no match in p2smi database (checked Code='NSPE(P-F)')
24114,b3_excluded_residue_no_smiles,residue_based,position 2 ('βNPe(F)'): unknown residue code 'βNPe(F)': no match in p2smi database (checked Code='ΒNPE(F)'); position 4 ('βNpe'): unknown residue code 'βNpe': no match in p2smi database (checked Code='ΒNPE'); position 6 ('βNPe(F)'): unknown residue code 'βNPe(F)': no match in p2smi database (checked Code='ΒNPE(F)'); position 8 ('βNpe'): unknown residue code 'βNpe': no match in p2smi database (checked Code='ΒNPE'); position 10 ('βNPe(F)'): unknown residue code 'βNPe(F)': no match in p2smi database (checked Code='ΒNPE(F)'); position 12 ('βNpe'): unknown residue code 'βNpe': no match in p2smi database (checked Code='ΒNPE')
24117,b3_excluded_residue_no_smiles,residue_based,position 2 ('βNPe(F)'): unknown residue code 'βNPe(F)': no match in p2smi database (checked Code='ΒNPE(F)'); position 4 ('βNpe'): unknown residue code 'βNpe': no match in p2smi database (checked Code='ΒNPE'); position 6 ('βNPe(F)'): unknown residue code 'βNPe(F)': no match in p2smi database (checked Code='ΒNPE(F)')
24107,b3_excluded_residue_no_smiles,residue_based,position 1 ('NLys'): unknown residue code 'NLys': no match in p2smi database (checked Code='NLYS'); position 2 ('Nspe'): unknown residue code 'Nspe': no match in p2smi database (checked Code='NSPE'); position 3 ('Nspe'): unknown residue code 'Nspe': no match in p2smi database (checked Code='NSPE'); position 4 ('NLys'): unknown residue code 'NLys': no match in p2smi database (checked Code='NLYS'); position 5 ('Nspe'): unknown residue code 'Nspe': no match in p2smi database (checked Code='NSPE'); position 6 ('Nspe'): unknown residue code 'Nspe': no match in p2smi database (checked Code='NSPE'); position 7 ('NLys'): unknown residue code 'NLys': no match in p2smi database (checked Code='NLYS'); position 8 ('Nspe'): unknown residue code 'Nspe': no match in p2smi database (checked Code='NSPE'); position 9 ('Nspe'): unknown residue code 'Nspe': no match in p2smi database (checked Code='NSPE')
24121,b3_excluded_residue_no_smiles,residue_based,position 2 ('βNPe(F)'): unknown residue code 'βNPe(F)': no match in p2smi database (checked Code='ΒNPE(F)'); position 4 ('βNPe(F)'): unknown residue code 'βNPe(F)': no match in p2smi database (checked Code='ΒNPE(F)'); position 6 ('βNPe(F)'): unknown residue code 'βNPe(F)': no match in p2smi database (checked Code='ΒNPE(F)')
24120,b3_excluded_residue_no_smiles,residue_based,position 2 ('βNPe(F)'): unknown residue code 'βNPe(F)': no match in p2smi database (checked Code='ΒNPE(F)'); position 4 ('βNPe(F)'): unknown residue code 'βNPe(F)': no match in p2smi database (checked Code='ΒNPE(F)'); position 6 ('βNPe(F)'): unknown residue code 'βNPe(F)': no match in p2smi database (checked Code='ΒNPE(F)'); position 8 ('βNPe(F)'): unknown residue code 'βNPe(F)': no match in p2smi database (checked Code='ΒNPE(F)')
24116,b3_excluded_residue_no_smiles,residue_based,position 2 ('βNPe(F)'): unknown residue code 'βNPe(F)': no match in p2smi database (checked Code='ΒNPE(F)'); position 4 ('βNpe'): unknown residue code 'βNpe': no match in p2smi database (checked Code='ΒNPE'); position 6 ('βNPe(F)'): unknown residue code 'βNPe(F)': no match in p2smi database (checked Code='ΒNPE(F)'); position 8 ('βNpe'): unknown residue code 'βNpe': no match in p2smi database (checked Code='ΒNPE'); position 10 ('βNPe(F)'): unknown residue code 'βNPe(F)': no match in p2smi database (checked Code='ΒNPE(F)')
24118,b3_excluded_residue_no_smiles,residue_based,position 2 ('βNPe(F)'): unknown residue code 'βNPe(F)': no match in p2smi database (checked Code='ΒNPE(F)'); position 4 ('βNPe(F)'): unknown residue code 'βNPe(F)': no match in p2smi database (checked Code='ΒNPE(F)'); position 6 ('βNPe(F)'): unknown residue code 'βNPe(F)': no match in p2smi database (checked Code='ΒNPE(F)'); position 8 ('βNPe(F)'): unknown residue code 'βNPe(F)': no match in p2smi database (checked Code='ΒNPE(F)'); position 10 ('βNPe(F)'): unknown residue code 'βNPe(F)': no match in p2smi database (checked Code='ΒNPE(F)'); position 12 ('βNPe(F)'): unknown residue code 'βNPe(F)': no match in p2smi database (checked Code='ΒNPE(F)')
24122,b2_excluded_unsupported_terminus,terminus_based,unsupported N-terminal modification '(4-Cl-Ph)Ac' (only free amine or ACT acetylation supported)
24111,b3_excluded_residue_no_smiles,residue_based,position 1 ('NLys'): unknown residue code 'NLys': no match in p2smi database (checked Code='NLYS'); position 2 ('Nspe'): unknown residue code 'Nspe': no match in p2smi database (checked Code='NSPE'); position 3 ('Nspe'): unknown residue code 'Nspe': no match in p2smi database (checked Code='NSPE'); position 4 ('NLys'): unknown residue code 'NLys': no match in p2smi database (checked Code='NLYS'); position 5 ('Nspe'): unknown residue code 'Nspe': no match in p2smi database (checked Code='NSPE'); position 6 ('Nspe'): unknown residue code 'Nspe': no match in p2smi database (checked Code='NSPE'); position 7 ('NLys'): unknown residue code 'NLys': no match in p2smi database (checked Code='NLYS'); position 8 ('Nspe'): unknown residue code 'Nspe': no match in p2smi database (checked Code='NSPE'); position 9 ('Nspe'): unknown residue code 'Nspe': no match in p2smi database (checked Code='NSPE'); position 10 ('NLys'): unknown residue code 'NLys': no match in p2smi database (checked Code='NLYS'); position 11 ('Nspe'): unknown residue code 'Nspe': no match in p2smi database (checked Code='NSPE'); position 12 ('Nspe'): unknown residue code 'Nspe': no match in p2smi database (checked Code='NSPE'); position 13 ('NLys'): unknown residue code 'NLys': no match in p2smi database (checked Code='NLYS')
24124,b2_excluded_unsupported_terminus,terminus_based,unsupported N-terminal modification 'F5PhAc' (only free amine or ACT acetylation supported)
24125,b2_excluded_unsupported_terminus,terminus_based,unsupported N-terminal modification 'F3PhAc' (only free amine or ACT acetylation supported)
24126,b2_excluded_unsupported_terminus,terminus_based,unsupported N-terminal modification 'cHexAc' (only free amine or ACT acetylation supported)
24130,b2_excluded_unsupported_terminus,terminus_based,unsupported N-terminal modification 'F5PhAc' (only free amine or ACT acetylation supported)
24129,b2_excluded_unsupported_terminus,terminus_based,unsupported N-terminal modification '(5-Br-indol)Ac' (only free amine or ACT acetylation supported)
24128,b2_excluded_unsupported_terminus,terminus_based,unsupported N-terminal modification '(4-Cl-Ph)Ac' (only free amine or ACT acetylation supported)
24131,b2_excluded_unsupported_terminus,terminus_based,unsupported N-terminal modification 'F3PhAc' (only free amine or ACT acetylation supported)
24123,b2_excluded_unsupported_terminus,terminus_based,unsupported N-terminal modification '(5-Br-indol)Ac' (only free amine or ACT acetylation supported)
24136,b2_excluded_unsupported_terminus,terminus_based,unsupported N-terminal modification 'F5PhAc' (only free amine or ACT acetylation supported)
24132,b2_excluded_unsupported_terminus,terminus_based,unsupported N-terminal modification 'cHexAc' (only free amine or ACT acetylation supported)
24135,b2_excluded_unsupported_terminus,terminus_based,unsupported N-terminal modification '(5-Br-indol)Ac' (only free amine or ACT acetylation supported)
24134,b2_excluded_unsupported_terminus,terminus_based,unsupported N-terminal modification '(4-Cl-Ph)Ac' (only free amine or ACT acetylation supported)
24138,b2_excluded_unsupported_terminus,terminus_based,unsupported N-terminal modification 'cHexAc' (only free amine or ACT acetylation supported)
24137,b2_excluded_unsupported_terminus,terminus_based,unsupported N-terminal modification 'F3PhAc' (only free amine or ACT acetylation supported)
24142,b2_excluded_unsupported_terminus,terminus_based,unsupported N-terminal modification 'F3PhAc' (only free amine or ACT acetylation supported)
24140,b2_excluded_unsupported_terminus,terminus_based,unsupported N-terminal modification '(5-Br-indol)Ac' (only free amine or ACT acetylation supported)
24144,b2_excluded_unsupported_terminus,terminus_based,unsupported N-terminal modification '(4-Cl-Ph)Ac' (only free amine or ACT acetylation supported)
24139,b2_excluded_unsupported_terminus,terminus_based,unsupported N-terminal modification '(4-Cl-Ph)Ac' (only free amine or ACT acetylation supported)
24143,b2_excluded_unsupported_terminus,terminus_based,unsupported N-terminal modification 'cHexAc' (only free amine or ACT acetylation supported)
24141,b2_excluded_unsupported_terminus,terminus_based,unsupported N-terminal modification 'F5PhAc' (only free amine or ACT acetylation supported)
24147,b2_excluded_unsupported_terminus,terminus_based,unsupported N-terminal modification 'F3PhAc' (only free amine or ACT acetylation supported)
24146,b2_excluded_unsupported_terminus,terminus_based,unsupported N-terminal modification 'F5PhAc' (only free amine or ACT acetylation supported)
24145,b2_excluded_unsupported_terminus,terminus_based,unsupported N-terminal modification '(5-Br-indol)Ac' (only free amine or ACT acetylation supported)
24148,b2_excluded_unsupported_terminus,terminus_based,unsupported N-terminal modification 'cHexAc' (only free amine or ACT acetylation supported)
24173,b2_excluded_unsupported_terminus,terminus_based,unsupported C-terminal modification 'PUT' (only free acid or AMD amidation supported)
24174,b2_excluded_unsupported_terminus,terminus_based,unsupported C-terminal modification 'PUT' (only free acid or AMD amidation supported)
24163,b2_excluded_unsupported_terminus,terminus_based,unsupported N-terminal modification '3-OH-7-S-(E)4-C7' (only free amine or ACT acetylation supported)
24205,b3_excluded_residue_no_smiles,residue_based,"position 1 ('Nap'): unknown residue code 'Nap': no match in p2smi database (checked Code='NAP'); position 2 ('Npm(3,5-CF3)'): unknown residue code 'Npm(3,5-CF3)': no match in p2smi database (checked Code='NPM(3,5-CF3)'); position 3 ('Nap'): unknown residue code 'Nap': no match in p2smi database (checked Code='NAP'); position 4 ('Npm(3,5-CF3)'): unknown residue code 'Npm(3,5-CF3)': no match in p2smi database (checked Code='NPM(3,5-CF3)'); position 5 ('Nap'): unknown residue code 'Nap': no match in p2smi database (checked Code='NAP'); position 6 ('Npm(3,5-CF3)'): unknown residue code 'Npm(3,5-CF3)': no match in p2smi database (checked Code='NPM(3,5-CF3)')"
24204,b3_excluded_residue_no_smiles,residue_based,"position 1 ('Nap'): unknown residue code 'Nap': no match in p2smi database (checked Code='NAP'); position 2 ('Npm(3,5-CH3)'): unknown residue code 'Npm(3,5-CH3)': no match in p2smi database (checked Code='NPM(3,5-CH3)'); position 3 ('Nap'): unknown residue code 'Nap': no match in p2smi database (checked Code='NAP'); position 4 ('Npm(3,5-CH3)'): unknown residue code 'Npm(3,5-CH3)': no match in p2smi database (checked Code='NPM(3,5-CH3)'); position 5 ('Nap'): unknown residue code 'Nap': no match in p2smi database (checked Code='NAP'); position 6 ('Npm(3,5-CH3)'): unknown residue code 'Npm(3,5-CH3)': no match in p2smi database (checked Code='NPM(3,5-CH3)')"
24213,b3_excluded_residue_no_smiles,residue_based,position 1 ('NHis'): unknown residue code 'NHis': no match in p2smi database (checked Code='NHIS'); position 2 ('Nspe'): unknown residue code 'Nspe': no match in p2smi database (checked Code='NSPE'); position 3 ('Nspe'): unknown residue code 'Nspe': no match in p2smi database (checked Code='NSPE'); position 4 ('NLys'): unknown residue code 'NLys': no match in p2smi database (checked Code='NLYS'); position 5 ('Nspe'): unknown residue code 'Nspe': no match in p2smi database (checked Code='NSPE'); position 6 ('Nspe'): unknown residue code 'Nspe': no match in p2smi database (checked Code='NSPE'); position 7 ('NHis'): unknown residue code 'NHis': no match in p2smi database (checked Code='NHIS'); position 8 ('Nspe'): unknown residue code 'Nspe': no match in p2smi database (checked Code='NSPE'); position 9 ('Nspe'): unknown residue code 'Nspe': no match in p2smi database (checked Code='NSPE'); position 10 ('NLys'): unknown residue code 'NLys': no match in p2smi database (checked Code='NLYS'); position 11 ('Nspe'): unknown residue code 'Nspe': no match in p2smi database (checked Code='NSPE'); position 12 ('Nspe'): unknown residue code 'Nspe': no match in p2smi database (checked Code='NSPE')
24212,b3_excluded_residue_no_smiles,residue_based,position 1 ('Nbg'): unknown residue code 'Nbg': no match in p2smi database (checked Code='NBG'); position 2 ('Nspe'): unknown residue code 'Nspe': no match in p2smi database (checked Code='NSPE'); position 3 ('Nspe'): unknown residue code 'Nspe': no match in p2smi database (checked Code='NSPE'); position 4 ('Nbg'): unknown residue code 'Nbg': no match in p2smi database (checked Code='NBG'); position 5 ('Nspe'): unknown residue code 'Nspe': no match in p2smi database (checked Code='NSPE'); position 6 ('Nspe'): unknown residue code 'Nspe': no match in p2smi database (checked Code='NSPE'); position 7 ('Nbg'): unknown residue code 'Nbg': no match in p2smi database (checked Code='NBG'); position 8 ('Nspe'): unknown residue code 'Nspe': no match in p2smi database (checked Code='NSPE'); position 9 ('Nspe'): unknown residue code 'Nspe': no match in p2smi database (checked Code='NSPE'); position 10 ('Nbg'): unknown residue code 'Nbg': no match in p2smi database (checked Code='NBG'); position 11 ('Nspe'): unknown residue code 'Nspe': no match in p2smi database (checked Code='NSPE'); position 12 ('Nspe'): unknown residue code 'Nspe': no match in p2smi database (checked Code='NSPE')
24214,b3_excluded_residue_no_smiles,residue_based,position 1 ('NLys'): unknown residue code 'NLys': no match in p2smi database (checked Code='NLYS'); position 2 ('Npm'): unknown residue code 'Npm': no match in p2smi database (checked Code='NPM'); position 3 ('Npm'): unknown residue code 'Npm': no match in p2smi database (checked Code='NPM'); position 4 ('NLys'): unknown residue code 'NLys': no match in p2smi database (checked Code='NLYS'); position 5 ('Nspe'): unknown residue code 'Nspe': no match in p2smi database (checked Code='NSPE'); position 6 ('Nspe'): unknown residue code 'Nspe': no match in p2smi database (checked Code='NSPE'); position 7 ('NLys'): unknown residue code 'NLys': no match in p2smi database (checked Code='NLYS'); position 8 ('Npm'): unknown residue code 'Npm': no match in p2smi database (checked Code='NPM'); position 9 ('Npm'): unknown residue code 'Npm': no match in p2smi database (checked Code='NPM'); position 10 ('NLys'): unknown residue code 'NLys': no match in p2smi database (checked Code='NLYS'); position 11 ('Nspe'): unknown residue code 'Nspe': no match in p2smi database (checked Code='NSPE'); position 12 ('Nspe'): unknown residue code 'Nspe': no match in p2smi database (checked Code='NSPE')
24215,b3_excluded_residue_no_smiles,residue_based,position 1 ('NLys'): unknown residue code 'NLys': no match in p2smi database (checked Code='NLYS'); position 2 ('Nspe'): unknown residue code 'Nspe': no match in p2smi database (checked Code='NSPE'); position 3 ('Nspe'): unknown residue code 'Nspe': no match in p2smi database (checked Code='NSPE'); position 4 ('NLys'): unknown residue code 'NLys': no match in p2smi database (checked Code='NLYS'); position 5 ('NLys'): unknown residue code 'NLys': no match in p2smi database (checked Code='NLYS'); position 6 ('Nspe'): unknown residue code 'Nspe': no match in p2smi database (checked Code='NSPE'); position 7 ('NLys'): unknown residue code 'NLys': no match in p2smi database (checked Code='NLYS'); position 8 ('Nspe'): unknown residue code 'Nspe': no match in p2smi database (checked Code='NSPE'); position 9 ('Nspe'): unknown residue code 'Nspe': no match in p2smi database (checked Code='NSPE'); position 10 ('NLys'): unknown residue code 'NLys': no match in p2smi database (checked Code='NLYS'); position 11 ('NLys'): unknown residue code 'NLys': no match in p2smi database (checked Code='NLYS'); position 12 ('Nspe'): unknown residue code 'Nspe': no match in p2smi database (checked Code='NSPE')
24218,b5_excluded_unexplained,unexplained_temporal_drift,5 intrachain bonds present -- multi-bond (e.g. multiply-bridged / bicyclic) peptides are out of scope for automated generation in this pass
24216,b3_excluded_residue_no_smiles,residue_based,position 1 ('NLys'): unknown residue code 'NLys': no match in p2smi database (checked Code='NLYS'); position 2 ('NLeu'): unknown residue code 'NLeu': no match in p2smi database (checked Code='NLEU'); position 3 ('NLeu'): unknown residue code 'NLeu': no match in p2smi database (checked Code='NLEU'); position 4 ('NLys'): unknown residue code 'NLys': no match in p2smi database (checked Code='NLYS'); position 5 ('NLeu'): unknown residue code 'NLeu': no match in p2smi database (checked Code='NLEU'); position 6 ('NLeu'): unknown residue code 'NLeu': no match in p2smi database (checked Code='NLEU'); position 7 ('NLys'): unknown residue code 'NLys': no match in p2smi database (checked Code='NLYS'); position 8 ('NLeu'): unknown residue code 'NLeu': no match in p2smi database (checked Code='NLEU'); position 9 ('NLeu'): unknown residue code 'NLeu': no match in p2smi database (checked Code='NLEU'); position 10 ('NLys'): unknown residue code 'NLys': no match in p2smi database (checked Code='NLYS'); position 11 ('NLeu'): unknown residue code 'NLeu': no match in p2smi database (checked Code='NLEU')
24252,b2_excluded_unsupported_terminus,terminus_based,unsupported N-terminal modification '(E)2-C7' (only free amine or ACT acetylation supported)
24249,b2_excluded_unsupported_terminus,terminus_based,unsupported N-terminal modification 'CHP' (only free amine or ACT acetylation supported)
24253,b2_excluded_unsupported_terminus,terminus_based,unsupported N-terminal modification '(E)2-C7' (only free amine or ACT acetylation supported)
24251,b2_excluded_unsupported_terminus,terminus_based,unsupported N-terminal modification 'CHA' (only free amine or ACT acetylation supported)
24255,b2_excluded_unsupported_terminus,terminus_based,unsupported N-terminal modification '(E)2-C7' (only free amine or ACT acetylation supported)
24250,b2_excluded_unsupported_terminus,terminus_based,unsupported N-terminal modification '(E)2-C6' (only free amine or ACT acetylation supported)
24254,b2_excluded_unsupported_terminus,terminus_based,unsupported N-terminal modification '(E)2-C7' (only free amine or ACT acetylation supported)
24244,b2_excluded_unsupported_terminus,terminus_based,"unsupported N-terminal modification '(E)2,4,6-C8' (only free amine or ACT acetylation supported)"
24246,b2_excluded_unsupported_terminus,terminus_based,unsupported N-terminal modification 'CHP' (only free amine or ACT acetylation supported)
24259,b2_excluded_unsupported_terminus,terminus_based,unsupported N-terminal modification '(E)2-C8' (only free amine or ACT acetylation supported)
24256,b2_excluded_unsupported_terminus,terminus_based,unsupported N-terminal modification '(E)2-C7' (only free amine or ACT acetylation supported)
24260,b2_excluded_unsupported_terminus,terminus_based,unsupported N-terminal modification '(E)2-C8' (only free amine or ACT acetylation supported)
24248,b2_excluded_unsupported_terminus,terminus_based,unsupported N-terminal modification '(E)2-C7' (only free amine or ACT acetylation supported)
24263,b2_excluded_unsupported_terminus,terminus_based,unsupported N-terminal modification '(E)2-C8' (only free amine or ACT acetylation supported)
24258,b2_excluded_unsupported_terminus,terminus_based,unsupported N-terminal modification '(E)2-C6' (only free amine or ACT acetylation supported)
24245,b2_excluded_unsupported_terminus,terminus_based,unsupported N-terminal modification 'CHP' (only free amine or ACT acetylation supported)
24247,b2_excluded_unsupported_terminus,terminus_based,unsupported N-terminal modification '(E)2-C7' (only free amine or ACT acetylation supported)
24262,b2_excluded_unsupported_terminus,terminus_based,unsupported N-terminal modification '(E)2-C8' (only free amine or ACT acetylation supported)
24264,b2_excluded_unsupported_terminus,terminus_based,"unsupported N-terminal modification '(E)2,4,6-C8' (only free amine or ACT acetylation supported)"
24257,b2_excluded_unsupported_terminus,terminus_based,unsupported N-terminal modification '(E)2-C7' (only free amine or ACT acetylation supported)
24266,b2_excluded_unsupported_terminus,terminus_based,"unsupported N-terminal modification '(E)2,4,6,8,10-HOCP' (only free amine or ACT acetylation supported)"
24265,b2_excluded_unsupported_terminus,terminus_based,"unsupported N-terminal modification '(E)2,4,6,8,10-HOCP' (only free amine or ACT acetylation supported)"
24341,b2_excluded_unsupported_terminus,terminus_based,unsupported C-terminal modification 'PEA' (only free acid or AMD amidation supported)
24340,b2_excluded_unsupported_terminus,terminus_based,unsupported C-terminal modification 'PEA' (only free acid or AMD amidation supported)
24339,b2_excluded_unsupported_terminus,terminus_based,unsupported C-terminal modification 'PEA' (only free acid or AMD amidation supported)
24347,b2_excluded_unsupported_terminus,terminus_based,unsupported N-terminal modification 'C12-CA' (only free amine or ACT acetylation supported)
24344,b2_excluded_unsupported_terminus,terminus_based,unsupported N-terminal modification 'C12' (only free amine or ACT acetylation supported)
24343,b2_excluded_unsupported_terminus,terminus_based,unsupported N-terminal modification 'C12' (only free amine or ACT acetylation supported)
24346,b2_excluded_unsupported_terminus,terminus_based,unsupported N-terminal modification 'C12-CA' (only free amine or ACT acetylation supported)
24345,b2_excluded_unsupported_terminus,terminus_based,unsupported N-terminal modification 'C12-CA' (only free amine or ACT acetylation supported)
24342,b2_excluded_unsupported_terminus,terminus_based,unsupported N-terminal modification 'C12' (only free amine or ACT acetylation supported)
24351,b2_excluded_unsupported_terminus,terminus_based,unsupported N-terminal modification '3-OH-C12' (only free amine or ACT acetylation supported)
24397,b2_excluded_unsupported_terminus,terminus_based,unsupported N-terminal modification 'Cbz' (only free amine or ACT acetylation supported)
24396,b2_excluded_unsupported_terminus,terminus_based,unsupported N-terminal modification 'BZA' (only free amine or ACT acetylation supported)
24407,b2_excluded_unsupported_terminus,terminus_based,unsupported C-terminal modification 'PEA' (only free acid or AMD amidation supported)
24409,b2_excluded_unsupported_terminus,terminus_based,unsupported C-terminal modification 'PEA' (only free acid or AMD amidation supported)
24408,b2_excluded_unsupported_terminus,terminus_based,unsupported C-terminal modification 'PEA' (only free acid or AMD amidation supported)
24410,b2_excluded_unsupported_terminus,terminus_based,unsupported C-terminal modification 'PEA' (only free acid or AMD amidation supported)
24419,b2_excluded_unsupported_terminus,terminus_based,unsupported C-terminal modification 'LEUal' (only free acid or AMD amidation supported)
24422,b2_excluded_unsupported_terminus,terminus_based,unsupported C-terminal modification 'LEUal' (only free acid or AMD amidation supported)
24421,b2_excluded_unsupported_terminus,terminus_based,unsupported C-terminal modification 'LEUal' (only free acid or AMD amidation supported)
24420,b2_excluded_unsupported_terminus,terminus_based,unsupported C-terminal modification 'LEUal' (only free acid or AMD amidation supported)
24441,b5_excluded_unexplained,unexplained_temporal_drift,3 intrachain bonds present -- multi-bond (e.g. multiply-bridged / bicyclic) peptides are out of scope for automated generation in this pass
24466,b4_excluded_nonstandard_bond,bond_based,"unrecognized DBAASP cycleType='LCN' (bond type='EST') -- no known p2smi mapping, flagged for manual review"
24465,b4_excluded_nonstandard_bond,bond_based,"unrecognized DBAASP cycleType='LCN' (bond type='EST') -- no known p2smi mapping, flagged for manual review"
24460,b4_excluded_nonstandard_bond,bond_based,"unrecognized DBAASP cycleType='LCN' (bond type='EST') -- no known p2smi mapping, flagged for manual review"
24468,b4_excluded_nonstandard_bond,bond_based,"unrecognized DBAASP cycleType='LCN' (bond type='EST') -- no known p2smi mapping, flagged for manual review"
24469,b4_excluded_nonstandard_bond,bond_based,"unrecognized DBAASP cycleType='LCN' (bond type='EST') -- no known p2smi mapping, flagged for manual review"
24464,b4_excluded_nonstandard_bond,bond_based,"unrecognized DBAASP cycleType='LCN' (bond type='EST') -- no known p2smi mapping, flagged for manual review"
24462,b4_excluded_nonstandard_bond,bond_based,"unrecognized DBAASP cycleType='LCN' (bond type='EST') -- no known p2smi mapping, flagged for manual review"
24471,b4_excluded_nonstandard_bond,bond_based,"unrecognized DBAASP cycleType='LCN' (bond type='EST') -- no known p2smi mapping, flagged for manual review"
24470,b3_excluded_residue_no_smiles,residue_based,"unrecognized DBAASP cycleType='LCN' (bond type='EST') -- no known p2smi mapping, flagged for manual review"
24474,b3_excluded_residue_no_smiles,residue_based,position 2 ('D-Allo-ILE'): unknown residue code 'D-Allo-ILE': no match in p2smi database (checked Code='ALLO-ILE')
24472,b4_excluded_nonstandard_bond,bond_based,"unrecognized DBAASP cycleType='LCN' (bond type='EST') -- no known p2smi mapping, flagged for manual review"
24461,b4_excluded_nonstandard_bond,bond_based,"unrecognized DBAASP cycleType='LCN' (bond type='EST') -- no known p2smi mapping, flagged for manual review"
24473,b4_excluded_nonstandard_bond,bond_based,"unrecognized DBAASP cycleType='LCN' (bond type='EST') -- no known p2smi mapping, flagged for manual review"
24467,b4_excluded_nonstandard_bond,bond_based,"unrecognized DBAASP cycleType='LCN' (bond type='EST') -- no known p2smi mapping, flagged for manual review"
24463,b4_excluded_nonstandard_bond,bond_based,"unrecognized DBAASP cycleType='LCN' (bond type='EST') -- no known p2smi mapping, flagged for manual review"
24475,b3_excluded_residue_no_smiles,residue_based,"unrecognized DBAASP cycleType='LCN' (bond type='EST') -- no known p2smi mapping, flagged for manual review"
24478,b3_excluded_residue_no_smiles,residue_based,"position 1 ('D-Me-Phe'): unknown residue code 'D-Me-Phe': no match in p2smi database (checked Code='ME-PHE'); position 5 ('D-Allo-ILE'): unknown residue code 'D-Allo-ILE': no match in p2smi database (checked Code='ALLO-ILE'); position 10 ('X'): unresolved residue character, no unusualAminoAcids annotation covers this position"
24480,b3_excluded_residue_no_smiles,residue_based,position 1 ('D-Me-Phe'): unknown residue code 'D-Me-Phe': no match in p2smi database (checked Code='ME-PHE'); position 5 ('D-Allo-ILE'): unknown residue code 'D-Allo-ILE': no match in p2smi database (checked Code='ALLO-ILE')
24476,b3_excluded_residue_no_smiles,residue_based,position 1 ('D-Me-Phe'): unknown residue code 'D-Me-Phe': no match in p2smi database (checked Code='ME-PHE'); position 5 ('D-Allo-ILE'): unknown residue code 'D-Allo-ILE': no match in p2smi database (checked Code='ALLO-ILE')
24482,b3_excluded_residue_no_smiles,residue_based,position 1 ('D-Me-Phe'): unknown residue code 'D-Me-Phe': no match in p2smi database (checked Code='ME-PHE'); position 5 ('D-Allo-ILE'): unknown residue code 'D-Allo-ILE': no match in p2smi database (checked Code='ALLO-ILE')
24477,b3_excluded_residue_no_smiles,residue_based,position 1 ('D-Me-Phe'): unknown residue code 'D-Me-Phe': no match in p2smi database (checked Code='ME-PHE'); position 5 ('D-Allo-ILE'): unknown residue code 'D-Allo-ILE': no match in p2smi database (checked Code='ALLO-ILE')
24492,b3_excluded_residue_no_smiles,residue_based,position 5 ('D-3-OH-ASN'): unknown residue code 'D-3-OH-ASN': no match in p2smi database (checked Code='3-OH-ASN')
24491,b3_excluded_residue_no_smiles,residue_based,position 5 ('D-3-OH-ASN'): unknown residue code 'D-3-OH-ASN': no match in p2smi database (checked Code='3-OH-ASN')
24479,b3_excluded_residue_no_smiles,residue_based,position 1 ('D-Me-Phe'): unknown residue code 'D-Me-Phe': no match in p2smi database (checked Code='ME-PHE'); position 5 ('D-Allo-ILE'): unknown residue code 'D-Allo-ILE': no match in p2smi database (checked Code='ALLO-ILE')
24487,b3_excluded_residue_no_smiles,residue_based,position 1 ('D-Me-Phe'): unknown residue code 'D-Me-Phe': no match in p2smi database (checked Code='ME-PHE'); position 5 ('D-Allo-ILE'): unknown residue code 'D-Allo-ILE': no match in p2smi database (checked Code='ALLO-ILE')
24489,b3_excluded_residue_no_smiles,residue_based,position 5 ('D-3-OH-ASN'): unknown residue code 'D-3-OH-ASN': no match in p2smi database (checked Code='3-OH-ASN')
24483,b3_excluded_residue_no_smiles,residue_based,position 1 ('D-Me-Phe'): unknown residue code 'D-Me-Phe': no match in p2smi database (checked Code='ME-PHE'); position 5 ('D-Allo-ILE'): unknown residue code 'D-Allo-ILE': no match in p2smi database (checked Code='ALLO-ILE')
24486,b3_excluded_residue_no_smiles,residue_based,position 1 ('D-Me-Phe'): unknown residue code 'D-Me-Phe': no match in p2smi database (checked Code='ME-PHE'); position 5 ('D-Allo-ILE'): unknown residue code 'D-Allo-ILE': no match in p2smi database (checked Code='ALLO-ILE')
24493,b3_excluded_residue_no_smiles,residue_based,position 5 ('D-3-OH-ASN'): unknown residue code 'D-3-OH-ASN': no match in p2smi database (checked Code='3-OH-ASN')
24494,b3_excluded_residue_no_smiles,residue_based,position 5 ('3-OH-ASN'): unknown residue code '3-OH-ASN': no match in p2smi database (checked Code='3-OH-ASN')
24481,b3_excluded_residue_no_smiles,residue_based,position 1 ('D-Me-Phe'): unknown residue code 'D-Me-Phe': no match in p2smi database (checked Code='ME-PHE'); position 5 ('D-Allo-ILE'): unknown residue code 'D-Allo-ILE': no match in p2smi database (checked Code='ALLO-ILE')
24488,b3_excluded_residue_no_smiles,residue_based,position 1 ('D-Me-Phe'): unknown residue code 'D-Me-Phe': no match in p2smi database (checked Code='ME-PHE'); position 5 ('D-Allo-ILE'): unknown residue code 'D-Allo-ILE': no match in p2smi database (checked Code='ALLO-ILE')
24485,b3_excluded_residue_no_smiles,residue_based,position 1 ('D-Me-Phe'): unknown residue code 'D-Me-Phe': no match in p2smi database (checked Code='ME-PHE'); position 5 ('D-Allo-ILE'): unknown residue code 'D-Allo-ILE': no match in p2smi database (checked Code='ALLO-ILE')
24490,b3_excluded_residue_no_smiles,residue_based,position 5 ('D-3-OH-ASN'): unknown residue code 'D-3-OH-ASN': no match in p2smi database (checked Code='3-OH-ASN')
24484,b3_excluded_residue_no_smiles,residue_based,position 1 ('D-Me-Phe'): unknown residue code 'D-Me-Phe': no match in p2smi database (checked Code='ME-PHE'); position 5 ('D-Allo-ILE'): unknown residue code 'D-Allo-ILE': no match in p2smi database (checked Code='ALLO-ILE')
24496,b3_excluded_residue_no_smiles,residue_based,position 2 ('D-Me-Leu'): unknown residue code 'D-Me-Leu': no match in p2smi database (checked Code='ME-LEU')
24498,b3_excluded_residue_no_smiles,residue_based,"unrecognized DBAASP cycleType='LCN' (bond type='EST') -- no known p2smi mapping, flagged for manual review"
24497,b3_excluded_residue_no_smiles,residue_based,"unrecognized DBAASP cycleType='LCN' (bond type='EST') -- no known p2smi mapping, flagged for manual review"
24503,b3_excluded_residue_no_smiles,residue_based,position 1 ('D-Me-Phe'): unknown residue code 'D-Me-Phe': no match in p2smi database (checked Code='ME-PHE'); position 5 ('D-Allo-ILE'): unknown residue code 'D-Allo-ILE': no match in p2smi database (checked Code='ALLO-ILE')
24499,b3_excluded_residue_no_smiles,residue_based,position 1 ('D-Me-Phe'): unknown residue code 'D-Me-Phe': no match in p2smi database (checked Code='ME-PHE'); position 5 ('D-Allo-ILE'): unknown residue code 'D-Allo-ILE': no match in p2smi database (checked Code='ALLO-ILE')
24500,b3_excluded_residue_no_smiles,residue_based,position 1 ('D-Me-Phe'): unknown residue code 'D-Me-Phe': no match in p2smi database (checked Code='ME-PHE'); position 5 ('D-Allo-ILE'): unknown residue code 'D-Allo-ILE': no match in p2smi database (checked Code='ALLO-ILE')
24508,b3_excluded_residue_no_smiles,residue_based,position 1 ('D-Me-Phe'): unknown residue code 'D-Me-Phe': no match in p2smi database (checked Code='ME-PHE'); position 5 ('D-Allo-ILE'): unknown residue code 'D-Allo-ILE': no match in p2smi database (checked Code='ALLO-ILE')
24502,b3_excluded_residue_no_smiles,residue_based,position 1 ('D-Me-Phe'): unknown residue code 'D-Me-Phe': no match in p2smi database (checked Code='ME-PHE'); position 5 ('D-Allo-ILE'): unknown residue code 'D-Allo-ILE': no match in p2smi database (checked Code='ALLO-ILE')
24505,b3_excluded_residue_no_smiles,residue_based,position 1 ('D-Me-Phe'): unknown residue code 'D-Me-Phe': no match in p2smi database (checked Code='ME-PHE'); position 5 ('D-Allo-ILE'): unknown residue code 'D-Allo-ILE': no match in p2smi database (checked Code='ALLO-ILE')
24501,b3_excluded_residue_no_smiles,residue_based,position 1 ('D-Me-Phe'): unknown residue code 'D-Me-Phe': no match in p2smi database (checked Code='ME-PHE'); position 5 ('D-Allo-ILE'): unknown residue code 'D-Allo-ILE': no match in p2smi database (checked Code='ALLO-ILE')
24507,b3_excluded_residue_no_smiles,residue_based,position 1 ('D-Me-Phe'): unknown residue code 'D-Me-Phe': no match in p2smi database (checked Code='ME-PHE'); position 5 ('D-Allo-ILE'): unknown residue code 'D-Allo-ILE': no match in p2smi database (checked Code='ALLO-ILE')
24506,b3_excluded_residue_no_smiles,residue_based,position 1 ('D-Me-Phe'): unknown residue code 'D-Me-Phe': no match in p2smi database (checked Code='ME-PHE'); position 5 ('D-Allo-ILE'): unknown residue code 'D-Allo-ILE': no match in p2smi database (checked Code='ALLO-ILE')
24504,b3_excluded_residue_no_smiles,residue_based,position 1 ('D-Me-Phe'): unknown residue code 'D-Me-Phe': no match in p2smi database (checked Code='ME-PHE'); position 5 ('D-Allo-ILE'): unknown residue code 'D-Allo-ILE': no match in p2smi database (checked Code='ALLO-ILE')
24532,b2_excluded_unsupported_terminus,terminus_based,unsupported N-terminal modification 'C8' (only free amine or ACT acetylation supported)
24531,b2_excluded_unsupported_terminus,terminus_based,unsupported N-terminal modification 'C8' (only free amine or ACT acetylation supported)
24533,b2_excluded_unsupported_terminus,terminus_based,unsupported N-terminal modification 'C8' (only free amine or ACT acetylation supported)
24539,b2_excluded_unsupported_terminus,terminus_based,unsupported N-terminal modification 'C6' (only free amine or ACT acetylation supported)
24538,b2_excluded_unsupported_terminus,terminus_based,unsupported N-terminal modification 'C4' (only free amine or ACT acetylation supported)
24544,b2_excluded_unsupported_terminus,terminus_based,unsupported N-terminal modification 'C16' (only free amine or ACT acetylation supported)
24547,b2_excluded_unsupported_terminus,terminus_based,unsupported N-terminal modification '2-Me-CIN' (only free amine or ACT acetylation supported)
24545,b2_excluded_unsupported_terminus,terminus_based,unsupported N-terminal modification 'C18' (only free amine or ACT acetylation supported)
24543,b2_excluded_unsupported_terminus,terminus_based,unsupported N-terminal modification 'C14' (only free amine or ACT acetylation supported)
24542,b2_excluded_unsupported_terminus,terminus_based,unsupported N-terminal modification 'C12' (only free amine or ACT acetylation supported)
24540,b2_excluded_unsupported_terminus,terminus_based,unsupported N-terminal modification 'C8' (only free amine or ACT acetylation supported)
24548,b2_excluded_unsupported_terminus,terminus_based,unsupported N-terminal modification 'C12' (only free amine or ACT acetylation supported)
24541,b2_excluded_unsupported_terminus,terminus_based,unsupported N-terminal modification 'C10' (only free amine or ACT acetylation supported)
24546,b2_excluded_unsupported_terminus,terminus_based,unsupported N-terminal modification '2-Me-CIN' (only free amine or ACT acetylation supported)
24550,b2_excluded_unsupported_terminus,terminus_based,unsupported N-terminal modification 'C12' (only free amine or ACT acetylation supported)
24551,b2_excluded_unsupported_terminus,terminus_based,unsupported N-terminal modification 'C12' (only free amine or ACT acetylation supported)
24549,b2_excluded_unsupported_terminus,terminus_based,unsupported N-terminal modification 'C12' (only free amine or ACT acetylation supported)
24553,b2_excluded_unsupported_terminus,terminus_based,unsupported N-terminal modification 'C12' (only free amine or ACT acetylation supported)
24557,b2_excluded_unsupported_terminus,terminus_based,unsupported N-terminal modification '2-Me-CIN' (only free amine or ACT acetylation supported)
24552,b2_excluded_unsupported_terminus,terminus_based,unsupported N-terminal modification 'C12' (only free amine or ACT acetylation supported)
24556,b2_excluded_unsupported_terminus,terminus_based,unsupported N-terminal modification '2-Me-CIN' (only free amine or ACT acetylation supported)
24555,b2_excluded_unsupported_terminus,terminus_based,unsupported N-terminal modification '2-Me-CIN' (only free amine or ACT acetylation supported)
24560,b2_excluded_unsupported_terminus,terminus_based,unsupported N-terminal modification '2-Me-CIN' (only free amine or ACT acetylation supported)
24558,b2_excluded_unsupported_terminus,terminus_based,unsupported N-terminal modification '2-Me-CIN' (only free amine or ACT acetylation supported)
24561,b2_excluded_unsupported_terminus,terminus_based,unsupported N-terminal modification '2-Me-CIN' (only free amine or ACT acetylation supported)
24567,b2_excluded_unsupported_terminus,terminus_based,unsupported N-terminal modification '4-F-CIN' (only free amine or ACT acetylation supported)
24570,b2_excluded_unsupported_terminus,terminus_based,unsupported C-terminal modification 'A(P)' (only free acid or AMD amidation supported)
24562,b2_excluded_unsupported_terminus,terminus_based,unsupported N-terminal modification '2-Me-CIN' (only free amine or ACT acetylation supported)
24554,b2_excluded_unsupported_terminus,terminus_based,unsupported N-terminal modification '2-Me-CIN' (only free amine or ACT acetylation supported)
24566,b2_excluded_unsupported_terminus,terminus_based,unsupported N-terminal modification '4-F-CIN' (only free amine or ACT acetylation supported)
24559,b2_excluded_unsupported_terminus,terminus_based,unsupported N-terminal modification '2-Me-CIN' (only free amine or ACT acetylation supported)
24572,b2_excluded_unsupported_terminus,terminus_based,unsupported C-terminal modification 'RIM' (only free acid or AMD amidation supported)
24565,b2_excluded_unsupported_terminus,terminus_based,unsupported N-terminal modification '2-Me-CIN' (only free amine or ACT acetylation supported)
24571,b2_excluded_unsupported_terminus,terminus_based,unsupported C-terminal modification 'RIM' (only free acid or AMD amidation supported)
24564,b2_excluded_unsupported_terminus,terminus_based,unsupported N-terminal modification '2-Me-CIN' (only free amine or ACT acetylation supported)
24563,b2_excluded_unsupported_terminus,terminus_based,unsupported N-terminal modification '2-Me-CIN' (only free amine or ACT acetylation supported)
24574,b2_excluded_unsupported_terminus,terminus_based,unsupported C-terminal modification 'RIM' (only free acid or AMD amidation supported)
24573,b2_excluded_unsupported_terminus,terminus_based,unsupported C-terminal modification 'RIM' (only free acid or AMD amidation supported)
24579,b2_excluded_unsupported_terminus,terminus_based,unsupported C-terminal modification 'RIM' (only free acid or AMD amidation supported)
24577,b2_excluded_unsupported_terminus,terminus_based,unsupported C-terminal modification 'RIM' (only free acid or AMD amidation supported)
24578,b2_excluded_unsupported_terminus,terminus_based,unsupported C-terminal modification 'RIM' (only free acid or AMD amidation supported)
24576,b2_excluded_unsupported_terminus,terminus_based,unsupported C-terminal modification 'RIM' (only free acid or AMD amidation supported)
24585,b2_excluded_unsupported_terminus,terminus_based,unsupported N-terminal modification 'AdAcA' (only free amine or ACT acetylation supported)
24582,b2_excluded_unsupported_terminus,terminus_based,unsupported N-terminal modification 'AdAcA' (only free amine or ACT acetylation supported)
24587,b2_excluded_unsupported_terminus,terminus_based,unsupported N-terminal modification 'AdAcA' (only free amine or ACT acetylation supported)
24584,b2_excluded_unsupported_terminus,terminus_based,unsupported N-terminal modification 'AdAcA' (only free amine or ACT acetylation supported)
24575,b2_excluded_unsupported_terminus,terminus_based,unsupported C-terminal modification 'RIM' (only free acid or AMD amidation supported)
24581,b2_excluded_unsupported_terminus,terminus_based,unsupported N-terminal modification 'AdAcA' (only free amine or ACT acetylation supported)
24586,b2_excluded_unsupported_terminus,terminus_based,unsupported N-terminal modification 'AdAcA' (only free amine or ACT acetylation supported)
24591,b3_excluded_residue_no_smiles,residue_based,position 3 ('1(N)-BIP-TRP'): unknown residue code '1(N)-BIP-TRP': no match in p2smi database (checked Code='1(N)-BIP-TRP')
24583,b2_excluded_unsupported_terminus,terminus_based,unsupported N-terminal modification 'AdAcA' (only free amine or ACT acetylation supported)
24580,b2_excluded_unsupported_terminus,terminus_based,unsupported N-terminal modification 'AdAcA' (only free amine or ACT acetylation supported)
24590,b2_excluded_unsupported_terminus,terminus_based,unsupported N-terminal modification 'AdAcA' (only free amine or ACT acetylation supported)
24588,b2_excluded_unsupported_terminus,terminus_based,unsupported N-terminal modification 'AdAcA' (only free amine or ACT acetylation supported)
24589,b2_excluded_unsupported_terminus,terminus_based,unsupported N-terminal modification 'AdAcA' (only free amine or ACT acetylation supported)
24594,b3_excluded_residue_no_smiles,residue_based,position 3 ('1(N)-BIP-TRP'): unknown residue code '1(N)-BIP-TRP': no match in p2smi database (checked Code='1(N)-BIP-TRP')
24592,b3_excluded_residue_no_smiles,residue_based,position 3 ('1(N)-BIP-TRP'): unknown residue code '1(N)-BIP-TRP': no match in p2smi database (checked Code='1(N)-BIP-TRP')
24593,b3_excluded_residue_no_smiles,residue_based,position 3 ('1(N)-BIP-TRP'): unknown residue code '1(N)-BIP-TRP': no match in p2smi database (checked Code='1(N)-BIP-TRP')
24598,b3_excluded_residue_no_smiles,residue_based,position 3 ('1(N)-BIP-TRP'): unknown residue code '1(N)-BIP-TRP': no match in p2smi database (checked Code='1(N)-BIP-TRP')
24596,b3_excluded_residue_no_smiles,residue_based,position 3 ('1(N)-BIP-TRP'): unknown residue code '1(N)-BIP-TRP': no match in p2smi database (checked Code='1(N)-BIP-TRP')
24595,b3_excluded_residue_no_smiles,residue_based,position 3 ('1(N)-BIP-TRP'): unknown residue code '1(N)-BIP-TRP': no match in p2smi database (checked Code='1(N)-BIP-TRP')
24597,b3_excluded_residue_no_smiles,residue_based,position 3 ('1(N)-BIP-TRP'): unknown residue code '1(N)-BIP-TRP': no match in p2smi database (checked Code='1(N)-BIP-TRP')
24602,b3_excluded_residue_no_smiles,residue_based,position 3 ('1(N)-BIP-TRP'): unknown residue code '1(N)-BIP-TRP': no match in p2smi database (checked Code='1(N)-BIP-TRP')
24599,b3_excluded_residue_no_smiles,residue_based,position 3 ('1(N)-BIP-TRP'): unknown residue code '1(N)-BIP-TRP': no match in p2smi database (checked Code='1(N)-BIP-TRP')
24606,b3_excluded_residue_no_smiles,residue_based,position 3 ('1(N)-BIP-TRP'): unknown residue code '1(N)-BIP-TRP': no match in p2smi database (checked Code='1(N)-BIP-TRP')
24601,b3_excluded_residue_no_smiles,residue_based,position 3 ('1(N)-BIP-TRP'): unknown residue code '1(N)-BIP-TRP': no match in p2smi database (checked Code='1(N)-BIP-TRP')
24607,b3_excluded_residue_no_smiles,residue_based,position 3 ('1(N)-BIP-TRP'): unknown residue code '1(N)-BIP-TRP': no match in p2smi database (checked Code='1(N)-BIP-TRP')
24604,b3_excluded_residue_no_smiles,residue_based,position 3 ('1(N)-BIP-TRP'): unknown residue code '1(N)-BIP-TRP': no match in p2smi database (checked Code='1(N)-BIP-TRP')
24613,b3_excluded_residue_no_smiles,residue_based,position 3 ('1(N)-BIP-TRP'): unknown residue code '1(N)-BIP-TRP': no match in p2smi database (checked Code='1(N)-BIP-TRP')
24600,b3_excluded_residue_no_smiles,residue_based,position 3 ('1(N)-BIP-TRP'): unknown residue code '1(N)-BIP-TRP': no match in p2smi database (checked Code='1(N)-BIP-TRP')
24605,b3_excluded_residue_no_smiles,residue_based,position 3 ('1(N)-BIP-TRP'): unknown residue code '1(N)-BIP-TRP': no match in p2smi database (checked Code='1(N)-BIP-TRP')
24608,b3_excluded_residue_no_smiles,residue_based,position 3 ('1(N)-BIP-TRP'): unknown residue code '1(N)-BIP-TRP': no match in p2smi database (checked Code='1(N)-BIP-TRP')
24603,b3_excluded_residue_no_smiles,residue_based,position 3 ('1(N)-BIP-TRP'): unknown residue code '1(N)-BIP-TRP': no match in p2smi database (checked Code='1(N)-BIP-TRP')
24612,b4_excluded_nonstandard_bond,bond_based,2 intrachain bonds present -- multi-bond (e.g. multiply-bridged / bicyclic) peptides are out of scope for automated generation in this pass
24610,b3_excluded_residue_no_smiles,residue_based,position 3 ('1(N)-BIP-TRP'): unknown residue code '1(N)-BIP-TRP': no match in p2smi database (checked Code='1(N)-BIP-TRP')
24611,b4_excluded_nonstandard_bond,bond_based,2 intrachain bonds present -- multi-bond (e.g. multiply-bridged / bicyclic) peptides are out of scope for automated generation in this pass
24609,b3_excluded_residue_no_smiles,residue_based,position 3 ('1(N)-BIP-TRP'): unknown residue code '1(N)-BIP-TRP': no match in p2smi database (checked Code='1(N)-BIP-TRP')
24668,b2_excluded_unsupported_terminus,terminus_based,unsupported N-terminal modification '4-BCA' (only free amine or ACT acetylation supported)
24670,b2_excluded_unsupported_terminus,terminus_based,unsupported N-terminal modification '4-C8-Bz' (only free amine or ACT acetylation supported)
24679,b2_excluded_unsupported_terminus,terminus_based,unsupported N-terminal modification '4-Br-Bz' (only free amine or ACT acetylation supported)
24683,b2_excluded_unsupported_terminus,terminus_based,unsupported N-terminal modification '2-Cl-6-Br-Bz' (only free amine or ACT acetylation supported)
24685,b2_excluded_unsupported_terminus,terminus_based,unsupported N-terminal modification 'I2CA' (only free amine or ACT acetylation supported)
24667,b1_excluded_non_monomer,out_of_scope,"non-monomer complexity (dimer/multi-peptide) -- not a single-chain SMILES peptide, out of scope for this dataset"
24671,b1_excluded_non_monomer,out_of_scope,"non-monomer complexity (dimer/multi-peptide) -- not a single-chain SMILES peptide, out of scope for this dataset"
24669,b1_excluded_non_monomer,out_of_scope,"non-monomer complexity (dimer/multi-peptide) -- not a single-chain SMILES peptide, out of scope for this dataset"
24680,b1_excluded_non_monomer,out_of_scope,"non-monomer complexity (dimer/multi-peptide) -- not a single-chain SMILES peptide, out of scope for this dataset"
24703,b3_excluded_residue_no_smiles,residue_based,position 5 ('DIP'): unknown residue code 'DIP': no match in p2smi database (checked Code='DIP'); position 6 ('DIP'): unknown residue code 'DIP': no match in p2smi database (checked Code='DIP')
24704,b3_excluded_residue_no_smiles,residue_based,position 4 ('DIP'): unknown residue code 'DIP': no match in p2smi database (checked Code='DIP'); position 6 ('DIP'): unknown residue code 'DIP': no match in p2smi database (checked Code='DIP')
24665,b1_excluded_non_monomer,out_of_scope,"non-monomer complexity (dimer/multi-peptide) -- not a single-chain SMILES peptide, out of scope for this dataset"
24707,b3_excluded_residue_no_smiles,residue_based,position 4 ('DIP'): unknown residue code 'DIP': no match in p2smi database (checked Code='DIP'); position 5 ('DIP'): unknown residue code 'DIP': no match in p2smi database (checked Code='DIP')
24702,b3_excluded_residue_no_smiles,residue_based,position 5 ('DIP'): unknown residue code 'DIP': no match in p2smi database (checked Code='DIP'); position 6 ('DIP'): unknown residue code 'DIP': no match in p2smi database (checked Code='DIP')
24706,b3_excluded_residue_no_smiles,residue_based,position 4 ('DIP'): unknown residue code 'DIP': no match in p2smi database (checked Code='DIP'); position 5 ('DIP'): unknown residue code 'DIP': no match in p2smi database (checked Code='DIP')
24684,b1_excluded_non_monomer,out_of_scope,"non-monomer complexity (dimer/multi-peptide) -- not a single-chain SMILES peptide, out of scope for this dataset"
24686,b1_excluded_non_monomer,out_of_scope,"non-monomer complexity (dimer/multi-peptide) -- not a single-chain SMILES peptide, out of scope for this dataset"
24705,b3_excluded_residue_no_smiles,residue_based,position 4 ('DIP'): unknown residue code 'DIP': no match in p2smi database (checked Code='DIP'); position 6 ('DIP'): unknown residue code 'DIP': no match in p2smi database (checked Code='DIP')
24682,b1_excluded_non_monomer,out_of_scope,"non-monomer complexity (dimer/multi-peptide) -- not a single-chain SMILES peptide, out of scope for this dataset"
8244,b1_excluded_non_monomer,out_of_scope,"non-monomer complexity (dimer/multi-peptide) -- not a single-chain SMILES peptide, out of scope for this dataset"
